,action,observation.effort,observation.state,observation.qvel,timestamp,frame_index,episode_index,index,task_index
0,"[-0.77471477 -0.42089885  0.45596159  1.4733096   0.15023348  1.6137117
 -0.42914099  0.        ]","[ 1.7066886e-05 -9.2452631e+00 -3.4357398e+00  1.4642635e+01
 -2.1467115e-01 -1.9993348e+00  1.1904951e-03  0.0000000e+00]","[-0.77457976 -0.42086872  0.45586458  1.4732927   0.15016904  1.6136998
 -0.429087    0.        ]","[-1.0614599e-03 -1.7120321e-04  4.4512836e-04 -9.8334035e-16
  4.1088770e-04  6.8481284e-05 -2.3968449e-04  0.0000000e+00]",0.0,0,124,74400,0
1,"[-0.774749   -0.42090473  0.4559829   1.4733104   0.15024851  1.6137136
 -0.42915577  0.        ]","[ 1.7066886e-05 -9.2117634e+00 -3.4357398e+00  1.4642635e+01
 -2.1467115e-01 -1.9993348e+00  1.1904951e-03  0.0000000e+00]","[-0.77459896 -0.42087257  0.455878    1.4732927   0.15017672  1.6137018
 -0.4290966   0.        ]","[-1.1984225e-03 -2.0544385e-04  6.1633158e-04 -9.8334035e-16
  5.1360962e-04  6.8481284e-05 -3.7664708e-04  0.0000000e+00]",0.033333335,1,124,74401,0
2,"[-0.77476674 -0.42090854  0.45599383  1.4733106   0.1502554   1.613715
 -0.429164    0.        ]","[ 1.7066886e-05 -9.2955132e+00 -3.4357398e+00  1.4642635e+01
 -2.1467115e-01 -1.9993348e+00  1.1904951e-03  0.0000000e+00]","[-0.7746181  -0.42087638  0.45589718  1.4732927   0.15018822  1.6137037
 -0.42911002  0.        ]","[-5.8209093e-04 -1.3696257e-04  5.1360962e-04 -9.8334035e-16
  3.0816579e-04  6.8481284e-05 -3.7664708e-04  0.0000000e+00]",0.06666667,2,124,74402,0
3,"[-0.7748592  -0.42055917  0.45600408  1.474035    0.15022762  1.6135372
 -0.42916545  0.        ]","[ 1.7066886e-05 -9.2620134e+00 -3.4357398e+00  1.4642635e+01
 -2.1467115e-01 -1.9993348e+00  1.1904951e-03  0.0000000e+00]","[-0.7746258  -0.42087832  0.45590293  1.4732927   0.15019205  1.6137037
 -0.42911386  0.        ]","[-4.10887704e-04 -1.02721926e-04  4.10887704e-04 -9.83340348e-16
  2.39684494e-04  3.42406420e-05 -3.08165792e-04  0.00000000e+00]",0.1,3,124,74403,0
4,"[-0.7747894  -0.4212474   0.45586726  1.4746351   0.15034696  1.6139652
 -0.4291382   0.        ]","[-1.7913922e-05 -9.2285385e+00 -3.4364839e+00  1.4642407e+01
 -2.1465014e-01 -1.9993368e+00  1.1904743e-03  0.0000000e+00]","[-0.7746354  -0.42088214  0.4559106   1.4732927   0.1501959   1.6137056
 -0.4291177   0.        ]","[-3.08165792e-04 -1.02721926e-04  2.39684494e-04 -9.83340348e-16
  1.36962568e-04  3.42406420e-05 -1.36962568e-04  0.00000000e+00]",0.13333334,4,124,74404,0
5,"[-0.7746698  -0.42177254  0.45601577  1.4753458   0.1505095   1.6142709
 -0.42898244  0.        ]","[-1.7913922e-05 -9.2452879e+00 -3.4364839e+00  1.4642407e+01
 -2.1465014e-01 -1.9993368e+00  1.1904743e-03  0.0000000e+00]","[-0.7746526  -0.42088407  0.45591444  1.4732927   0.1501978   1.6137075
 -0.42911962  0.        ]","[-4.45128360e-04 -6.84812840e-05  1.71203210e-04 -9.83340348e-16
  1.02721926e-04  6.84812840e-05 -6.84812840e-05  0.00000000e+00]",0.16666667,5,124,74405,0
6,"[-0.7740306  -0.42391348  0.45629475  1.4760271   0.15095672  1.6155484
 -0.42850703  0.        ]","[ 8.1739435e-04 -1.8996010e+01 -3.4323108e+00  1.4638219e+01
 -2.1434291e-01 -1.9995430e+00  1.1930506e-03  0.0000000e+00]","[-0.7747293  -0.42089748  0.4559566   1.4732927   0.15023233  1.6137094
 -0.42914262  0.        ]","[-1.3353850e-03 -2.0544385e-04  7.5329415e-04 -9.8334035e-16
  6.1633158e-04  3.4240642e-05 -3.7664708e-04  0.0000000e+00]",0.2,6,124,74406,0
7,"[-0.77375454 -0.42468724  0.45654988  1.4769331   0.15119657  1.6161851
 -0.42821223  0.        ]","[ 1.0324728e-02 -8.5118322e+00 -3.4307826e+00  2.0879025e+01
 -2.1402541e-01 -2.0003562e+00  1.1926335e-03  0.0000000e+00]","[-0.7747907  -0.42089748  0.45597386  1.4735209   0.15025726  1.613719
 -0.42915988  0.        ]","[-9.9297869e-04 -1.0864325e-15  2.3968449e-04  4.0746364e-03
  3.7664708e-04  1.7120321e-04 -2.3968449e-04  0.0000000e+00]",0.23333333,7,124,74407,0
8,"[-0.77317977 -0.42677742  0.45694128  1.4775683   0.15172443  1.6176982
 -0.42771178  0.        ]","[-3.9414410e-02 -9.8210106e+00 -3.4702404e+00  2.1427626e+01
 -2.1845958e-01 -1.9977545e+00  1.2092113e-03  0.0000000e+00]","[-0.77479833 -0.4209224   0.45597386  1.4736915   0.15027642  1.6137497
 -0.42916182  0.        ]","[-0.00082178 -0.00044513  0.00013696  0.0065742   0.00065057  0.00071905
 -0.00020544  0.        ]",0.26666668,8,124,74408,0
9,"[-0.7731617  -0.42735848  0.45706066  1.4779196   0.15199341  1.6184492
 -0.42745596  0.        ]","[ 4.0388830e-02 -9.8795280e+00 -3.4069359e+00  2.9311073e+01
 -2.1091476e-01 -1.9995108e+00  1.1901857e-03  0.0000000e+00]","[-0.7748003  -0.42122346  0.4559758   1.4743282   0.15036654  1.6139663
 -0.42916182  0.        ]","[-1.7120321e-04 -5.8209090e-03  3.4240642e-05  1.4415311e-02
  1.9517166e-03  4.4170427e-03 -3.4240642e-05  0.0000000e+00]",0.3,9,124,74409,0
10,"[-0.77245665 -0.42885345  0.45785022  1.4784083   0.15253     1.6197157
 -0.42654356  0.        ]","[ 8.7925196e-02 -1.0364557e+01 -3.3972318e+00  2.1866888e+01
 -2.0806670e-01 -2.0118263e+00  1.1894056e-03  0.0000000e+00]","[-0.7748003  -0.42165872  0.45599112  1.4747691   0.15046626  1.6142426
 -0.42915797  0.        ]","[ 3.5209929e-15 -1.2018465e-02  3.0816579e-04  1.6024621e-02
  3.0131766e-03  7.6356633e-03  6.8481284e-05  0.0000000e+00]",0.33333334,10,124,74410,0
11,"[-0.7724159  -0.42915595  0.45784965  1.4785589   0.15273342  1.6204743
 -0.42625374  0.        ]","[ 2.3366070e-01 -8.6973562e+00 -3.2767441e+00  2.1787468e+01
 -1.9314750e-01 -3.1381073e+00  1.1600269e-03  0.0000000e+00]","[-0.77424806 -0.42419747  0.4563497   1.476236    0.15102808  1.6158551
 -0.42850602  0.        ]","[ 0.00883409 -0.03081658  0.00534154  0.01869539  0.00671117  0.01982533
  0.00931345  0.        ]",0.36666667,11,124,74411,0
12,"[-0.7715123  -0.4306862   0.4592021   1.4777867   0.1534079   1.6217659
 -0.42499548  0.        ]","[-3.403063   -8.002963   -3.1016972  20.496748   -0.17117703 -3.2099156
  0.5097353   0.        ]","[-0.77370924 -0.42568544  0.45670444  1.4770414   0.15140773  1.6168771
 -0.42808035  0.        ]","[ 0.01112821 -0.03122747  0.00743022  0.01705184  0.00790959  0.02160585
  0.00927921  0.        ]",0.4,12,124,74412,0
13,"[-0.77079976 -0.43188295  0.4602648   1.4765506   0.15394397  1.6228768
 -0.42396146  0.        ]","[-0.02784055 -9.381432   -3.5248163  21.332016   -0.22031625 -2.787283
  0.3880897   0.        ]","[-0.77328545 -0.4268915   0.45710135  1.4776013   0.15183917  1.6179816
 -0.4274955   0.        ]","[ 0.00962162 -0.02674194  0.00845744  0.01277176  0.00903953  0.02280427
  0.01198423  0.        ]",0.43333334,13,124,74413,0
14,"[-0.7696897  -0.43352264  0.46199912  1.4748248   0.1546264   1.6239771
 -0.42258945  0.        ]","[-2.8581097  -8.921828   -3.066658   21.004461   -0.89415574 -2.9832802
  0.13809633  0.        ]","[-0.77299976 -0.42760098  0.45737746  1.4778888   0.15210953  1.6186451
 -0.42711395  0.        ]","[ 0.01016947 -0.02732403  0.00958738  0.01116245  0.01006675  0.02564624
  0.01414139  0.        ]",0.46666667,14,124,74414,0
15,"[-0.76840526 -0.43567726  0.4639364   1.47306     0.15545237  1.6252757
 -0.42091402  0.        ]","[-0.25566217 -8.404039   -3.729928   27.507456   -0.24506849 -0.21053629
 -0.11733006  0.        ]","[-0.7727198  -0.42837372  0.45761523  1.4782282   0.15239523  1.6194983
 -0.4266806   0.        ]","[ 0.00777263 -0.02037318  0.00671117  0.00890257  0.00736174  0.02133192
  0.01102549  0.        ]",0.5,15,124,74415,0
16,"[-0.76820284 -0.43617874  0.46429777  1.4728343   0.15569027  1.6256813
 -0.42040813  0.        ]","[ 0.59267336 -8.655087   -2.9455125  27.322933   -0.14994887 -3.1521208
 -0.22164342  0.        ]","[-0.772599   -0.42873806  0.45777437  1.4782609   0.15255247  1.6199336
 -0.4264179   0.        ]","[ 0.00575243 -0.0170176   0.00602635  0.0053073   0.00664268  0.02027046
  0.01095701  0.        ]",0.53333336,16,124,74416,0
17,"[-0.76730657 -0.43800354  0.46580726  1.4711215   0.15647887  1.62655
 -0.41866595  0.        ]","[ 1.3139293  -8.681847   -6.1438527  14.869909   -0.03262892 -3.4637687
 -0.3866532   0.        ]","[-0.7721369  -0.4296431   0.45843974  1.478211    0.15295705  1.6208444
 -0.4257065   0.        ]","[ 0.00986131 -0.02051014  0.01420987 -0.00075329  0.00924497  0.02170857
  0.01623007  0.        ]",0.56666666,17,124,74417,0
18,"[-0.76573676 -0.44047937  0.46825233  1.4689674   0.15747035  1.6274744
 -0.4166114   0.        ]","[-1.7173864  -9.335889   -6.001743   14.247353   -1.0983335  -0.5171697
 -0.30721885  0.        ]","[-0.7718071  -0.43021834  0.4589306   1.4780173   0.15322359  1.6213889
 -0.42524058  0.        ]","[ 0.01335385 -0.02455054  0.01982533 -0.00434856  0.01133365  0.0245163
  0.01996229  0.        ]",0.6,18,124,74418,0
19,"[-0.76310873 -0.44557258  0.47185445  1.4672579   0.15927355  1.6297361
 -0.41296527  0.        ]","[-1.9852353  -9.357497   -6.2480016  18.241024   -1.4374967  -2.8604317
 -0.01850751  0.        ]","[-0.7707467  -0.43193638  0.4605106   1.4765524   0.15395798  1.6227714
 -0.4238504   0.        ]","[ 0.01893508 -0.03067962  0.02821429 -0.02615985  0.01311417  0.0246875
  0.02482447  0.        ]",0.6333333,19,124,74419,0
20,"[-0.76142496 -0.4488879   0.47442663  1.4659991   0.16057645  1.6310381
 -0.41030014  0.        ]","[  9.39868    -19.218494     3.1609652   18.308863     2.019825
   0.42158648   0.25711688   0.        ]","[-0.7692396  -0.43447322  0.46277708  1.4743071   0.15499341  1.6244415
 -0.42180827  0.        ]","[ 0.02318092 -0.03882889  0.03537058 -0.03478849  0.0159219   0.02602289
  0.03211772  0.        ]",0.6666667,20,124,74420,0
21,"[-0.75938034 -0.4524692   0.47756544  1.4634659   0.16193525  1.6323588
 -0.4074039   0.        ]","[ 9.8676796e+00 -1.9302244e+01  3.6909902e+00  1.8065336e+01
  2.1201000e+00  3.3758646e-01 -8.8831289e-03  0.0000000e+00]","[-0.7688714  -0.4351712   0.46335617  1.4737068   0.1552542   1.6248807
 -0.4211717   0.        ]","[ 0.02348908 -0.04081485  0.03550754 -0.03489121  0.01602462  0.02633105
  0.03485698  0.        ]",0.7,21,124,74421,0
22,"[-0.7580949  -0.45550326  0.47962862  1.4608487   0.16324063  1.6334157
 -0.40432805  0.        ]","[-1.1608193  -9.231404   -6.577026   10.601623   -1.3461815  -3.320315
  0.26558408  0.        ]","[-0.7675254  -0.43764472  0.4655996   1.4715152   0.15627238  1.6262344
 -0.41901836  0.        ]","[ 0.02253034 -0.04112301  0.03759623 -0.03653476  0.01653823  0.02235914
  0.03574723  0.        ]",0.73333335,22,124,74422,0
23,"[-0.7529621  -0.46418965  0.48751324  1.454463    0.16672513  1.6365826
 -0.39715254  0.        ]","[  0.29007027 -10.336959    -4.90269     19.076653    -0.5661932
  -3.6352603    0.28101355   0.        ]","[-0.76611984 -0.44024098  0.46774334  1.4698527   0.15725413  1.6274942
 -0.416819    0.        ]","[ 0.03228893 -0.05861998  0.05019678 -0.04047244  0.02222218  0.02852246
  0.04971741  0.        ]",0.76666665,23,124,74423,0
24,"[-0.7511084  -0.4678201   0.49052024  1.4518056   0.16822268  1.63775
 -0.39388344  0.        ]","[-1.2800046e+00 -8.8087158e+00 -6.0483146e+00  1.7814194e+01
 -9.4462681e-01 -2.6107893e+00 -1.2897464e-02  0.0000000e+00]","[-0.76228875 -0.44714388  0.47323117  1.4664894   0.1599079   1.6302419
 -0.41152295  0.        ]","[ 0.04211599 -0.07710993  0.06337943 -0.03728806  0.03033721  0.03013176
  0.05974992  0.        ]",0.8,24,124,74424,0
25,"[-0.7489963  -0.47787318  0.49471888  1.4424322   0.17285568  1.6391726
 -0.38276985  0.        ]","[ -6.1322002  -0.8943348 -11.2451315  17.36588    -2.6153092  -3.257416
  -0.919111    0.       ]","[-0.7515183  -0.4669495   0.4897272   1.4526951   0.16782708  1.6373538
 -0.39482749  0.        ]","[ 0.03067962 -0.05536712  0.04273232 -0.03389823  0.02040742  0.01766817
  0.0404382   0.        ]",0.8333333,25,124,74425,0
26,"[-0.73413384 -0.50488776  0.51078916  1.4477063   0.18135367  1.6525999
 -0.36910343  0.        ]","[ -5.67995     -0.22433476 -12.133282    18.411604     1.8321435
  -0.87073416  -0.933111     0.        ]","[-0.75122875 -0.46759185  0.49026603  1.4522004   0.16804184  1.6375859
 -0.39429635  0.        ]","[ 0.0104434  -0.02044166  0.0168464  -0.01369626  0.00695085  0.00681389
  0.01640127  0.        ]",0.8666667,26,124,74426,0
27,"[-0.7261908  -0.52145094  0.5185314   1.4526421   0.18674754  1.6603653
 -0.3602664   0.        ]","[-6.8524499e+00 -2.1505847e+00 -1.2849531e+01  1.7899361e+01
  1.8321435e+00 -8.7073416e-01 -7.1563496e-04  0.0000000e+00]","[-0.75110024 -0.46768582  0.49045777  1.4520164   0.16814156  1.6376511
 -0.3941276   0.        ]","[ 0.00506762 -0.00818351  0.00962162 -0.0085944   0.00393767  0.00349255
  0.00897105  0.        ]",0.9,27,124,74427,0
28,"[-0.7250133  -0.5263929   0.52026606  1.4504184   0.1892316   1.6621917
 -0.35530487  0.        ]","[-1.052982   -8.79345    -4.4015403  13.443451    0.08109865 -3.4623306
 -0.9905957   0.        ]","[-0.75014156 -0.47274604  0.4924903   1.4475026   0.1705595   1.6387651
 -0.388193    0.        ]","[ 0.01708608 -0.0892996   0.03708262 -0.07515821  0.04208175  0.01866115
  0.10049628  0.        ]",0.93333334,28,124,74428,0
29,"[-0.718696   -0.5387717   0.52904505  1.4466335   0.19486015  1.6690726
 -0.3444568   0.        ]","[ 21.30244   -36.7292     13.1225395  16.534988    9.079049    0.8563919
   4.3109226   0.       ]","[-0.7482164  -0.4772713   0.4950923   1.446797    0.17229672  1.6407938
 -0.3847895   0.        ]","[ 0.04968317 -0.1524051   0.07738385 -0.07180263  0.06382456  0.05228546
  0.13891429  0.        ]",0.96666664,29,124,74429,0
30,"[-0.7157817  -0.5462806   0.53280383  1.4439071   0.19873616  1.6740956
 -0.33662733  0.        ]","[  4.4291162  -20.434546    -3.3459985   26.222818     1.0575626
  -2.8756065    0.37256566   0.        ]","[-0.7416164  -0.49048653  0.50261074  1.4472975   0.17683922  1.6467687
 -0.37685305  0.        ]","[ 1.4692660e-01 -3.0217367e-01  1.7483272e-01 -3.4240642e-05
  1.0775530e-01  1.3850340e-01  1.9332267e-01  0.0000000e+00]",1.0,30,124,74430,0
31,"[-0.71425796 -0.55244124  0.5355577   1.4412012   0.20231992  1.6783184
 -0.32919234  0.        ]","[  0.6638604 -11.917219   -5.4440336  28.762018   -0.8306207  -2.6883361
  -1.3646489   0.       ]","[-0.7367556  -0.5000394   0.50739676  1.4486818   0.17980556  1.6506227
 -0.37185228  0.        ]","[ 0.18294775 -0.36034852  0.19684945  0.03540482  0.12015042  0.15490466
  0.20499873  0.        ]",1.0333333,31,124,74431,0
32,"[-0.71040684 -0.5603948   0.541516    1.4362621   0.20655513  1.6824768
 -0.32078788  0.        ]","[  8.230859   -13.81302      0.33909276  23.337013     5.326085
  -0.13089071   3.2968254    0.        ]","[-0.73223037 -0.5098147   0.51242435  1.4497806   0.18311512  1.6548125
 -0.36602506  0.        ]","[ 0.16760795 -0.34514567  0.17524362  0.04434163  0.11206962  0.14363949
  0.1933569   0.        ]",1.0666667,32,124,74432,0
33,"[-0.7085606  -0.5659752   0.54470414  1.4326924   0.21024321  1.685838
 -0.3134459   0.        ]","[-2.1383238e+00  5.9341736e+00 -9.3963966e+00  1.6697702e+01
 -1.0424374e+00 -3.9744675e+00  1.4155373e-02  0.0000000e+00]","[-0.72764    -0.5205276   0.51800615  1.4495869   0.18713415  1.659819
 -0.35858527  0.        ]","[ 0.12210213 -0.2797803   0.14244108  0.00462249  0.09946907  0.12556043
  0.18428314  0.        ]",1.1,33,124,74433,0
34,"[-0.70497113 -0.5730128   0.5512224   1.428147    0.21455358  1.6889491
 -0.30519485  0.        ]","[ 4.2478127 -9.693264  -5.0242577 13.634754   3.6857545  0.8656257
  2.8823144  0.       ]","[-0.72083676 -0.5343776   0.5263951   1.4472533   0.19321638  1.6670805
 -0.347253    0.        ]","[ 0.1127202  -0.22735786  0.13843492 -0.03971915  0.09799672  0.11980801
  0.18688543  0.        ]",1.1333333,34,124,74434,0
35,"[-0.7029223  -0.5775144   0.5553139   1.4248605   0.21756935  1.6908333
 -0.29900736  0.        ]","[ 1.1049131 -8.856808  -7.5009484 20.553009  -0.0931951 -3.1943254
 -0.3415555  0.       ]","[-0.71802187 -0.54247314  0.5304678   1.4441566   0.19746935  1.6723459
 -0.33866078  0.        ]","[ 0.06053746 -0.16798459  0.08803269 -0.06187284  0.08731364  0.10748138
  0.1794552   0.        ]",1.1666666,35,124,74435,0
36,"[-0.7002401  -0.5831652   0.561371    1.4207401   0.22196275  1.6928055
 -0.29061866  0.        ]","[ 0.55216306 -8.170057   -6.9852486  18.303984   -0.5086201  -3.1523254
 -0.2995555   0.        ]","[-0.7163019  -0.5466666   0.53293943  1.4423945   0.19969362  1.6748079
 -0.33426207  0.        ]","[ 0.06772799 -0.18411194  0.1000854  -0.0738913   0.09768856  0.11456919
  0.19811636  0.        ]",1.2,36,124,74436,0
37,"[-0.6984925  -0.58857006  0.5662167   1.4157445   0.2262403   1.6942258
 -0.28202793  0.        ]","[-3.8283606   0.07405018 -7.617424   16.22079    -1.5664964  -2.782731
 -0.4074037   0.        ]","[-0.7115044  -0.5581332   0.5398673   1.4370716   0.20570491  1.6811835
 -0.32229704  0.        ]","[ 0.07930133 -0.18965892  0.11450071 -0.08628642  0.09943482  0.10234528
  0.1981506   0.        ]",1.2333333,37,124,74437,0
38,"[-0.69566035 -0.5926227   0.57396936  1.4102962   0.22979107  1.6945246
 -0.2749574   0.        ]","[-2.475403   -0.12893653 -8.774555   16.33229    -0.90195245 -3.679852
 -0.8862385   0.        ]","[-0.70880073 -0.56489223  0.54449415  1.4331235   0.20965682  1.6849859
 -0.31458494  0.        ]","[ 0.06368759 -0.1605886   0.10631719 -0.08882023  0.09306607  0.08796421
  0.18229719  0.        ]",1.2666667,38,124,74438,0
39,"[-0.6940569  -0.5969295   0.57825506  1.4061095   0.23326452  1.6951841
 -0.2679707   0.        ]","[ -2.6116984  -3.101494  -11.338003   17.212004   -1.1759142   0.1126909
  -0.5110352   0.       ]","[-0.70648634 -0.56976265  0.54879695  1.4300939   0.21269219  1.6872082
 -0.30872896  0.        ]","[ 0.06409848 -0.13881156  0.11737692 -0.08447167  0.08532768  0.06646109
  0.16480021  0.        ]",1.3,39,124,74439,0
40,"[-0.6930491  -0.6012754   0.5812993   1.402102    0.23671226  1.6953119
 -0.26092216  0.        ]","[ 0.5579766  -4.7159452  -8.173306   16.915928   -0.74254185 -3.149715
  0.08073287  0.        ]","[-0.70343757 -0.5766464   0.5552493   1.4252024   0.21746095  1.6902379
 -0.29907066  0.        ]","[ 0.05961296 -0.13384667  0.1225815  -0.09282638  0.09022409  0.05772972
  0.18243414  0.        ]",1.3333334,40,124,74440,0
41,"[-0.68915117 -0.608132    0.58997345  1.396092    0.24124293  1.6960868
 -0.2525484   0.        ]","[-4.129387    1.7408135  -9.086016   16.97913    -1.4463654  -3.2790306
 -0.17276885  0.        ]","[-0.6992728  -0.58606505  0.5644033   1.4175785   0.22429484  1.693231
 -0.285493    0.        ]","[ 0.04714936 -0.10802922  0.10761834 -0.09053226  0.07731537  0.03013176
  0.15743847  0.        ]",1.3666667,41,124,74441,0
42,"[-0.68599427 -0.6139462   0.5970713   1.391371    0.24539058  1.6964546
 -0.24497113  0.        ]","[ 12.22631    -14.889921     3.3651147    9.103053     6.870953
  -0.22979389   3.5095205    0.        ]","[-0.6975663  -0.5897658   0.56943095  1.4134157   0.22747593  1.6939232
 -0.27911547  0.        ]","[ 0.03787015 -0.08180089  0.11155602 -0.09221005  0.06909762  0.01646975
  0.1423726   0.        ]",1.4,42,124,74442,0
43,"[-0.6850556  -0.6169835   0.59979856  1.3884373   0.2478202   1.6960201
 -0.24006246  0.        ]","[ -1.8860139  -3.6102793 -11.885371   18.95008    -1.3509742  -3.6582072
   0.2938857   0.       ]","[-0.6966938  -0.59159505  0.57176256  1.4114195   0.22904634  1.6942396
 -0.27610695  0.        ]","[ 0.03995883 -0.08594401  0.11689755 -0.0984076   0.07461036  0.01581918
  0.14925496  0.        ]",1.4333333,43,124,74443,0
44,"[-0.6805218  -0.6251438   0.6100337   1.381885    0.25356293  1.6963892
 -0.22992119  0.        ]","[ -3.3654428    0.71670485 -13.655327    19.526936    -2.2532482
  -3.497932    -1.041993     0.        ]","[-0.69506013 -0.5957809   0.57609993  1.4073181   0.23246136  1.6947113
 -0.2693862   0.        ]","[ 0.0407806  -0.09929787  0.11090544 -0.10186591  0.08388957  0.01287448
  0.16356754  0.        ]",1.4666667,44,124,74444,0
45,"[-0.6791854  -0.62941176  0.61371166  1.3777877   0.2568062   1.6956813
 -0.22360176  0.        ]","[-0.7141181 -0.348054  -9.312176  18.236826  -0.4581647 -3.8892007
 -0.3216819  0.       ]","[-0.69150513 -0.6034604   0.58473045  1.4003462   0.23810641  1.6955377
 -0.25853136  0.        ]","[ 0.06009233 -0.12829968  0.14726901 -0.11789053  0.09549715  0.01397018
  0.18308471  0.        ]",1.5,45,124,74445,0
46,"[-0.6757377  -0.63496083  0.6227587   1.3721331   0.26140547  1.6950308
 -0.2153865   0.        ]","[ -1.9196897   -1.340219   -10.103896    16.87448     -1.0684404
  -0.9242412   -0.16433424   0.        ]","[-0.68610936 -0.61405826  0.5969812   1.3913033   0.24566318  1.6960957
 -0.24440724  0.        ]","[ 0.0556068  -0.11145329  0.13083349 -0.09556563  0.08255419  0.00362951
  0.15387745  0.        ]",1.5333333,46,124,74446,0
47,"[-0.6719993  -0.6404318   0.63511693  1.3657105   0.2671315   1.693085
 -0.2051925   0.        ]","[ -1.9196897   -1.340219   -10.103896    16.87448     -1.0684404
  -0.9242412   -0.16433424   0.        ]","[-0.68610936 -0.61405826  0.5969812   1.3913033   0.24566318  1.6960957
 -0.24440724  0.        ]","[ 0.0556068  -0.11145329  0.13083349 -0.09556563  0.08255419  0.00362951
  0.15387745  0.        ]",1.5666667,47,124,74447,0
48,"[-0.6708578  -0.64426166  0.63944256  1.3623719   0.2706997   1.6917073
 -0.1984843   0.        ]","[  9.107154  -10.302605   -2.6211164  10.050135    4.7096334  -3.2460206
   2.4974842   0.       ]","[-0.68326575 -0.6198241   0.6037173   1.386337    0.24972248  1.6962031
 -0.23693292  0.        ]","[ 0.06372184 -0.13237433  0.15374048 -0.11193266  0.09392209  0.0020202
  0.17421639  0.        ]",1.6,48,124,74448,0
49,"[-0.67025864 -0.6469586   0.64234585  1.3596599   0.27326885  1.6904011
 -0.19353414  0.        ]","[ -3.653176     0.22853325 -11.748904    15.913961    -0.71482295
  -2.7754316    0.16344285   0.        ]","[-0.6814537 -0.6236859  0.6078897  1.3829527  0.2525795  1.6961801
 -0.2315985  0.       ]","[ 5.22512197e-02 -1.04844846e-01  1.17753573e-01 -8.90256688e-02
  7.62539133e-02  6.84812840e-05  1.39804542e-01  0.00000000e+00]",1.6333333,49,124,74449,0
50,"[-0.66866297 -0.6523373   0.64898527  1.3547482   0.2782941   1.6876973
 -0.18365304  0.        ]","[ 2.2972667  -0.55880344 -5.239451   15.810008   -0.33203828 -2.8597927
 -0.27701837  0.        ]","[-0.6799408  -0.62736744  0.61245525  1.3794227   0.25553244  1.6958944
 -0.2259803   0.        ]","[ 0.04430739 -0.10861132  0.12521803 -0.10299585  0.08440319 -0.00558122
  0.16154735  0.        ]",1.6666666,50,124,74450,0
51,"[-0.6641628  -0.66023004  0.65850943  1.3490202   0.2837064   1.6876659
 -0.17461947  0.        ]","[-0.83122796 -2.7248242  -8.740312   17.443125   -0.05115698 -2.881095
 -0.0934953   0.        ]","[-0.674407   -0.63689923  0.6281651   1.3695534   0.26402685  1.6938791
 -0.2105542   0.        ]","[ 0.06317399 -0.11066575  0.19102855 -0.11504856  0.10255072 -0.02770068
  0.1873648   0.        ]",1.7,51,124,74451,0
52,"[-0.6632305  -0.66320056  0.6613305   1.3461723   0.28608868  1.6865319
 -0.17006731  0.        ]","[ 11.388518  -14.121617    2.8639276   8.496362    6.030326   -5.3066564
   3.5279253   0.       ]","[-0.6734943  -0.6387745   0.6312561   1.3676168   0.26587722  1.6932751
 -0.20723313  0.        ]","[ 0.05903087 -0.11148753  0.1867827  -0.11576761  0.10559814 -0.0318438
  0.19250089  0.        ]",1.7333333,52,124,74452,0
53,"[-0.6591565  -0.6719826   0.6705649   1.3378128   0.29250485  1.6851283
 -0.15879515  0.        ]","[ -4.667754     3.2264295  -15.332901    17.380213    -2.5365567
  -2.5261824   -0.45167336   0.        ]","[-0.67186826 -0.64251167  0.6365023   1.3641461   0.2691235   1.6920882
 -0.20119692  0.        ]","[ 0.05081311 -0.11111089  0.16168432 -0.10457093  0.09861305 -0.03441185
  0.18120149  0.        ]",1.7666667,53,124,74453,0
54,"[-0.65756375 -0.6760546   0.67494816  1.3326489   0.2957562   1.6838555
 -0.15324746  0.        ]","[ -4.4483514    4.6272764  -15.464222    16.421455    -1.677507
  -2.6866035   -0.15339737   0.        ]","[-0.6712508  -0.6442508   0.6387515   1.3625393   0.27065557  1.6913998
 -0.1981443   0.        ]","[ 0.04006155 -0.09779128  0.13384667 -0.09066922  0.08532768 -0.03348735
  0.16230065  0.        ]",1.8,54,124,74454,0
55,"[-0.6557825  -0.6786576   0.6800216   1.3275656   0.2980755   1.6829324
 -0.14953421  0.        ]","[ 13.159976   -12.438216     0.72852457  12.168353     5.65671
  -5.7546606    1.6678784    0.        ]","[-0.66727203 -0.65397626  0.65088916  1.3538377   0.27878183  1.6888458
 -0.18293488  0.        ]","[ 0.05752428 -0.13093622  0.16414964 -0.11583609  0.10491333 -0.02896758
  0.19719186  0.        ]",1.8333334,55,124,74455,0
56,"[-0.65415573 -0.6811725   0.68508667  1.3220764   0.30046692  1.6816761
 -0.14557192  0.        ]","[-1.4774913e+00 -1.3452147e+00 -1.1993197e+01  1.6690126e+01
 -2.1217868e+00 -5.4972606e+00  7.8811282e-03  0.0000000e+00]","[-0.66541016 -0.65786874  0.6555697   1.350626    0.28190732  1.6879522
 -0.17750843  0.        ]","[ 0.05016254 -0.10641991  0.12833393 -0.08882023  0.08183514 -0.02290699
  0.14665267  0.        ]",1.8666667,56,124,74456,0
57,"[-0.65325826 -0.6843159   0.6879309   1.3177326   0.3032459   1.6798946
 -0.14103924  0.        ]","[-3.3813173e-01  1.8903025e+00 -9.9277534e+00  1.7193338e+01
 -1.7015411e-01 -2.1173816e+00  1.2584800e-02  0.0000000e+00]","[-0.6644936  -0.6601755   0.65795314  1.3485378   0.28366372  1.6874038
 -0.17412408  0.        ]","[ 0.04632759 -0.10398883  0.11782205 -0.08902567  0.08019158 -0.02465326
  0.14867286  0.        ]",1.9,57,124,74457,0
58,"[-0.65250444 -0.68616176  0.69030434  1.3148394   0.30493382  1.6788722
 -0.13824695  0.        ]","[ -3.4654205   1.3079346 -12.741202   16.857635   -1.0136913  -2.627734
   0.4187086   0.       ]","[-0.6612569  -0.6672433   0.6655732   1.3417557   0.2890806   1.6859024
 -0.16494513  0.        ]","[ 0.06485178 -0.14405039  0.15692486 -0.13737346  0.11015215 -0.03088506
  0.19390476  0.        ]",1.9333333,58,124,74458,0
59,"[-0.6512297  -0.6912577   0.69465023  1.3073633   0.30921116  1.6752591
 -0.13102128  0.        ]","[ -4.2233667    1.6787397  -13.822065    15.717494    -1.6748693
  -3.2078068    0.04648663   0.        ]","[-0.6601716  -0.66937166  0.66860664  1.3389064   0.2909367   1.6853099
 -0.16178896  0.        ]","[ 0.06762527 -0.14090024  0.16997056 -0.15398017  0.11227506 -0.03297374
  0.19260362  0.        ]",1.9666667,59,124,74459,0
60,"[-0.6482646  -0.69718766  0.7009082   1.299472    0.31361702  1.6729141
 -0.12420481  0.        ]","[11.431525    1.1933554  -9.540118   16.490208   -1.0216141  -3.652138
  0.13280441  0.        ]","[-0.65785533 -0.6742766   0.6751816   1.332084    0.29477358  1.6838411
 -0.15503944  0.        ]","[ 0.06752255 -0.13853765  0.18397497 -0.18397497  0.10936461 -0.03903433
  0.19000132  0.        ]",2.0,60,124,74460,0
61,"[-0.6454696  -0.7035596   0.70451075  1.2934669   0.31752205  1.6711822
 -0.1182412   0.        ]","[  9.527962  -10.728018   -1.5350288   8.352084    5.392915   -3.2069561
   3.331951    0.       ]","[-0.65556204 -0.6791144   0.6815649   1.3249682   0.29890957  1.6818795
 -0.14803682  0.        ]","[ 0.05790093 -0.12199941  0.16195823 -0.17832527  0.10083869 -0.04625911
  0.17421639  0.        ]",2.0333333,61,124,74461,0
62,"[-0.6440926  -0.70761865  0.70625067  1.2889876   0.32032794  1.6691569
 -0.11434827  0.        ]","[ -2.2345586    3.7495859  -13.806607    16.776302    -1.1240739
  -2.7810304   -0.57781255   0.        ]","[-0.6537788  -0.68395025  0.6870604   1.3179522   0.30292478  1.6793561
 -0.14106871  0.        ]","[ 0.04838203 -0.12244454  0.14480367 -0.17873615  0.10039356 -0.06060594
  0.17671596  0.        ]",2.0666666,62,124,74462,0
63,"[-0.6369876  -0.72021383  0.71154106  1.2798746   0.3262026   1.6700627
 -0.10611038  0.        ]","[ 0.03728146 -0.16076088  1.0290138   8.590582    5.992009   -4.944814
  2.6562455   0.        ]","[-0.6505095  -0.69222224  0.6955817   1.3061329   0.30978933  1.6751224
 -0.13025415  0.        ]","[ 0.04581398 -0.11080272  0.11669211 -0.15767816  0.09084042 -0.05505895
  0.1458309   0.        ]",2.1,63,124,74463,0
64,"[-0.6350306  -0.7243309   0.7132162   1.2753555   0.32868576  1.6688488
 -0.10267656  0.        ]","[ -2.0313473    3.8850112  -13.00891     19.335678    -1.0584749
  -3.4580603   -0.19359124   0.        ]","[-0.64970225 -0.6940228   0.6971789   1.3041234   0.3110376   1.6745394
 -0.12828106  0.        ]","[ 0.04954621 -0.11477464  0.11518552 -0.15158333  0.08899143 -0.05129248
  0.14230411  0.        ]",2.1333334,64,124,74464,0
65,"[-0.6288827  -0.73519975  0.7173736   1.2646345   0.33379313  1.6690414
 -0.09609561  0.        ]","[ -3.4885974    2.662261   -15.100361    18.619427    -1.61715
  -3.6120603   -0.64159125   0.        ]","[-0.6490599  -0.6953209   0.6984425   1.3024493   0.31197143  1.6740352
 -0.12667038  0.        ]","[ 0.05173761 -0.1161785   0.11100816 -0.14939192  0.08512224 -0.0492038
  0.13836643  0.        ]",2.1666667,65,124,74465,0
66,"[-0.6261779  -0.74072665  0.7187581   1.258248    0.33688068  1.668036
 -0.09219646  0.        ]","[ 12.150616  -12.248436   -1.0635427   8.475986    5.6782713  -5.8547792
   3.2021546   0.       ]","[-0.6433803  -0.70810276  0.7059073   1.2895927   0.31998265  1.6706834
 -0.11479545  0.        ]","[ 0.06584476 -0.14131114  0.07457612 -0.13347003  0.08241723 -0.02650226
  0.12203365  0.        ]",2.2,66,124,74466,0
67,"[-0.6211603  -0.749156    0.72243345  1.2476939   0.3412187   1.6675128
 -0.08696912  0.        ]","[ 1.8019831 -1.6572767 -0.8049485 16.54042    6.7526345 -6.3403335
  3.6389484  0.       ]","[-0.64175814 -0.7113395   0.70740676  1.286705    0.32170838  1.6704073
 -0.11227781  0.        ]","[ 0.07865076 -0.15658246  0.0766648  -0.14117417  0.08477983 -0.01544253
  0.12593709  0.        ]",2.2333333,67,124,74467,0
68,"[-0.6173212  -0.75663024  0.72440237  1.23872     0.34546137  1.6659524
 -0.08225095  0.        ]","[  1.1024243    0.92235416 -10.328958    17.253515     0.3358715
  -3.2691844    0.05536803   0.        ]","[-0.63540745 -0.7232873   0.71249187  1.2755032   0.3278692   1.6696327
 -0.10373353  0.        ]","[ 0.10768682 -0.20188282  0.08563585 -0.18996708  0.1019344  -0.01266904
  0.14391342  0.        ]",2.2666667,68,124,74468,0
69,"[-0.6120982  -0.76321626  0.7322437   1.2292643   0.34961572  1.6658415
 -0.07734245  0.        ]","[ -2.7072668   5.756172  -13.7849455  19.386223   -2.0331914  -4.0500836
  -0.8670355   0.       ]","[-0.6328495  -0.7279621   0.71438825  1.2712157   0.3302795   1.6694217
 -0.10079021  0.        ]","[ 0.11124784 -0.20595747  0.08656035 -0.19784243  0.10515302 -0.01006675
  0.14117417  0.        ]",2.3,69,124,74469,0
70,"[-0.6080223  -0.7705433   0.73541385  1.2200079   0.35417074  1.6635162
 -0.07248286  0.        ]","[12.9868145 -6.5185127 -0.7642788  7.391774   5.898537  -2.558227
  3.3895774  0.       ]","[-0.6265199  -0.7399386   0.718647    1.258683    0.33632144  1.6682616
 -0.09305703  0.        ]","[ 0.09224429 -0.17712684  0.0625919  -0.18914531  0.09077194 -0.01818178
  0.11641818  0.        ]",2.3333333,70,124,74470,0
71,"[-0.6047787  -0.7764085   0.7370858   1.2124614   0.357907    1.6610653
 -0.06839152  0.        ]","[ -1.6014526    1.1465715  -11.156423    15.883644    -0.30952004
  -1.8495492    0.11468548   0.        ]","[-0.62187964 -0.7474321   0.72271585  1.2489556   0.34065688  1.6674294
 -0.08765166  0.        ]","[ 0.0984076  -0.16188976  0.08152697 -0.20568354  0.08943656 -0.01739425
  0.1110424   0.        ]",2.3666666,71,124,74471,0
72,"[-0.59985566 -0.7848612   0.741617    1.2015187   0.36341825  1.6583191
 -0.06273934  0.        ]","[ 3.7585473   1.9170715  -6.1140227  15.597144    0.43537998 -1.1495491
 -0.5013145   0.        ]","[-0.6193179  -0.75194013  0.7252546   1.243071    0.34327805  1.666883
 -0.08446098  0.        ]","[ 0.11145329 -0.18558428  0.10477637 -0.24475211  0.10765258 -0.02235914
  0.13360699  0.        ]",2.4,72,124,74472,0
73,"[-0.59402287 -0.79265165  0.7495992   1.1912866   0.3689545   1.6563761
 -0.05666487  0.        ]","[ -5.970372     5.5958304  -20.278795    21.15114     -2.4784255
  -3.7772262   -0.66096365   0.        ]","[-0.6146584  -0.75912297  0.72985464  1.2339399   0.347485    1.6659741
 -0.0798437   0.        ]","[ 0.12097219 -0.19462381  0.1196368  -0.2495458   0.11073424 -0.02410541
  0.12936115  0.        ]",2.4333334,73,124,74473,0
74,"[-0.5900318  -0.80036366  0.75081205  1.1819507   0.37406003  1.6522244
 -0.05195957  0.        ]","[ -3.5941339    2.3824298  -15.039387    17.133114    -2.2566388
  -2.7714064    0.02767815   0.        ]","[-0.61257607 -0.7625227   0.7315631   1.2297406   0.34955394  1.665186
 -0.07759258  0.        ]","[ 0.11076848 -0.1729495   0.10313281 -0.21708567  0.09987996 -0.02869366
  0.11182994  0.        ]",2.4666667,74,124,74474,0
75,"[-0.58703804 -0.8060112   0.7524689   1.1749296   0.3778184   1.6492318
 -0.04846473  0.        ]","[ -5.4863224  10.114651  -20.031593   25.563494   -3.0345476  -2.899881
  -0.8636975   0.       ]","[-0.60291195 -0.7795173   0.7395398   1.208238    0.36005598  1.6600223
 -0.06624305  0.        ]","[ 0.13062805 -0.2220848   0.11182994 -0.28707355  0.13840067 -0.06865249
  0.14843318  0.        ]",2.5,75,124,74475,0
76,"[-0.57733506 -0.81823707  0.76837003  1.1607074   0.38812378  1.6452161
 -0.03712926  0.        ]","[ -2.1195726   5.659151  -15.075143   17.64177    -1.4444726  -2.129881
  -0.7376975   0.       ]","[-0.6000051  -0.783868    0.74255407  1.2026352   0.36311817  1.6587548
 -0.06300634  0.        ]","[ 0.11278868 -0.17976338  0.11049455 -0.24269767  0.12011617 -0.05286755
  0.12871058  0.        ]",2.5333333,76,124,74476,0
77,"[-0.5747947  -0.82284933  0.7695445   1.1548947   0.3917246   1.6418387
 -0.03418275  0.        ]","[ 0.04016925  4.2088666  -1.0618434  15.269282    0.04287174 -3.3969555
 -0.40153715  0.        ]","[-0.5967952  -0.7889359   0.74611866  1.1961887   0.36630887  1.657238
 -0.05934972  0.        ]","[ 0.10296161 -0.15781513  0.1107     -0.2012665   0.10234528 -0.04694392
  0.11559641  0.        ]",2.5666666,77,124,74477,0
78,"[-0.5703762  -0.8295612   0.7769739   1.1472604   0.39851427  1.6365801
 -0.0271937   0.        ]","[-4.8951378e+00  7.8406534e+00 -1.7171946e+01  1.9892586e+01
 -2.4619935e+00 -2.1832125e+00 -1.3091719e-02  0.0000000e+00]","[-0.5929238  -0.7952425   0.7489642   1.1882292   0.37071523  1.654498
 -0.05530001  0.        ]","[ 0.08899143 -0.14627603  0.07228199 -0.18503644  0.0982364  -0.05992112
  0.09631893  0.        ]",2.6,78,124,74478,0
79,"[-0.5701935  -0.8295941   0.7780151   1.1479663   0.3989356   1.6364614
 -0.02664795  0.        ]","[ -1.0928879    7.371653   -14.607771    17.715187    -0.58541846
  -2.9392126   -0.47509173   0.        ]","[-0.59195554 -0.7972654   0.74956435  1.1857442   0.37192705  1.6535201
 -0.05396545  0.        ]","[ 0.07960949 -0.13843492  0.05550408 -0.17339462  0.09108011 -0.0625919
  0.08909415  0.        ]",2.6333334,79,124,74479,0
80,"[-0.5658079  -0.8374852   0.78223217  1.1390173   0.40614083  1.6302127
 -0.01959811  0.        ]","[ 1.8452698   3.083406   -7.9608035  14.118098    0.13695087 -1.7449205
  0.20037505  0.        ]","[-0.5879154  -0.8036851   0.75408006  1.1778442   0.3767246   1.6506343
 -0.04881127  0.        ]","[ 0.08943656 -0.15076154  0.09135403 -0.18544732  0.10731018 -0.06899489
  0.11587033  0.        ]",2.6666667,80,124,74480,0
81,"[-0.5629848  -0.8419748   0.78677934  1.1358393   0.41093254  1.6266739
 -0.01445908  0.        ]","[ -2.6227248   3.247034  -16.305899   18.89892    -1.9275054  -3.9816704
  -0.2087191   0.       ]","[-0.5829779  -0.810473    0.7603866   1.1693842   0.3821664   1.6477964
 -0.04334071  0.        ]","[ 0.12473866 -0.17466152  0.15891083 -0.21715416  0.13566142 -0.07303529
  0.14268076  0.        ]",2.7,81,124,74481,0
82,"[-0.55949634 -0.84581965  0.79696125  1.1365559   0.41716814  1.6233543
 -0.00728821  0.        ]","[10.953857  -5.633867  -2.3855045  6.609717   6.8084536 -3.3591595
  3.4993932  0.       ]","[-0.57621497 -0.8205455   0.76896924  1.1579331   0.39070874  1.6422147
 -0.034946    0.        ]","[ 0.09443569 -0.14223564  0.12552619 -0.15952715  0.12244454 -0.08190361
  0.12398537  0.        ]",2.7333333,82,124,74482,0
83,"[-5.5678487e-01 -8.5038233e-01  8.0333412e-01  1.1325153e+00
  4.2361876e-01  1.6176612e+00 -7.7624188e-04  0.0000000e+00]","[ -5.530486    8.822064  -18.4944     17.506905   -2.3998199  -3.6506474
  -0.6517872   0.       ]","[-0.5735995  -0.8245549   0.7727582   1.1534519   0.39426374  1.639557
 -0.03126445  0.        ]","[ 0.08676579 -0.12758063  0.12175973 -0.14182474  0.11302836 -0.08224602
  0.1163497   0.        ]",2.7666667,83,124,74483,0
84,"[-0.5543277  -0.85517865  0.8099214   1.1280577   0.43051264  1.6114129
  0.00670436  0.        ]","[  1.746065     0.9159194  -13.57737      9.63567     -0.81614465
  -2.862479     0.07961089   0.        ]","[-0.5663515  -0.8366523   0.7825411   1.1406739   0.40604472  1.6303569
 -0.01921886  0.        ]","[ 0.09470962 -0.15589765  0.12922418 -0.16171856  0.15254207 -0.11997921
  0.16028045  0.        ]",2.8,84,124,74484,0
85,"[-0.5538422  -0.85602117  0.82019836  1.127761    0.4360414   1.6067667
  0.01308133  0.        ]","[  0.72431505   5.002919   -12.273795    11.053844    -0.54396963
  -2.764479    -0.2843891    0.        ]","[-0.56455284 -0.83935785  0.78573567  1.138883    0.40890366  1.6283896
 -0.01617199  0.        ]","[ 0.09655862 -0.15261054  0.14514609 -0.13706529  0.15233661 -0.11491159
  0.16195823  0.        ]",2.8333333,85,124,74485,0
86,"[-0.5533775  -0.85773176  0.82417333  1.1256796   0.43975756  1.6029546
  0.01737968  0.        ]","[ -4.301464     6.91385    -14.573953    14.910914    -1.6383246
  -3.6919067   -0.03980905   0.        ]","[-0.5617112  -0.8429627   0.79159737  1.1374582   0.41334647  1.6255652
 -0.01147801  0.        ]","[ 0.0764936  -0.10272193  0.15195997 -0.04951197  0.11700027 -0.07823987
  0.12795728  0.        ]",2.8666666,86,124,74486,0
87,"[-0.5531739  -0.8592517   0.836144    1.1236386   0.44722906  1.595716
  0.02564154  0.        ]","[ 11.145711    -5.6543493  -14.728832     8.319689    -0.57093215
  -2.8095965    0.3400305    0.        ]","[-0.5580986  -0.8488647   0.8009163   1.1331593   0.42186582  1.6187907
 -0.0025234   0.        ]","[ 0.05430566 -0.09361392  0.14733748 -0.07039876  0.13422331 -0.10929613
  0.14343405  0.        ]",2.9,87,124,74487,0
88,"[-0.5533883  -0.86027414  0.84020424  1.122351    0.4505855   1.5918796
  0.02989005  0.        ]","[ 11.179211    -6.3913493  -13.668782     9.494339    -0.05523215
  -4.2095966    0.9000305    0.        ]","[-5.5689061e-01 -8.5080904e-01  8.0556041e-01  1.1315314e+00
  4.2552245e-01  1.6157899e+00  1.4975488e-03  0.0000000e+00]","[ 0.05279907 -0.08953928  0.17418215 -0.07601423  0.1498028  -0.12062979
  0.16233489  0.        ]",2.9333334,88,124,74488,0
89,"[-0.5542086  -0.8609906   0.847044    1.1211227   0.45552105  1.5860343
  0.03578799  0.        ]","[ -3.7668812    7.7368207  -17.372997    16.178495    -1.8371339
  -3.2372184    0.23827182   0.        ]","[-0.55438256 -0.8554052   0.81815827  1.1278862   0.43492573  1.6074739
  0.01195738  0.        ]","[ 0.02865942 -0.05410022  0.14449552 -0.04341713  0.1086798  -0.09731191
  0.1202189   0.        ]",2.9666667,89,124,74489,0
90,"[-0.5552072  -0.86126107  0.8557383   1.1203169   0.46064168  1.5802834
  0.04179537  0.        ]","[ -2.0581632    8.313674   -12.931357    14.70691     -0.5295438
  -3.6326962    0.27283478   0.        ]","[-0.5541851  -0.8561089   0.8205436   1.1272745   0.43656135  1.6057845
  0.0139899   0.        ]","[ 0.02338636 -0.0490326   0.1383322  -0.04115725  0.102448   -0.09594228
  0.11792477  0.        ]",3.0,90,124,74490,0
91,"[-0.5556357  -0.86164254  0.8588997   1.1192738   0.46303758  1.5770308
  0.0450283   0.        ]","[ -3.6467597    8.28083    -19.11256     16.079224    -2.168599
  -3.5132833   -0.77546334   0.        ]","[-0.5536923  -0.8578155   0.8285778   1.1253686   0.44217762  1.6004481
  0.02021211  0.        ]","[ 0.01010099 -0.03619236  0.16771066 -0.03995883  0.11545945 -0.10987822
  0.13148406  0.        ]",3.0333333,91,124,74491,0
92,"[-0.55674756 -0.8625355   0.86495644  1.1172171   0.46794257  1.5705582
  0.05151923  0.        ]","[ -3.181711     5.6803126  -13.878792    17.184603    -0.08378233
  -2.6599648    0.3653041    0.        ]","[-0.55363476 -0.8586726   0.8336246   1.124034    0.44570196  1.5965902
  0.0245341   0.        ]","[ 0.00558122 -0.02893334  0.16161583 -0.04156814  0.1107     -0.11535673
  0.13271673  0.        ]",3.0666666,92,124,74492,0
93,"[-0.5564182 -0.8640588  0.8730392  1.1139487  0.4723172  1.5665244
  0.0565039  0.       ]","[-8.277787  -2.6608102 -2.341899   8.34828    5.3220253 -4.726452
  1.9964023  0.       ]","[-0.55432504 -0.8605862   0.8485752   1.121455    0.45603138  1.5854189
  0.03649149  0.        ]","[-0.01068308 -0.0232494   0.19934902 -0.03050841  0.13192919 -0.14487216
  0.15449378  0.        ]",3.1,93,124,74493,0
94,"[-0.5555303  -0.86570424  0.8800472   1.1087599   0.47579136  1.5630658
  0.06060003  0.        ]","[ 1.6996493e+00  8.7450132e+00 -2.0085283e+01  1.5919710e+01
 -2.8502698e+00 -3.0002921e+00  4.7150776e-03  0.0000000e+00]","[-0.55449957 -0.86087     0.85113114  1.1210562   0.45765167  1.5836568
  0.03831692  0.        ]","[-0.01208695 -0.01968837  0.17897584 -0.02585169  0.11484312 -0.12710127
  0.13312761  0.        ]",3.1333334,94,124,74494,0
95,"[-0.5556297  -0.866633    0.88328224  1.106477    0.4783117   1.5597026
  0.0638988   0.        ]","[  2.924285     8.693798   -18.569736    14.979789    -1.1960678
  -2.8264194   -0.49832016   0.        ]","[-0.55511504 -0.8613762   0.85559887  1.1200111   0.46079057  1.5797184
  0.04243183  0.        ]","[-0.01331961 -0.01301144  0.11576761 -0.02448206  0.07676752 -0.09522323
  0.09953755  0.        ]",3.1666667,95,124,74495,0
96,"[-0.5553815  -0.8679015   0.8880042   1.1024871   0.4811606   1.556214
  0.06728627  0.        ]","[ -8.349365    7.652714  -16.505144   15.092278   -1.7548189  -1.9575121
  -0.4207648   0.       ]","[-0.5556884  -0.8617022   0.8585575   1.119156    0.4632315   1.5767348
  0.04537899  0.        ]","[-0.02016774 -0.01311417  0.11662363 -0.03078234  0.08786149 -0.11186418
  0.11371318  0.        ]",3.2,96,124,74496,0
97,"[-0.5544374  -0.86950237  0.8925185   1.0976019   0.48346913  1.5539961
  0.06965114  0.        ]","[-8.965191   1.45725   -4.8417053 16.457487   6.106287  -5.7493033
  3.300521   0.       ]","[-0.5560412  -0.8624251   0.8637405   1.1172673   0.46661586  1.5728365
  0.04955333  0.        ]","[-0.0129772  -0.0168464   0.12806    -0.04417043  0.08803269 -0.10501605
  0.10946734  0.        ]",3.2333333,97,124,74497,0
98,"[-0.5544174  -0.8709242   0.89698833  1.0932971   0.48655832  1.5497801
  0.073116    0.        ]","[  6.1560016    8.087265   -16.459332    16.12986     -1.4927683
  -2.4960544   -0.92728615   0.        ]","[-0.5560891  -0.86430997  0.87294436  1.1125176   0.47212285  1.5667984
  0.05632394  0.        ]","[ 1.3696257e-04 -3.0200247e-02  1.4713204e-01 -7.7657774e-02
  8.7450601e-02 -9.3168788e-02  1.0703625e-01  0.0000000e+00]",3.2666667,98,124,74498,0
99,"[-0.55342036 -0.8731812   0.90599084  1.083245    0.490976    1.5439888
  0.07739405  0.        ]","[  6.1560016    7.9030147  -17.762907    16.616909    -1.6216933
  -2.8180544   -0.04528616   0.        ]","[-0.5560431  -0.86500216  0.87615037  1.1106712   0.47404224  1.5646662
  0.05862875  0.        ]","[ 0.00133539 -0.03208348  0.15117244 -0.08464286  0.0892996  -0.09597652
  0.10833739  0.        ]",3.3,99,124,74499,0
100,"[-0.55223304 -0.8751991   0.91047645  1.0781225   0.49377498  1.5407053
  0.08018178  0.        ]","[-3.6105556  6.7067356 -5.418328  13.169153   5.871593  -5.576778
  3.523495   0.       ]","[-0.5556941  -0.8667605   0.88323164  1.1058027   0.47816867  1.5597862
  0.06361802  0.        ]","[ 0.00633452 -0.03376127  0.13720225 -0.09320303  0.08026007 -0.09450417
  0.09690102  0.        ]",3.3333333,100,124,74500,0
101,"[-0.5487855  -0.87899315  0.9176306   1.0704558   0.4977158   1.5377203
  0.08409216  0.        ]","[ 9.29254   -2.5430844 -4.9285793  6.832628   5.200262  -2.4723532
  3.0483732  0.       ]","[-0.5554103  -0.8676004   0.88601774  1.1033732   0.479787    1.5579895
  0.06545687  0.        ]","[ 0.01095701 -0.0369799   0.13727073 -0.10696777  0.07827411 -0.09203885
  0.09371664  0.        ]",3.3666666,101,124,74501,0
102,"[-0.5461511  -0.8828748   0.92444575  1.0627025   0.50254     1.5317134
  0.08868793  0.        ]","[ -0.12647617   6.840622   -13.620763    13.798176    -0.67738014
  -3.3367589    0.7407072    0.        ]","[-0.554837   -0.86946225  0.8925486   1.0971011   0.48364496  1.5532879
  0.06986132  0.        ]","[ 0.00941618 -0.03095354  0.10919341 -0.10525574  0.06324247 -0.07933557
  0.07378858  0.        ]",3.4,102,124,74502,0
103,"[-0.54237777 -0.8869202   0.932279    1.0551193   0.5069506   1.5285485
  0.09277895  0.        ]","[ -2.655392     7.26776    -21.845682    21.310173    -1.936825
  -4.5746098    0.35693985   0.        ]","[-0.5538706  -0.8719856   0.9016221   1.0876749   0.48844248  1.5471692
  0.0748947   0.        ]","[ 0.01650399 -0.04201327  0.15219966 -0.15808904  0.07817139 -0.10148927
  0.0834102   0.        ]",3.4333334,103,124,74503,0
104,"[-0.5395183  -0.890166    0.9373557   1.0494162   0.5106559   1.5247746
  0.09632304  0.        ]","[ -2.655392     7.26776    -21.845682    21.310173    -1.936825
  -4.5746098    0.35693985   0.        ]","[-0.5538706  -0.8719856   0.9016221   1.0876749   0.48844248  1.5471692
  0.0748947   0.        ]","[ 0.01650399 -0.04201327  0.15219966 -0.15808904  0.07817139 -0.10148927
  0.0834102   0.        ]",3.4666667,104,124,74504,0
105,"[-0.53733236 -0.89325774  0.941031    1.044007    0.51430196  1.5202147
  0.09962851  0.        ]","[ -1.8403438   6.824757  -15.40645    14.374121   -1.5622475  -2.3757973
   0.2926841   0.       ]","[-0.5508736  -0.87646675  0.9119228   1.0765727   0.49466085  1.5402317
  0.0811495   0.        ]","[ 0.04560854 -0.06170164  0.12908722 -0.1394279   0.07806867 -0.085088
  0.07899316  0.        ]",3.5,105,124,74505,0
106,"[-0.53268236 -0.8975234   0.9499224   1.0382959   0.51925397  1.5178765
  0.10439503  0.        ]","[ -0.50738     6.088008  -14.073751   15.996291   -0.8176022  -2.309676
   0.1152016   0.       ]","[-0.5481316  -0.8799374   0.91888326  1.0689238   0.49891382  1.5359693
  0.08529892  0.        ]","[ 0.06707742 -0.08430046  0.1714429  -0.18832353  0.10275616 -0.107002
  0.10231104  0.        ]",3.5333333,106,124,74506,0
107,"[-0.53130317 -0.8994163   0.95206934  1.0356661   0.5214386   1.5154781
  0.10635109  0.        ]","[  0.27986997   6.155008   -12.455027    15.208417    -1.0897772
  -1.903676    -0.2487984    0.        ]","[-0.546496   -0.88196033  0.9228256   1.0647649   0.501489    1.533674
  0.08764207  0.        ]","[ 0.07382283 -0.09244973  0.1831532  -0.19780819  0.11244627 -0.10946734
  0.10891949  0.        ]",3.5666666,107,124,74507,0
108,"[-0.5289988  -0.90220773  0.95505375  1.0325611   0.5245326   1.512415
  0.10932268  0.        ]","[ 9.387723  -3.9190578 -9.026455  10.665338   5.294633  -7.261316
  3.3371458  0.       ]","[-0.54362553 -0.8852603   0.9291801   1.0582952   0.5051667   1.5303127
  0.0910897   0.        ]","[ 0.07515821 -0.08858054  0.17120321 -0.17627083  0.1011811  -0.09333999
  0.09590804  0.        ]",3.6,108,124,74508,0
109,"[-0.5251154  -0.90681934  0.9586199   1.0284575   0.529498    1.5077406
  0.11437605  0.        ]","[ -3.01916    10.102067  -22.064693   17.06107    -2.6798491  -2.2741153
  -0.9455052   0.       ]","[-0.54216444 -0.88710684  0.9321311   1.0552695   0.50728554  1.5282111
  0.09301484  0.        ]","[ 0.05800365 -0.06875521  0.12545772 -0.12360872  0.07919861 -0.07361738
  0.07320649  0.        ]",3.6333334,109,124,74509,0
110,"[-0.521775   -0.9100463   0.960991    1.0276176   0.5325097   1.5059438
  0.11786807  0.        ]","[11.125196  -4.1222568 -5.1279926  6.791855   5.3118668 -6.12108
  3.0858629  0.       ]","[-0.53770053 -0.8921824   0.94056225  1.0469534   0.5133045   1.522869
  0.09876152  0.        ]","[ 0.07971222 -0.09063498  0.1505561  -0.14850166  0.10748138 -0.09539443
  0.10261921  0.        ]",3.6666667,110,124,74510,0
111,"[-0.5195051 -0.9127581  0.9626704  1.0255454  0.5354647  1.503048
  0.1209358  0.       ]","[11.40378     6.27877    -3.7468696   8.099144    5.993329   -4.718
 -0.17586981  0.        ]","[-0.5338445  -0.8965293   0.9470606   1.040411    0.5181078   1.518363
  0.10328868  0.        ]","[ 0.07553486 -0.08447167  0.12764911 -0.1284709   0.09649013 -0.08751908
  0.08844358  0.        ]",3.7,111,124,74511,0
112,"[-0.5149288  -0.917628    0.9661541   1.0244719   0.5411071   1.4987869
  0.12736252  0.        ]","[ -1.2509797    9.06427    -15.3764      15.427039    -1.4271762
  -2.319455    -0.35044333   0.        ]","[-0.5324984  -0.89821285  0.94913334  1.038319    0.5200099   1.5164876
  0.10530011  0.        ]","[ 0.06680349 -0.08080792  0.10898796 -0.11001518  0.08953928 -0.08748484
  0.08861478  0.        ]",3.7333333,112,124,74512,0
113,"[-0.5132352  -0.9197379   0.96721286  1.0224339   0.5436458   1.4961693
  0.1300036   0.        ]","[ -1.2023216    8.002813   -19.59551     16.840776    -1.2062957
  -2.8856544   -0.21117778   0.        ]","[-0.52706236 -0.9043181   0.9557448   1.0322464   0.52664435  1.5107832
  0.11195567  0.        ]","[ 0.09138828 -0.10237952  0.1101179  -0.10035932  0.10844012 -0.09450417
  0.11141905  0.        ]",3.7666667,113,124,74513,0
114,"[-0.51062024 -0.9221861   0.9700138   1.023719    0.5472162   1.494096
  0.13440318  0.        ]","[11.852811 -2.177189 -7.208636  8.188116  5.303321 -4.386991  1.992327
  0.      ]","[-0.5252235  -0.9063813   0.95755297  1.0306855   0.52874976  1.5090249
  0.11405722  0.        ]","[ 0.09340847 -0.10443396  0.10303009 -0.08868326  0.10806347 -0.09121707
  0.11145329  0.        ]",3.8,114,124,74514,0
115,"[-0.5083481  -0.9241918   0.97187936  1.0249257   0.54977536  1.4927877
  0.1377292   0.        ]","[ -0.39189178   7.9123664  -14.347972    15.103527    -0.45151478
  -3.029665    -0.2933936    0.        ]","[-0.5209706  -0.9110657   0.96116936  1.0275888   0.533973    1.5047144
  0.11955462  0.        ]","[ 0.06173588 -0.06889217  0.0532442  -0.04540309  0.07861651 -0.06485178
  0.08498528  0.        ]",3.8333333,115,124,74515,0
116,"[-0.5038987  -0.9281856   0.9759229   1.0253376   0.5547864   1.4902952
  0.14421351  0.        ]","[ -1.5602437    8.9017725  -16.396334    16.131779    -2.0834224
  -1.8983386   -0.29788718   0.        ]","[-0.51879996 -0.9134587   0.962897    1.0263367   0.53656924  1.502421
  0.12237907  0.        ]","[ 0.07056996 -0.0812188   0.05721612 -0.04420467  0.09203885 -0.07865076
  0.10042781  0.        ]",3.8666666,116,124,74516,0
117,"[-0.5027849  -0.9292037   0.97723866  1.0253931   0.556269    1.4895326
  0.14619024  0.        ]","[ -3.209681     7.430731   -19.050137     8.362987    -2.24151
  -3.9279962   -0.62842184   0.        ]","[-0.51718736 -0.9151442   0.96430635  1.0253358   0.53853273  1.5008123
  0.12461676  0.        ]","[ 0.07265864 -0.07913013  0.06019505 -0.04351986  0.08851206 -0.07577454
  0.09837337  0.        ]",3.9,117,124,74517,0
118,"[-0.5012247  -0.9306073   0.97891724  1.0253367   0.55841404  1.4884216
  0.14904137  0.        ]","[12.265221  -1.6655627 -6.6603384  8.59685    4.5624847 -4.767351
  2.039876   0.       ]","[-0.51356333 -0.9192629   0.96749896  1.0243138   0.5435201   1.4968144
  0.13033085  0.        ]","[ 0.06064018 -0.06906337  0.05365509 -0.01623007  0.08375261 -0.06700893
  0.09611348  0.        ]",3.9333334,118,124,74518,0
119,"[-0.4976622  -0.9335203   0.9839982   1.0250312   0.5626047   1.4870421
  0.15496898  0.        ]","[12.265221  -1.6655627 -6.6603384  8.59685    4.5624847 -4.767351
  2.039876   0.       ]","[-0.51356333 -0.9192629   0.96749896  1.0243138   0.5435201   1.4968144
  0.13033085  0.        ]","[ 0.06064018 -0.06906337  0.05365509 -0.01623007  0.08375261 -0.06700893
  0.09611348  0.        ]",3.9666667,119,124,74519,0
120,"[-0.49564898 -0.93527895  0.9870913   1.0242964   0.5654401   1.4857594
  0.15890622  0.        ]","[  2.349017     6.678553   -13.214761    16.097364    -0.550715
  -2.5606358    0.43587384   0.        ]","[-0.5080832  -0.9244363   0.9723444   1.0244825   0.5502044   1.4927474
  0.13867953  0.        ]","[ 0.06769375 -0.06608444  0.06118803  0.00318438  0.08471135 -0.05290179
  0.11213811  0.        ]",4.0,120,124,74520,0
121,"[-0.4940001  -0.9369901   0.9899192   1.0233774   0.56832457  1.4843589
  0.16304082  0.        ]","[ -2.372329     9.107465   -18.675665    17.067644    -1.6223232
  -3.120136    -0.20869876   0.        ]","[-0.5051495  -0.9269443   0.9751688   1.0247624   0.55351394  1.4910465
  0.1428021   0.        ]","[ 0.08094488 -0.07197383  0.07800018  0.0065742   0.09577107 -0.05146369
  0.1205613   0.        ]",4.0333333,121,124,74521,0
122,"[-0.492241   -0.9385265   0.9986385   1.0206261   0.5727836   1.481736
  0.16843294  0.        ]","[ -1.8643717    8.99884    -16.921705    21.38737     -1.6229622
  -6.256215    -0.24979354   0.        ]","[-0.50376695 -0.92818683  0.97651494  1.0249926   0.55514383  1.4902432
  0.14490941  0.        ]","[ 0.07111782 -0.06146195  0.06854977  0.00866288  0.07841107 -0.04064364
  0.10166047  0.        ]",4.0666666,122,124,74522,0
123,"[-0.49178818 -0.93920505  1.0021548   1.0191083   0.57507837  1.4799504
  0.17146245  0.        ]","[-4.8265758e+00  9.9955149e+00 -2.0064192e+01  1.2445936e+01
 -2.1625130e+00 -3.6667295e+00 -1.7291984e-02  0.0000000e+00]","[-0.49924555 -0.9320371   0.9821849   1.0250884   0.56060284  1.4879134
  0.15237607  0.        ]","[ 6.1496194e-02 -5.0094061e-02  7.7794738e-02  3.4240642e-05
  7.1836866e-02 -2.9720878e-02  9.7962476e-02  0.0000000e+00]",4.1,123,124,74523,0
124,"[-0.49157077 -0.9397923   1.0078279   1.01622     0.57790804  1.4775153
  0.17449054  0.        ]","[ 12.004017   -2.787748  -14.574675    9.632681    2.6931     -2.7976818
   2.8284516   0.       ]","[-0.4974623  -0.9337034   0.9847006   1.0248123   0.5631838   1.4867016
  0.15606913  0.        ]","[ 0.04430739 -0.03930826  0.06060594 -0.00506762  0.0588939  -0.02756372
  0.08529344  0.        ]",4.133333,124,124,74524,0
125,"[-0.4910903  -0.94066477  1.0109082   1.0145587   0.58028704  1.4753377
  0.17767718  0.        ]","[ -0.6427896   8.140699  -16.354816   14.581095   -1.2799605  -2.4619944
  -0.6891181   0.       ]","[-0.49516898 -0.935828    0.99004847  1.0233263   0.5672239   1.4846307
  0.1614764   0.        ]","[ 0.04095181 -0.03793863  0.09549715 -0.0265365   0.07214504 -0.0369799
  0.09655862  0.        ]",4.1666665,125,124,74525,0
126,"[-0.4906638  -0.9416833   1.0149101   1.0124148   0.5832912   1.47233
  0.18157299  0.        ]","[ -1.3036004    8.693269   -15.19752     14.345062    -1.2636155
  -2.796414     0.56536174   0.        ]","[-0.49438858 -0.93659884  0.99258333  1.0224864   0.56889784  1.4836624
  0.16359138  0.        ]","[ 0.0407806  -0.03852072  0.11655515 -0.03561027  0.07964373 -0.04375954
  0.10395459  0.        ]",4.2,126,124,74526,0
127,"[-0.49055663 -0.94223195  1.0174456   1.0107645   0.5851267   1.4701716
  0.18373872  0.        ]","[ 8.41422   -0.4221661 -7.827142   5.735293   5.6312037 -6.450808
  3.7475245  0.       ]","[-0.4926897  -0.9383207   0.99946904  1.0200263   0.5730799   1.481068
  0.16882993  0.        ]","[ 0.02773492 -0.02828277  0.1143295  -0.04095181  0.06909762 -0.04317745
  0.0865261   0.        ]",4.233333,127,124,74527,0
128,"[-0.490982   -0.9425338   1.024169    1.0047252   0.5879626   1.4664134
  0.18605477  0.        ]","[10.233575  -1.0334431 -6.894849   7.206123   5.155026  -5.076675
  3.008861   0.       ]","[-0.49195147 -0.9395268   1.00549     1.0171194   0.57684773  1.4780192
  0.1735239   0.        ]","[ 0.01229239 -0.02027046  0.10070173 -0.04896412  0.06341367 -0.05160065
  0.07926708  0.        ]",4.266667,128,124,74528,0
129,"[-0.49079645 -0.9432431   1.0276965   1.0019705   0.59048766  1.4631169
  0.1889218   0.        ]","[ -1.8326817    8.945778   -18.557898    15.31188     -1.2185777
  -2.5262766    0.28057706   0.        ]","[-0.4916907  -0.9398911   1.0073249   1.0162047   0.5780423   1.4769838
  0.17505981  0.        ]","[ 0.01331961 -0.02020198  0.09844185 -0.04896412  0.06348215 -0.05351812
  0.07998614  0.        ]",4.3,129,124,74529,0
130,"[-0.49061212 -0.94383025  1.0318577   0.9988258   0.59269625  1.4604466
  0.19102736  0.        ]","[  9.811943     9.121456   -17.032816    13.464453    -1.8364704
  -2.0839434   -0.20279698   0.        ]","[-0.49090645 -0.9414481   1.0140687   1.0126804   0.58282065  1.472447
  0.18090619  0.        ]","[ 0.01095701 -0.0221537   0.09559987 -0.04913532  0.0669747  -0.06454361
  0.08204058  0.        ]",4.3333335,130,124,74530,0
131,"[-0.4902507  -0.9444834   1.0363605   0.9960344   0.5951777   1.4570657
  0.19321346  0.        ]","[  0.3857364   9.537013  -18.326689   13.493784   -1.1928157  -3.3104198
  -0.1332155   0.       ]","[-0.49069554 -0.94202524  1.0176352   1.0102319   0.58480525  1.4702017
  0.18315922  0.        ]","[ 0.00588939 -0.01414139  0.07745233 -0.05091584  0.04649879 -0.04958045
  0.05173761  0.        ]",4.366667,131,124,74531,0
132,"[-0.49054095 -0.94450825  1.0388318   0.99497783  0.5964832   1.4550579
  0.19428727  0.        ]","[ -0.479959     9.173286   -14.751316    12.5648      -0.82804435
  -2.6074495    0.4901461    0.        ]","[-0.49069554 -0.9422458   1.0195718   1.008577    0.5859078   1.4687501
  0.18423493  0.        ]","[ 0.00154083 -0.01027219  0.08039703 -0.06375608  0.04444435 -0.05454534
  0.04550581  0.        ]",4.4,132,124,74532,0
133,"[-0.49099392 -0.94426876  1.0410539   0.99475753  0.59718     1.454352
  0.19471043  0.        ]","[-0.0736779 -1.350578  -5.098043   5.4903917  5.720391  -5.0913596
  3.4037056  0.       ]","[-0.49069554 -0.94249314  1.0217309   1.0067937   0.5871254   1.4672182
  0.18547362  0.        ]","[ 3.4240642e-05 -1.0751562e-02  9.6558616e-02 -8.0739439e-02
  5.3757809e-02 -6.8720967e-02  5.4374140e-02  0.0000000e+00]",4.4333334,133,124,74533,0
134,"[-0.49170572 -0.94448656  1.0471109   0.99253654  0.60075235  1.448762
  0.19780757  0.        ]","[  1.0474075   8.203977  -19.504473   17.463379   -1.477481   -3.1888673
  -0.5334986   0.       ]","[-0.49069554 -0.94297636  1.0260471   1.0033059   0.58947045  1.4643936
  0.18783787  0.        ]","[ 3.5844342e-15 -1.2223910e-02  1.0871404e-01 -8.8340856e-02
  5.9681442e-02 -7.2624400e-02  5.8928147e-02  0.0000000e+00]",4.4666667,134,124,74534,0
135,"[-0.49275878 -0.9443195   1.0524603   0.9926903   0.60368335  1.444637
  0.20031038  0.        ]","[-1.5751282 -1.8416421 -3.5450454  5.7239075  6.4262533 -5.614159
  3.7327998  0.       ]","[-0.4906917  -0.9435765   1.0306376   1.000144    0.5920437   1.4609556
  0.19026923  0.        ]","[ 6.8481284e-05 -1.3353851e-02  1.0350946e-01 -7.3925547e-02
  5.6531303e-02 -7.6116949e-02  5.3929012e-02  0.0000000e+00]",4.5,135,124,74535,0
136,"[-0.4939219  -0.9440897   1.0599084   0.9914402   0.6072399   1.4394422
  0.20325334  0.        ]","[-1.5751282 -1.1213921 -5.6364956  6.0247326  5.4235034 -6.706159
  2.9347997  0.       ]","[-0.49067634 -0.9438296   1.0334716   0.99862343  0.5935662   1.45918
  0.19155201  0.        ]","[ 0.00034241 -0.01201847  0.11114512 -0.06745406  0.0598184  -0.07721265
  0.05351812  0.        ]",4.5333333,136,124,74536,0
137,"[-0.49572194 -0.9434199   1.068297    0.98901796  0.61008924  1.4358343
  0.20485331  0.        ]","[-1.5751282 -0.9036421 -5.3786454  6.4688077  5.1799784 -6.692159
  2.6547997  0.       ]","[-0.49067634 -0.9439638   1.0354927   0.9976033   0.5944866   1.4579414
  0.1924283   0.        ]","[ 0.00034241 -0.01085428  0.11840414 -0.06522842  0.05978416 -0.07690448
  0.05413445  0.        ]",4.5666666,137,124,74537,0
138,"[-0.49775815 -0.9430167   1.0753556   0.9868187   0.61392367  1.4289792
  0.20800386  0.        ]","[-0.7639055 -1.0055475 -7.459488   7.5009804  5.438592  -6.54636
  3.7769613  0.       ]","[-0.49085468 -0.9442227   1.0413045   0.99502814  0.59750855  1.453652
  0.19498621  0.        ]","[-0.00318438 -0.00462249  0.10378338 -0.04598518  0.05396325 -0.07659632
  0.04567702  0.        ]",4.6,138,124,74538,0
139,"[-0.49952364 -0.9427454   1.0813497   0.9842136   0.61644775  1.4248637
  0.20950533  0.        ]","[  3.9923847  11.155784  -15.975898   14.607785   -0.6583055  -2.5238607
   0.1019669   0.       ]","[-0.49229854 -0.9442687   1.0503838   0.99311256  0.6024901   1.4462084
  0.19924685  0.        ]","[-0.02280427 -0.00020544  0.13802403 -0.02705011  0.07419948 -0.11015215
  0.06409848  0.        ]",4.633333,139,124,74539,0
140,"[-0.50212246 -0.94247234  1.0923115   0.9784075   0.62118083  1.4170715
  0.21233875  0.        ]","[  3.9923847  11.155784  -15.975898   14.607785   -0.6583055  -2.5238607
   0.1019669   0.       ]","[-0.49229854 -0.9442687   1.0503838   0.99311256  0.6024901   1.4462084
  0.19924685  0.        ]","[-0.02280427 -0.00020544  0.13802403 -0.02705011  0.07419948 -0.11015215
  0.06409848  0.        ]",4.6666665,140,124,74540,0
141,"[-0.50297976 -0.94225305  1.0946016   0.97766805  0.62234646  1.4147499
  0.21312231  0.        ]","[  1.6155403    8.818936   -20.50106     14.590377    -1.7923925
  -2.5497148   -0.15438434   0.        ]","[-0.49549496 -0.9438277   1.0669239   0.98915875  0.6098034   1.4355855
  0.2047615   0.        ]","[-0.03718534  0.00691661  0.17438759 -0.04427315  0.07936981 -0.11860958
  0.0585515   0.        ]",4.7,141,124,74541,0
142,"[-0.506612   -0.9411554   1.1046166   0.97350955  0.6264904   1.4069527
  0.21513197  0.        ]","[  1.9080487   10.4714365  -17.093472    12.682178    -1.4110025
  -1.9424199    0.21080951   0.        ]","[-0.49636358 -0.94363403  1.0700973   0.9882671   0.61132205  1.4330813
  0.2058909   0.        ]","[-0.04050668  0.0087656   0.16640952 -0.044821    0.07806867 -0.12350599
  0.0577982   0.        ]",4.733333,142,124,74542,0
143,"[-0.50832635 -0.94092643  1.1090639   0.9719932   0.62914586  1.4015665
  0.21657617  0.        ]","[  1.5217313    9.364876   -21.79595     15.797453    -1.3841158
  -3.2657623   -0.50909704   0.        ]","[-0.49794742 -0.94321793  1.0760798   0.98608696  0.6140295   1.4287401
  0.20788892  0.        ]","[-0.03783591  0.00958738  0.14134537 -0.0490326   0.06313974 -0.10433124
  0.04639607  0.        ]",4.766667,143,124,74543,0
144,"[-0.5110452  -0.940145    1.115531    0.9696914   0.6319872   1.395652
  0.21778686  0.        ]","[  0.99259937   9.825238   -18.738876    15.6891165   -1.6769823
  -3.9769318    3.404664     0.        ]","[-0.5007776  -0.9426772   1.0868196   0.9810651   0.6188884   1.4208344
  0.21082649  0.        ]","[-0.04095181  0.00736174  0.1589793  -0.07272712  0.070433   -0.11364469
  0.04266384  0.        ]",4.8,144,124,74544,0
145,"[-0.51265895 -0.9398561   1.1209222   0.9675962   0.6346015   1.3904462
  0.21906935  0.        ]","[  3.0616522    9.736761   -16.872631    12.428108    -1.2765715
  -1.9284525   -0.45891383   0.        ]","[-0.50287914 -0.9422496   1.0934196   0.97821957  0.62183744  1.4154022
  0.21259056  0.        ]","[-0.04478676  0.00921073  0.14898103 -0.06379031  0.06594748 -0.11583609
  0.0395137   0.        ]",4.8333335,145,124,74545,0
146,"[-0.5131763  -0.93979007  1.1231943   0.96657103  0.6357896   1.3880726
  0.21967159  0.        ]","[  3.4647832   7.9982667 -19.214262   12.070584   -2.4554594  -0.5000125
  -0.8277418   0.       ]","[-0.5042904 -0.9419198  1.0975134  0.9766089  0.6235843  1.412152
  0.2135608  0.       ]","[-0.05639434  0.01229239  0.16349907 -0.06731711  0.07330921 -0.13600384
  0.0417051   0.        ]",4.866667,146,124,74546,0
147,"[-0.51359665 -0.94013137  1.1298649   0.9622063   0.6387869   1.383135
  0.2210684   0.        ]","[ 2.9822197e+00  6.6074657e+00 -2.1901812e+01  1.7709190e+01
 -1.5560149e+00 -3.0250974e+00 -1.7742911e-02  0.0000000e+00]","[-0.50621176 -0.94138294  1.1033809   0.97411805  0.6261901   1.4071512
  0.21494138  0.        ]","[-0.04571126  0.01236087  0.13490812 -0.05803789  0.05909935 -0.11535673
  0.03139867  0.        ]",4.9,147,124,74547,0
148,"[-0.51525307 -0.93988234  1.1352524   0.9597556   0.6417323   1.3770338
  0.22233264  0.        ]","[  2.9385502    6.878113   -14.5488825   12.094477    -1.0423995
  -0.6840233    0.14991568   0.        ]","[-0.50841683 -0.9408422   1.1087058   0.97224855  0.6288382   1.4016558
  0.21625486  0.        ]","[-0.05259363  0.01294296  0.12877905 -0.04711512  0.06235221 -0.13110742
  0.03160411  0.        ]",4.9333334,148,124,74548,0
149,"[-0.51729244 -0.93939954  1.1417906   0.9546204   0.6443774   1.3713512
  0.22279194  0.        ]","[  2.0843568   6.652058  -21.428108   17.44042    -2.0047655  -3.757727
  -0.529294    0.       ]","[-0.5102845  -0.9403973   1.1144236   0.9700032   0.63149387  1.3967758
  0.21754916  0.        ]","[-0.0444786   0.01058036  0.13364123 -0.0510528   0.0609141  -0.11713724
  0.03043993  0.        ]",4.9666667,149,124,74549,0
150,"[-0.5199191  -0.93860203  1.1466814   0.95073384  0.64654166  1.3656782
  0.2228392   0.        ]","[ -9.476535    9.579615  -16.04226    13.075608    4.947107   -5.6013713
   2.4928737   0.       ]","[-0.5114618  -0.94020945  1.1177044   0.9687741   0.6331563   1.3933512
  0.21836792  0.        ]","[-0.03845224  0.0073275   0.11138481 -0.04300625  0.05485351 -0.10621447
  0.02663922  0.        ]",5.0,150,124,74550,0
151,"[-0.5210483  -0.9383217   1.1495175   0.94889325  0.6482102   1.3615496
  0.22319461  0.        ]","[  2.8213816    9.016978   -18.82757     15.978408    -1.4713537
  -3.3224902    0.50541085   0.        ]","[-0.513339   -0.9400771   1.127148    0.9637292   0.6376605   1.3848453
  0.22044072  0.        ]","[-0.02455054  0.00150659  0.12340327 -0.07053573  0.05957872 -0.11241203
  0.0267077   0.        ]",5.0333333,151,124,74551,0
152,"[-0.52244234 -0.93794316  1.1526814   0.9465182   0.6499804   1.3568012
  0.22327244  0.        ]","[  2.5901134  10.974376  -16.507835   15.222597    5.3850117  -2.4356341
   3.6899958   0.       ]","[-0.5139181  -0.9400081   1.129449    0.9624828   0.6388052   1.382573
  0.22092584  0.        ]","[-0.0276322   0.00225988  0.11737692 -0.0662214   0.05838029 -0.11306261
  0.02502991  0.        ]",5.0666666,152,124,74552,0
153,"[-0.52415776 -0.9374438   1.155977    0.94385314  0.6518338   1.3515412
  0.22312106  0.        ]","[  2.0627031   9.084929  -18.84431    12.818994   -1.1473018  -2.9024603
   0.5502254   0.       ]","[-0.5161232  -0.9395997   1.1368965   0.9576891   0.64219916  1.3753825
  0.22195551  0.        ]","[-0.03759623  0.00708781  0.12381417 -0.08162969  0.05728459 -0.12175973
  0.01677791  0.        ]",5.1,153,124,74553,0
154,"[-0.5261408  -0.9366282   1.1584101   0.94111055  0.65307766  1.3470029
  0.22252749  0.        ]","[-9.928435  17.980082  -8.61114    7.280055   5.185061  -6.6296053
  3.1250033  0.       ]","[-0.5190339  -0.93887293  1.1445874   0.9522857   0.64564484  1.3675995
  0.2226995   0.        ]","[-0.04516341  0.01147061  0.11518552 -0.08310204  0.05194306 -0.12110915
  0.01119669  0.        ]",5.133333,154,124,74554,0
155,"[-0.52907145 -0.93535167  1.1614333   0.93674684  0.65453213  1.340504
  0.22124773  0.        ]","[ 2.2315328e+00  9.8984261e+00 -1.7629677e+01  1.3656993e+01
 -1.0372912e+00 -2.4096518e+00  9.4593398e-04  0.0000000e+00]","[-0.52102613 -0.9382939   1.1492795   0.9489416   0.6481548   1.3611069
  0.22304848  0.        ]","[-0.03321342  0.00965586  0.07817139 -0.05581225  0.04098605 -0.10881677
  0.00564971  0.        ]",5.1666665,155,124,74555,0
156,"[-0.5296734  -0.93509305  1.1622496   0.9357314   0.65501255  1.3387555
  0.22097878  0.        ]","[ 1.6285328e+00  7.1682105e+00 -1.8002127e+01  1.4974894e+01
 -1.3094662e+00 -2.9556518e+00  9.4593398e-04  0.0000000e+00]","[-0.5217855  -0.9380772   1.1510148   0.94760513  0.64908093  1.3586545
  0.22310024  0.        ]","[-0.03602115  0.0104434   0.08392382 -0.06211253  0.04393074 -0.11775357
  0.0042116   0.        ]",5.2,156,124,74556,0
157,"[-0.53104055 -0.93440557  1.1647513   0.9334874   0.65652746  1.3334345
  0.22041547  0.        ]","[ 1.0790685e+00  7.2936630e+00 -1.7805609e+01  1.5102171e+01
 -1.6140164e+00 -2.7503667e+00  7.5330824e-04  0.0000000e+00]","[-0.52239716 -0.9379008   1.1522497   0.9465793   0.6498019   1.3567466
  0.22311367  0.        ]","[-0.03735654  0.01058036  0.0828966  -0.06403     0.04533461 -0.11987649
  0.00273925  0.        ]",5.233333,157,124,74557,0
158,"[-0.535078   -0.9326125   1.1669298   0.9270416   0.65684617  1.328075
  0.21750997  0.        ]","[ 3.3259091e-01  7.9972019e+00 -8.1856384e+00  1.3024402e+01
  4.9965696e+00 -4.7813921e+00  2.4953016e-04  0.0000000e+00]","[-0.52431273 -0.9372872   1.1555899   0.9437721   0.65159863  1.3515445
  0.22302547  0.        ]","[-0.03656901  0.01164182  0.06461209 -0.05392901  0.03472001 -0.09991419
 -0.00157507  0.        ]",5.266667,158,124,74558,0
159,"[-0.53574145 -0.932269    1.1673973   0.92600304  0.65706486  1.3266076
  0.21694754  0.        ]","[ 1.6973048e+00  7.1697245e+00 -1.8499557e+01  1.4282443e+01
 -1.1990983e+00 -3.1693056e+00  2.8111085e-03  0.0000000e+00]","[-0.5253788  -0.936873    1.157026    0.94213647  0.65232915  1.3487948
  0.22270717  0.        ]","[-0.03879465  0.01386746  0.05625737 -0.05666826  0.03023449 -0.10022236
 -0.00725902  0.        ]",5.3,159,124,74559,0
160,"[-0.5374756  -0.9312759   1.1695092   0.92328644  0.6581462   1.3215865
  0.21557812  0.        ]","[-10.35591   18.037928  -8.385519   6.619838   5.226595  -4.471343
  -2.740778   0.      ]","[-0.5264603  -0.9364454   1.1583568   0.94058335  0.6529658   1.346306
  0.22228149  0.        ]","[-0.04167086  0.0160931   0.05300451 -0.06029777  0.02626257 -0.09970875
 -0.01369626  0.        ]",5.3333335,160,124,74560,0
161,"[-0.54185325 -0.9292221   1.1722891   0.91835684  0.6586711   1.3159484
  0.212731    0.        ]","[ 2.3820267   7.6448574  -6.0851016  13.69525     6.4049     -6.226772
  0.68720406  0.        ]","[-0.5284775  -0.935619    1.1607747   0.9375767   0.65427154  1.341378
  0.22144163  0.        ]","[-0.03376127  0.01383322  0.0407806  -0.05033375  0.02167433 -0.08310204
 -0.01403866  0.        ]",5.366667,161,124,74561,0
162,"[-0.54364026 -0.9280627   1.1744198   0.91547674  0.6597174   1.3103681
  0.2106941   0.        ]","[-13.298036   19.659735   -8.275316    4.0416126   4.9789233  -6.189149
  -2.8498256   0.       ]","[-0.53116196 -0.9344014   1.1637046   0.93304574  0.6556253   1.335081
  0.21979453  0.        ]","[-0.0479369   0.02174281  0.0523197  -0.08091064  0.02417389 -0.11244627
 -0.02941271  0.        ]",5.4,162,124,74562,0
163,"[-0.54688144 -0.9263419   1.1745992   0.91165644  0.65942794  1.3061335
  0.20776242  0.        ]","[-13.298036   19.659735   -8.275316    4.0416126   4.9789233  -6.189149
  -2.8498256   0.       ]","[-0.53116196 -0.9344014   1.1637046   0.93304574  0.6556253   1.335081
  0.21979453  0.        ]","[-0.0479369   0.02174281  0.0523197  -0.08091064  0.02417389 -0.11244627
 -0.02941271  0.        ]",5.4333334,163,124,74563,0
164,"[-0.54922634 -0.92485493  1.1752948   0.9089893   0.65968984  1.3011575
  0.20511045  0.        ]","[  1.230172     7.545241   -17.347017    13.140776    -2.0294232
  -2.7848573    0.09185079   0.        ]","[-0.5363123  -0.93192977  1.1679001   0.9254257   0.6572935   1.325183
  0.21641976  0.        ]","[-0.06468058  0.03228893  0.05064191 -0.09227853  0.02078407 -0.12562892
 -0.04273232  0.        ]",5.4666667,164,124,74564,0
165,"[-0.5512458  -0.92339104  1.1765051   0.9062692   0.6603382   1.2952673
  0.20234637  0.        ]","[  3.0152347    6.63749    -18.27141     15.849952    -1.7408702
  -1.6063067    0.43937388   0.        ]","[-0.539409   -0.93036896  1.1703258   0.9214086   0.6580835   1.319699
  0.21427603  0.        ]","[-0.07625391  0.03893161  0.05848302 -0.09967451  0.02009926 -0.13788706
 -0.05252514  0.        ]",5.5,165,124,74565,0
166,"[-0.55390394 -0.9217626   1.1757176   0.902852    0.659776    1.291245
  0.19887638  0.        ]","[  5.242985     6.45324    -18.81576     17.196503    -1.4543703
  -3.0063066   -0.27462614   0.        ]","[-0.54133797 -0.92941594  1.1719843   0.9189235   0.65868944  1.3160807
  0.21288393  0.        ]","[-0.06676925  0.03307646  0.05488775 -0.08614945  0.01890083 -0.12073251
 -0.04646455  0.        ]",5.5333333,166,124,74566,0
167,"[-0.554716   -0.9209288   1.1762016   0.9014427   0.65993536  1.2883865
  0.1972618   0.        ]","[  3.0010269   7.747045  -20.493511   16.380297   -0.7020475  -2.4888818
   0.4500958   0.       ]","[-0.5450924  -0.9273048   1.1740495   0.9137924   0.6593164   1.3087003
  0.20916595  0.        ]","[-0.04940925  0.02811157  0.02136616 -0.06741983  0.00510186 -0.09053226
 -0.04978589  0.        ]",5.5666666,167,124,74567,0
168,"[-0.55714566 -0.9189209   1.1766852   0.8968329   0.65989226  1.2823099
  0.19305238  0.        ]","[  2.0511634    7.9655466  -18.6799      14.444491    -0.25447866
  -3.2378325   -0.32408118   0.        ]","[-0.54695237 -0.92620224  1.1745576   0.91160834  0.6594526   1.3052547
  0.20732518  0.        ]","[-0.04896412  0.02804309  0.01349081 -0.0588939   0.00284197 -0.08611522
 -0.04660152  0.        ]",5.6,168,124,74568,0
169,"[-0.55793715 -0.91787285  1.1774355   0.89502525  0.66019547  1.2785028
  0.19073951  0.        ]","[-0.10507043  7.991294   -8.111844   12.805155   -0.32686478 -5.8263946
 -0.16102958  0.        ]","[-0.5479322  -0.92552733  1.1748817   0.9103754   0.65961367  1.3029269
  0.20609991  0.        ]","[-0.05071039  0.03174108  0.01486044 -0.06101682  0.0053073  -0.10309857
 -0.05475079  0.        ]",5.633333,169,124,74569,0
170,"[-0.5585395  -0.91698754  1.1779575   0.8929852   0.66035813  1.2753918
  0.18877366  0.        ]","[ -9.995872    17.890945   -11.7704935    7.4860067   -0.03734546
  -5.786719    -3.0342076    0.        ]","[-0.55156004 -0.9232321   1.1754856   0.905691    0.6597479   1.2956443
  0.20159     0.        ]","[-0.06163316  0.03882889  0.00996403 -0.07947253  0.00195172 -0.12285542
 -0.07632239  0.        ]",5.6666665,170,124,74570,0
171,"[-0.5600315  -0.9156232   1.1789576   0.887742    0.6604236   1.2709703
  0.18551305  0.        ]","[  2.499102     7.1554155  -14.705065    13.764961    -0.47588247
  -2.9475243    0.16519822   0.        ]","[-0.55397415 -0.92148334  1.1759535   0.90227985  0.65982455  1.2901238
  0.19811362  0.        ]","[-0.03961642  0.02903607  0.00784111 -0.05677098  0.00123266 -0.09190188
 -0.05800365  0.        ]",5.7,171,124,74571,0
172,"[-0.5606964  -0.91461647  1.1793754   0.88485694  0.6605316   1.2674524
  0.18317552  0.        ]","[  0.78588367   7.2038474  -15.73296     12.952721    -0.676832
  -1.8921608    0.18879184   0.        ]","[-0.554931   -0.9206339   1.1762047   0.90050614  0.65986294  1.2874106
  0.19636871  0.        ]","[-0.03704838  0.03139867  0.00931345 -0.06536539  0.00143811 -0.10299585
 -0.06601596  0.        ]",5.733333,172,124,74572,0
173,"[-0.5609309  -0.9139487   1.1796759   0.88343793  0.6606813   1.2650539
  0.18181157  0.        ]","[-8.884112   17.432716   -8.321143    8.632841   -0.15197426 -5.1117735
 -2.1580408   0.        ]","[-0.5563058  -0.9194623   1.1766418   0.8979751   0.65993774  1.2836045
  0.19388175  0.        ]","[-0.03903433  0.03362431  0.01164182 -0.07197383  0.00188324 -0.10871404
 -0.07070693  0.        ]",5.766667,173,124,74573,0
174,"[-0.5614504  -0.91311806  1.1801269   0.8812312   0.66092813  1.2618654
  0.17971973  0.        ]","[  1.1962095    6.9791775  -18.444157    13.319877    -0.52343565
  -2.1695027   -0.04766725   0.        ]","[-0.5575771  -0.91804534  1.1773744   0.89509887  0.6601429   1.2787782
  0.19095759  0.        ]","[-0.02270155  0.02530384  0.01307993 -0.05136096  0.00366375 -0.0861837
 -0.05221698  0.        ]",5.8,174,124,74574,0
175,"[-0.56161946 -0.9119764   1.1805264   0.87815195  0.66124606  1.2572645
  0.17700863  0.        ]","[  3.020126     6.8371315  -18.383335    14.973849    -0.58555305
  -3.044823     0.8569915    0.        ]","[-0.55865663 -0.9170003   1.178055    0.89200026  0.66025794  1.275319
  0.18846871  0.        ]","[-0.02376301  0.02417389  0.01506588 -0.06694046  0.00291045 -0.08152697
 -0.0554356   0.        ]",5.8333335,175,124,74575,0
176,"[-0.5618759  -0.9112902   1.1802975   0.8762606   0.6612392   1.2548629
  0.17530996  0.        ]","[  0.14538063   7.7074146  -18.172468    13.252324    -0.2044296
  -2.876946     0.44634277   0.        ]","[-0.55983204 -0.9154797   1.1788834   0.8874443   0.6604267   1.2701226
  0.18509012  0.        ]","[-0.02098951  0.02715283  0.01479196 -0.08135577  0.00301318 -0.09279214
 -0.06033201  0.        ]",5.866667,176,124,74576,0
177,"[-0.56195146 -0.91070974  1.1803334   0.8749498   0.66140145  1.2525396
  0.17390443  0.        ]","[  3.2833445    5.8599977  -13.722359    16.168139    -0.33723113
  -3.0730207    0.6274254    0.        ]","[-0.5605051  -0.9146054   1.1792324   0.88514143  0.660536    1.2673883
  0.18327427  0.        ]","[-0.0171888   0.02314667  0.00955314 -0.06224949  0.00297894 -0.07406251
 -0.04814234  0.        ]",5.9,177,124,74577,0
178,"[-0.56159675 -0.90992117  1.1802255   0.87294203  0.6616768   1.2489663
  0.17181607  0.        ]","[  3.890235     5.572923   -14.0693035   16.338116    -0.45172563
  -3.0257943    0.04796404   0.        ]","[-0.5608426  -0.91415286  1.1794645   0.88395834  0.66063184  1.2657988
  0.18223883  0.        ]","[-0.01434683  0.01848995  0.00828624 -0.04971741  0.00304742 -0.06218101
 -0.03954794  0.        ]",5.9333334,178,124,74578,0
179,"[-0.56219906 -0.90904963  1.1774236   0.87007433  0.6607355   1.2465138
  0.16901515  0.        ]","[  0.13405702   7.4038157  -13.574102    13.806518    -0.33069435
  -2.7842832    0.1494162    0.        ]","[-0.56111866 -0.91325355  1.179959    0.8814043   0.6608849   1.2618929
  0.17977105  0.        ]","[-0.00493065  0.01605886  0.00883409 -0.04560854  0.00451976 -0.06974819
 -0.04406771  0.        ]",5.9666667,179,124,74579,0
180,"[-0.56260055 -0.908921    1.176753    0.86944586  0.6604249   1.2464367
  0.16853245  0.        ]","[  0.13405702   7.5880656  -13.574102    13.749218    -0.33069435
  -3.1622832    0.3314162    0.        ]","[-0.561251   -0.9128202   1.1800761   0.8801924   0.66097504  1.2601728
  0.17864549  0.        ]","[-0.00479369  0.01862691  0.0076699  -0.0534154   0.00469097 -0.07913013
 -0.05081311  0.        ]",6.0,180,124,74580,0
181,"[-0.5625105  -0.90823346  1.1765206   0.86778885  0.66047746  1.2439762
  0.16697067  0.        ]","[  0.27264783   6.136076   -13.552803    15.205032    -0.3297523
  -2.3916457   -0.09125437   0.        ]","[-0.56158656 -0.9119477   1.1801873   0.8779566   0.6611112   1.25708
  0.17677212  0.        ]","[-0.00743022  0.0201335   0.00321862 -0.05382629  0.00332134 -0.07488429
 -0.04625911  0.        ]",6.0333333,181,124,74581,0
182,"[-0.5627767  -0.9072013   1.1750352   0.86230326  0.6600295   1.2401996
  0.1632567   0.        ]","[ -3.5921166    4.9143357  -16.241146    14.477053    -0.60359526
  -2.9795437    0.20823796   0.        ]","[-0.56178594 -0.9111156   1.1802084   0.87599504  0.66123587  1.2541232
  0.17487381  0.        ]","[-0.0040404   0.01599038  0.00041089 -0.03773319  0.00243109 -0.05670251
 -0.03629508  0.        ]",6.0666666,182,124,74582,0
183,"[-0.5621815  -0.90690464  1.1744074   0.86041284  0.65992373  1.2386659
  0.16186361  0.        ]","[ -4.958       17.056194   -27.4338       6.112493    -0.05491645
  -5.2811313   -2.616084     0.        ]","[-0.56183195 -0.9103965   1.1796849   0.8737919   0.66123587  1.2511665
  0.17262077  0.        ]","[-0.00116418  0.01742849 -0.00945042 -0.05098432  0.00037665 -0.07060421
 -0.05190881  0.        ]",6.1,183,124,74583,0
184,"[-0.56137013 -0.9064703   1.1740141   0.8564739   0.6598817   1.236145
  0.15966351  0.        ]","[ -2.3075793    6.7871747  -18.891014    15.076541    -0.48107362
  -2.9716055    0.24206336   0.        ]","[-0.5620237  -0.9097925   1.1786975   0.8718725   0.66112274  1.2490267
  0.17086053  0.        ]","[-0.00373223  0.01619582 -0.02287275 -0.05108704 -0.0020202  -0.0596472
 -0.04649879  0.        ]",6.133333,184,124,74584,0
185,"[-0.5605863  -0.9060183   1.1734678   0.85415834  0.6598547   1.233852
  0.15790182  0.        ]","[ -7.3365927    5.772801   -17.63721     13.712416    -0.8826899
  -2.3564088    0.44737497   0.        ]","[-0.5624552  -0.90863246  1.1769679   0.8680759   0.66069895  1.2450881
  0.16750112  0.        ]","[-0.00677965  0.01907204 -0.02735827 -0.06327671 -0.00684813 -0.0651257
 -0.05516167  0.        ]",6.1666665,185,124,74585,0
186,"[-0.5593088  -0.9059476   1.1730301   0.851256    0.6600057   1.2318046
  0.15622993  0.        ]","[-10.315822    16.399406   -27.551485     5.6742573    0.14602137
  -5.7707725   -3.0840933    0.        ]","[-0.5625318 -0.9082355  1.1764712  0.866471   0.6605436  1.2437459
  0.1664139  0.       ]","[-0.00599211  0.02211946 -0.02968664 -0.08108184 -0.00821775 -0.07553486
 -0.0638588   0.        ]",6.2,186,124,74586,0
187,"[-0.557168   -0.90591234  1.1722208   0.8474377   0.66017836  1.2291641
  0.15431228  0.        ]","[  0.68965393   6.3463216  -18.58151     12.825922    -0.26596403
  -2.8737876    0.7757956    0.        ]","[-0.5624897  -0.90733427  1.175154    0.861729    0.6601908   1.2399992
  0.1629471   0.        ]","[ 0.00181475  0.01229239 -0.01825026 -0.06981667 -0.00465673 -0.05550408
 -0.05074463  0.        ]",6.233333,187,124,74587,0
188,"[-0.55676275 -0.9058366   1.1719303   0.84654045  0.6601531   1.228501
  0.15382329  0.        ]","[ -1.6376218    5.169083   -18.580002    16.625664    -0.42885342
  -3.3534873   -0.21780089   0.        ]","[-0.5618013  -0.9066421   1.1742508   0.8574109   0.66000867  1.2368008
  0.16026072  0.        ]","[ 0.01229239  0.01236087 -0.01612734 -0.07710993 -0.00325286 -0.05711339
 -0.04797114  0.        ]",6.266667,188,124,74588,0
189,"[-0.5546736  -0.9056236   1.1706061   0.8429784   0.66027796  1.22537
  0.15166976  0.        ]","[ -0.9082796   15.002247   -28.614819    15.962434    -0.19648376
  -6.5138235   -3.2174566    0.        ]","[-0.56158656 -0.90646183  1.1740782   0.856456    0.6599684   1.2360222
  0.15967014  0.        ]","[ 0.01222391  0.01191574 -0.01400442 -0.07084389 -0.00315014 -0.05317572
 -0.04293777  0.        ]",6.3,189,124,74589,0
190,"[-0.55355275 -0.90568733  1.1689926   0.840367    0.6599955   1.2240659
  0.15033823  0.        ]","[ -2.7517922    8.204658   -17.920124    15.215995    -0.34839043
  -2.9226098    0.32031292   0.        ]","[-0.5595655  -0.90612435  1.173131    0.8520132   0.6599588   1.2324519
  0.15678434  0.        ]","[ 2.9309990e-02  3.8349519e-03 -1.3079925e-02 -6.1633158e-02
 -4.4726126e-15 -4.8142344e-02 -3.8657684e-02  0.0000000e+00]",6.3333335,190,124,74590,0
191,"[-0.552272   -0.90588486  1.1680754   0.8380065   0.659931    1.2231174
  0.1494527   0.        ]","[ -1.7838993    8.126736   -18.684662    15.2393675   -0.28527477
  -3.2801325   -0.40001032   0.        ]","[-0.5584764  -0.9060323   1.1727072   0.84971225  0.6599588   1.2308835
  0.15562235  0.        ]","[ 3.1124745e-02  2.7734921e-03 -1.2258150e-02 -6.6632293e-02
 -4.4726126e-15 -4.6019424e-02 -3.4446087e-02  0.0000000e+00]",6.366667,191,124,74591,0
192,"[-0.5501112  -0.9058676   1.1670301   0.8350931   0.6601377   1.220758
  0.14802639  0.        ]","[ -1.7168994    8.126736   -18.541412    14.866918    -0.28527477
  -3.4341326   -0.54001033   0.        ]","[-0.5581044  -0.9059901   1.1725461   0.8489874   0.6599588   1.2303619
  0.15523885  0.        ]","[ 2.9241508e-02  2.6707700e-03 -1.1402134e-02 -5.9202071e-02
 -4.4726126e-15 -4.0883329e-02 -3.0234488e-02  0.0000000e+00]",6.4,192,124,74592,0
193,"[-0.5483747  -0.90590173  1.1678379   0.8306187   0.6607464   1.2187675
  0.14698493  0.        ]","[ -1.8892028   8.374047  -18.181967   14.364948   -0.3368245  -2.6080317
   0.4657483   0.       ]","[-0.5557095  -0.9058214   1.1708895   0.8444545   0.6599588   1.2268721
  0.15258698  0.        ]","[ 3.4206402e-02  2.1229198e-03 -2.5029909e-02 -6.4372405e-02
 -4.4726126e-15 -4.8998360e-02 -3.7425023e-02  0.0000000e+00]",6.4333334,193,124,74593,0
194,"[-0.54746413 -0.90580004  1.1683093   0.8282149   0.6610974   1.2174307
  0.14637192  0.        ]","[ -1.4071066    8.123828   -17.05164     15.649817    -0.26691523
  -2.9536536    0.03139602   0.        ]","[-0.5543308  -0.90578306  1.169578    0.84170103  0.6599588   1.2251387
  0.15114504  0.        ]","[ 3.2460131e-02  1.1299412e-03 -2.9549675e-02 -6.4920262e-02
 -4.4726126e-15 -4.2081751e-02 -3.3761274e-02  0.0000000e+00]",6.4666667,194,124,74594,0
195,"[-0.5460774 -0.9057     1.1679016  0.8261788  0.6613232  1.2156967
  0.1455888  0.       ]","[ -1.3233566    8.123828   -17.323814    14.933567    -0.26691523
  -3.0236537   -0.24860397   0.        ]","[-0.5538399  -0.90578306  1.1691964   0.8407902   0.6599588   1.2246344
  0.15072896  0.        ]","[ 2.8659418e-02  4.7936899e-04 -2.5166873e-02 -5.5709526e-02
 -4.4726126e-15 -3.3213422e-02 -2.6913146e-02  0.0000000e+00]",6.5,195,124,74595,0
196,"[-0.54444176 -0.90546906  1.1684562   0.8224305   0.6621007   1.2127535
  0.1445755   0.        ]","[ -0.7452501    8.5825205  -17.27157     15.28198     -0.42560938
  -2.6580043   -0.19236995   0.        ]","[-0.5517384  -0.90578115  1.1680362   0.8372103   0.6600163   1.2223161
  0.14910677  0.        ]","[ 3.5884194e-02  3.4240642e-05 -1.9551408e-02 -6.0948342e-02
  1.0272192e-03 -3.9787628e-02 -2.7632199e-02  0.0000000e+00]",6.5333333,196,124,74596,0
197,"[-0.5439176  -0.90546566  1.1683215   0.82160825  0.662283    1.2119523
  0.14427797  0.        ]","[ -3.4845839    8.315918   -15.270359    15.020333    -0.3995692
  -3.0526726    0.53336215   0.        ]","[-0.5494086  -0.90578115  1.167856    0.832779    0.6604497   1.2199117
  0.14767249  0.        ]","[ 3.8726166e-02 -1.2212453e-15 -2.4995669e-03 -7.3788583e-02
  7.1905348e-03 -3.9684907e-02 -2.3591803e-02  0.0000000e+00]",6.5666666,197,124,74597,0
198,"[-0.54178673 -0.90548974  1.1677368   0.8186722   0.66290295  1.2090776
  0.1433311   0.        ]","[ -2.5459292    8.075849   -13.879733    14.944745    -0.30257007
  -3.3565361    0.46459267   0.        ]","[-0.5488008  -0.90578115  1.167856    0.8313754   0.66061455  1.2191504
  0.14726023  0.        ]","[ 3.2973740e-02 -1.2212453e-15 -2.7392514e-04 -6.8344325e-02
  7.3959790e-03 -3.5712991e-02 -2.0373182e-02  0.0000000e+00]",6.6,198,124,74598,0
199,"[-0.54111564 -0.90528524  1.1674002   0.8163526   0.6631658   1.2071716
  0.14250076  0.        ]","[ -1.5787456    8.212381   -24.192894    14.584036    -0.3210133
  -2.9550917    0.19755451   0.        ]","[-0.547403   -0.90577924  1.167856    0.8285567   0.6609674   1.2172904
  0.14636478  0.        ]","[ 3.3761274e-02  3.4240642e-05 -1.1197392e-14 -7.0741169e-02
  8.4916791e-03 -4.4444352e-02 -2.2016734e-02  0.0000000e+00]",6.633333,199,124,74599,0
200,"[-0.5403125  -0.9050701   1.1671113   0.8139062   0.6634793   1.2050939
  0.14167373  0.        ]","[ 10.694316    7.8425126 -14.49093     7.013502    5.3392773  -5.6112933
  -3.3651307   0.       ]","[-0.5454261 -0.9056354  1.1679672  0.8244744  0.6617094  1.2142646
  0.1451721  0.       ]","[ 0.02975512  0.00239685  0.00198596 -0.06368759  0.01164182 -0.04759449
 -0.01835298  0.        ]",6.6666665,200,124,74600,0
201,"[-0.5400914  -0.9049034   1.1672575   0.81255406  0.66364247  1.2040839
  0.14126816  0.        ]","[ 10.376065    7.8425126 -14.49093     6.827277    5.468202   -5.975293
  -3.5331306   0.       ]","[-0.5450406 -0.9056239  1.167998   0.8237189  0.6618456  1.2136818
  0.1449516  0.       ]","[ 0.02728979  0.00188324  0.00222564 -0.05663402  0.01054612 -0.04307473
 -0.01619582  0.        ]",6.7,201,124,74601,0
202,"[-0.5392432  -0.90474856  1.1671659   0.8110236   0.6639454   1.2024703
  0.14076465  0.        ]","[ -1.702809     8.146925   -12.9347925   14.840027    -0.34229782
  -3.1563766   -0.27476195   0.        ]","[-0.5435066  -0.9055645   1.1680037   0.8210402   0.66236717  1.2113271
  0.14410408  0.        ]","[ 0.02739251  0.00106146  0.00010272 -0.04783418  0.00931345 -0.04204751
 -0.01513436  0.        ]",6.733333,202,124,74602,0
203,"[-0.53759295 -0.9048649   1.1686348   0.80730295  0.66479945  1.2006603
  0.14047049  0.        ]","[ -1.702809     8.146925   -12.9347925   14.840027    -0.34229782
  -3.1563766   -0.27476195   0.        ]","[-0.5435066  -0.9055645   1.1680037   0.8210402   0.66236717  1.2113271
  0.14410408  0.        ]","[ 0.02739251  0.00106146  0.00010272 -0.04783418  0.00931345 -0.04204751
 -0.01513436  0.        ]",6.766667,203,124,74603,0
204,"[-0.53639454 -0.9047137   1.1686898   0.80535835  0.66526914  1.198619
  0.13995649  0.        ]","[ 11.199695    7.81732   -20.040674    7.1546283  -0.2854752  -5.379489
  -3.0575743   0.       ]","[-0.5425575  -0.9054379   1.1679404   0.81910545  0.66268164  1.2095957
  0.1434157   0.        ]","[ 0.02831701  0.00287621 -0.00112994 -0.05529864  0.00927921 -0.05002558
 -0.01931172  0.        ]",6.8,204,124,74604,0
205,"[-0.5346688  -0.9046247   1.170551    0.80210745  0.66640794  1.1962506
  0.13991615  0.        ]","[ 10.433374     7.627799   -27.269985     7.633772    -0.27882305
  -5.890276    -2.7625144    0.        ]","[-0.540711   -0.9051215   1.1676086   0.81438845  0.6633719   1.2055843
  0.14188747  0.        ]","[ 0.02054439  0.00414312 -0.00445128 -0.05478503  0.00818351 -0.04632759
 -0.01715456  0.        ]",6.8333335,205,124,74605,0
206,"[-0.5333306  -0.904582    1.170709    0.8001908   0.6670067   1.1942776
  0.13964741  0.        ]","[ -0.70604765   8.492937   -18.27552     16.100136    -0.38230202
  -3.4488149    0.09929492   0.        ]","[-0.54049236 -0.9050391   1.1675453   0.8137097   0.66346586  1.2050244
  0.14169765  0.        ]","[ 0.01646975  0.00417736 -0.00434856 -0.04649879  0.00677965 -0.03865768
 -0.01369626  0.        ]",6.866667,206,124,74606,0
207,"[-0.5324442  -0.90452415  1.1708044   0.7992513   0.667465    1.1927236
  0.13956164  0.        ]","[ -0.13591315   8.506819   -12.507628    13.348939    -0.38815618
  -2.4188786   -0.1040802    0.        ]","[-0.53957963 -0.9049432   1.1675223   0.8115468   0.66389537  1.2033485
  0.1412317   0.        ]","[ 0.01941444  0.00291045 -0.00123266 -0.04841627  0.00903953 -0.0380756
 -0.01082004  0.        ]",6.9,207,124,74607,0
208,"[-0.531569   -0.9044274   1.1708858   0.79803836  0.6679638   1.1909966
  0.13943116  0.        ]","[ -2.2325754    7.9919086  -12.452098    17.018303    -1.0998608
  -3.3091311   -0.26189402   0.        ]","[-0.537643   -0.9048531   1.16809     0.80764663  0.66468537  1.200641
  0.1405414   0.        ]","[ 0.02985784  0.00154083  0.00931345 -0.05961296  0.01164182 -0.04149966
 -0.01030643  0.        ]",6.9333334,208,124,74608,0
209,"[-0.5313323 -0.9040698  1.1701823  0.7976602  0.668133   1.189137
  0.1390412  0.       ]","[ 9.2449970e+00  8.1123724e+00 -7.2623510e+00  5.3354497e+00
  5.4970946e+00 -5.2984271e+00  2.0956078e-03  0.0000000e+00]","[-0.5364177  -0.904809    1.1688819   0.8055508   0.6653469   1.1987964
  0.14027679  0.        ]","[ 0.02900182  0.00119842  0.01777089 -0.05118976  0.01468924 -0.04365682
 -0.00698509  0.        ]",6.9666667,209,124,74609,0
210,"[-0.5307245  -0.9039561   1.169815    0.7970141   0.66836405  1.187836
  0.13888705  0.        ]","[-8.7653339e-01  8.1069498e+00 -1.7697563e+01  1.5532725e+01
 -8.0937791e-01 -2.7823319e+00  1.6614748e-03  0.0000000e+00]","[-0.53461915 -0.9046786   1.169971    0.80222785  0.6663114   1.1960334
  0.1399144   0.        ]","[ 0.03016601  0.00225988  0.01814754 -0.05608617  0.01585342 -0.04663575
 -0.00612907  0.        ]",7.0,210,124,74610,0
211,"[-0.5301101  -0.9036425   1.1685244   0.7968686   0.6684106   1.1859597
  0.13852507  0.        ]","[-8.5978335e-01  8.1069498e+00 -1.7597288e+01  1.4558625e+01
 -8.3802789e-01 -2.3343320e+00  1.6614748e-03  0.0000000e+00]","[-0.53411674 -0.90466136  1.1701742   0.80148965  0.6665856   1.1951954
  0.1398281   0.        ]","[ 0.02797461  0.00167779  0.01424411 -0.04892988  0.01475772 -0.0457455
 -0.00541002  0.        ]",7.0333333,211,124,74611,0
212,"[-0.5298079  -0.9035301   1.1683288   0.7966152   0.6684777   1.1852953
  0.13843411  0.        ]","[ 9.4408751e+00  8.5287237e+00 -1.5478503e+01  6.8785834e+00
  5.5324092e+00 -3.1941502e+00  2.1151903e-03  0.0000000e+00]","[-0.5326384  -0.90455586  1.1705884   0.7995434   0.667366    1.1927985
  0.139598    0.        ]","[ 0.02246186  0.00164355  0.00612907 -0.03043993  0.0118815  -0.03773319
 -0.00356103  0.        ]",7.0666666,212,124,74612,0
213,"[-0.5298124  -0.9032992   1.1684874   0.7965427   0.6685802   1.184664
  0.13839626  0.        ]","[  9.725625     8.528724   -15.478503     7.0504837    5.575384
  -3.3761504   -0.48872295   0.        ]","[-0.5323508  -0.90449065  1.1705922   0.7991062   0.66752326  1.1921159
  0.13950597  0.        ]","[ 0.02167433  0.00253381  0.00397191 -0.03047417  0.0115391  -0.0404382
 -0.0043828   0.        ]",7.1,213,124,74613,0
214,"[-0.52935624 -0.90302503  1.1684827   0.79596967  0.6687291   1.1834497
  0.13828547  0.        ]","[-2.3264682e+00  7.9939780e+00 -1.3004271e+01  1.5200092e+01
 -3.0763161e-01 -2.4224305e+00  1.0067803e-03  0.0000000e+00]","[-0.53181773 -0.9042913   1.1705865   0.7983143   0.66784346  1.1905589
  0.13928354  0.        ]","[ 0.01599038  0.00493065  0.00010272 -0.02393421  0.00958738 -0.0428008
 -0.00592363  0.        ]",7.133333,214,124,74614,0
215,"[-0.5284446 -0.9024867  1.1685772  0.795235   0.668944   1.1817117
  0.1382564  0.       ]","[ 9.9954872e+00  7.7746868e+00 -1.3608174e+01  6.8184991e+00
 -3.1754312e-01 -2.4369516e+00  1.3058373e-03  0.0000000e+00]","[-0.5314649  -0.90419155  1.1704638   0.79786175  0.6680237   1.1895216
  0.13913015  0.        ]","[ 0.01328537  0.00455401 -0.00229412 -0.01890083  0.00743022 -0.04050668
 -0.00585515  0.        ]",7.1666665,215,124,74615,0
216,"[-0.528069   -0.9021626   1.1685877   0.7948401   0.6690209   1.1807835
  0.13820648  0.        ]","[-1.9760661e+00  7.8819747e+00 -2.7125229e+01  1.5336080e+01
 -2.8762680e-01 -3.5416620e+00  1.0650489e-03  0.0000000e+00]","[-0.5307075  -0.9039116   1.1697927   0.7972002   0.66823655  1.187535
  0.13881567  0.        ]","[ 0.01438107  0.00520458 -0.01249783 -0.01284024  0.00431432 -0.03797287
 -0.00602635  0.        ]",7.2,216,124,74616,0
217,"[-0.5276035  -0.9018103   1.1689056   0.7944955   0.6691859   1.1797687
  0.13832782  0.        ]","[-2.2534944e-01  8.3308401e+00 -1.6406630e+01  1.1748331e+01
 -3.3758166e-01 -2.6926074e+00  1.4918228e-03  0.0000000e+00]","[-0.5301035  -0.9035243   1.168995    0.79674006  0.6684628   1.1855236
  0.1385319   0.        ]","[ 0.00989555  0.00643724 -0.01273752 -0.00756718  0.00376647 -0.0332819
 -0.00455401  0.        ]",7.233333,217,124,74617,0
218,"[-0.52698267 -0.90137553  1.1696285   0.7944948   0.66948575  1.1786543
  0.13871819  0.        ]","[ 4.6616757e-01  7.4492378e+00 -2.6836580e+01  1.1891802e+01
 -2.6750585e-01 -2.6342092e+00  7.3708862e-04  0.0000000e+00]","[-0.52992517 -0.90338045  1.1688914   0.796508    0.66854143  1.1848928
  0.13846861  0.        ]","[ 0.00866288  0.006403   -0.00828624 -0.0087656   0.00359527 -0.03057689
 -0.00356103  0.        ]",7.266667,218,124,74618,0
219,"[-0.5264499  -0.9010062   1.1695945   0.7941007   0.66951805  1.1776851
  0.13878775  0.        ]","[-6.59319878e-01  7.66693449e+00 -2.61637077e+01  1.46657295e+01
 -3.07826459e-01 -2.33715177e+00  1.09502964e-03  0.00000000e+00]","[-0.52944195 -0.9030449   1.1687477   0.7960114   0.66867757  1.18361
  0.13839574  0.        ]","[ 0.01123093  0.00808079 -0.00386919 -0.01229239  0.00356103 -0.03204924
 -0.00212292  0.        ]",7.3,219,124,74619,0
220,"[-0.52640855 -0.90046054  1.1703956   0.79415286  0.669756    1.1766919
  0.13903199  0.        ]","[-1.4759657e+00  8.0719852e+00 -2.5745546e+01  1.4550510e+01
 -2.9862258e-01 -3.5581031e+00  1.0612569e-03  0.0000000e+00]","[-0.5285388  -0.9024965   1.1686939   0.7952828   0.6689038   1.1817634
  0.13830946  0.        ]","[ 0.01414139  0.00862864 -0.00051361 -0.01143637  0.00349255 -0.0285567
 -0.0012669   0.        ]",7.3333335,220,124,74620,0
221,"[-0.5257163  -0.90015596  1.1705166   0.7940328   0.66987216  1.1758721
  0.13932331  1.        ]","[-1.0371611e+00  7.7100220e+00 -2.3728369e+01  1.2074408e+01
 -2.0918210e-01 -3.4948692e+00  6.8007817e-04  0.0000000e+00]","[-0.5281323  -0.90218973  1.1686939   0.7949606   0.66903615  1.1808412
  0.13830371  1.        ]","[ 1.1813021e-02  8.4916791e-03 -1.1197392e-14 -9.7585833e-03
  3.6637487e-03 -2.6125610e-02 -4.1088770e-04  0.0000000e+00]",7.366667,221,124,74621,0
222,"[-0.52551633 -0.8996365   1.170846    0.7937973   0.6698889   1.1748514
  0.13957359  1.        ]","[-1.4217368e+00  7.9406433e+00 -1.2795029e+01  1.1708608e+01
 -2.6707685e-01 -2.9912868e+00  9.3000173e-04  0.0000000e+00]","[-0.5275571  -0.90176976  1.1688435   0.79471135  0.6692528   1.1796868
  0.1383459   1.        ]","[ 0.01266904  0.00938194  0.00267077 -0.00606059  0.00465673 -0.02619409
  0.00075329  0.        ]",7.4,222,124,74622,0
223,"[-0.5255488  -0.89945275  1.1709808   0.79376316  0.66989595  1.1745353
  0.1396301   1.        ]","[-1.4217368e+00  7.9406433e+00 -1.2795029e+01  1.1708608e+01
 -2.6707685e-01 -2.9912868e+00  9.3000173e-04  0.0000000e+00]","[-0.5275571  -0.90176976  1.1688435   0.79471135  0.6692528   1.1796868
  0.1383459   1.        ]","[ 0.01266904  0.00938194  0.00267077 -0.00606059  0.00465673 -0.02619409
  0.00075329  0.        ]",7.4333334,223,124,74623,0
224,"[-0.52503353 -0.89931434  1.1707782   0.79351354  0.6698393   1.174056
  0.13983603  1.        ]","[-1.4042752e+00  7.7479992e+00 -1.2777020e+01  1.1951823e+01
 -2.8363457e-01 -2.8804297e+00  1.1632505e-03  0.0000000e+00]","[-0.5268802  -0.901277    1.1692116   0.79433745  0.66940427  1.1782967
  0.13861817  1.        ]","[ 0.01208695  0.00879985  0.0065742  -0.00667693  0.00270501 -0.02482447
  0.00486217  0.        ]",7.4666667,224,124,74624,0
225,"[-0.52465737 -0.898692    1.17101     0.79313254  0.66976345  1.1729041
  0.14020626  1.        ]","[-1.8634626e+00  7.5781636e+00 -8.3628426e+00  1.1846792e+01
 -3.4858325e-01 -5.8369498e+00  1.2474802e-03  0.0000000e+00]","[-0.52668464 -0.90103537  1.1695588   0.79426455  0.66950786  1.1777693
  0.13874665  1.        ]","[ 0.01058036  0.00948466  0.01092277 -0.00510186  0.00338982 -0.02396845
  0.0051361   0.        ]",7.5,225,124,74625,0
226,"[-0.52465236 -0.89829797  1.1706779   0.7924637   0.6695102   1.172216
  0.14010707  1.        ]","[-7.43699133e-01  1.58030205e+01 -8.09802532e+00  1.17163105e+01
 -3.70370120e-01 -6.40619946e+00  1.43272919e-03  0.00000000e+00]","[-0.5262647  -0.9005349   1.1700611   0.7941112   0.6696689   1.176734
  0.13903618  1.        ]","[ 0.0084232   0.01020371  0.01102549 -0.00308166  0.00342406 -0.02109224
  0.00588939  0.        ]",7.5333333,226,124,74626,0
227,"[-0.5248063 -0.8980508  1.1702086  0.7919332  0.6692473  1.1718096
  0.1398935  1.       ]","[ 8.0888867e-01  4.9492273e+00 -1.2128327e+01  1.1873154e+01
 -2.1739770e-01 -3.5088413e+00  8.1961858e-04  0.0000000e+00]","[-0.5260576  -0.90023774  1.1702874   0.7940153   0.66971684  1.1761107
  0.13919725  1.        ]","[ 0.00873136  0.01119669  0.00917649 -0.00352679  0.00243109 -0.02307819
  0.00626604  0.        ]",7.5666666,227,124,74627,0
228,"[-0.5249417  -0.8976047   1.1698028   0.7914146   0.6689498   1.1711056
  0.13975771  1.        ]","[ 3.2018560e-01  7.9721298e+00 -1.2477778e+01  1.1807456e+01
 -2.4982047e-01 -3.5735805e+00  9.9030836e-04  0.0000000e+00]","[-0.5257336  -0.89986956  1.1705596   0.79387146  0.66977054  1.1753476
  0.13940817  1.        ]","[ 0.00801231  0.00979282  0.00715629 -0.00356103  0.00147235 -0.02006502
  0.00534154  0.        ]",7.6,228,124,74628,0
229,"[-0.5254477  -0.8969489   1.1682636   0.7903564   0.6681899   1.1701201
  0.13901493  1.        ]","[-7.2280663e-01  7.7194390e+00 -1.3747485e+01  1.1540846e+01
 -3.6224759e-01 -3.3149538e+00  1.3453343e-03  0.0000000e+00]","[-0.52519095 -0.8993902   1.1707283   0.7935858   0.66980314  1.1742163
  0.13976099  1.        ]","[ 0.0096901   0.00856016  0.00301318 -0.00510186  0.00058209 -0.02020198
  0.00630028  0.        ]",7.633333,229,124,74629,0
230,"[-0.52603847 -0.8963242   1.1660918   0.7898269   0.6671626   1.1692815
  0.1381192   1.        ]","[ 6.9910556e-02  1.5361026e+01 -1.3076036e+01  1.2130836e+01
 -2.9982141e-01 -6.1164069e+00  1.1127280e-03  0.0000000e+00]","[-0.5250049  -0.89906806  1.1707686   0.7932982   0.66980314  1.1736181
  0.13987987  1.        ]","[ 0.00753294  0.01027219  0.00208868 -0.00801231  0.00020544 -0.02092103
  0.00506762  0.        ]",7.6666665,230,124,74630,0
231,"[-0.5260306  -0.89596754  1.1648256   0.7896426   0.6664869   1.1688081
  0.13776906  1.        ]","[-2.2875398e-02  4.8220525e+00 -1.3034329e+01  1.4089857e+01
 -2.9867274e-01 -2.9621010e+00  1.1468737e-03  0.0000000e+00]","[-0.5248956  -0.8984813   1.1707169   0.7925427   0.66971684  1.1725385
  0.13991247  1.        ]","[ 0.00225988  0.01116245 -0.0009245  -0.01427835 -0.00154083 -0.02057863
  0.00078753  0.        ]",7.7,231,124,74631,0
232,"[-0.5257351  -0.89553225  1.1638603   0.7893072   0.6658871   1.1682835
  0.13732558  1.        ]","[-2.2875398e-02  5.1235528e+00 -1.4747877e+01  1.4619882e+01
 -2.9867274e-01 -3.0041010e+00  1.1468737e-03  0.0000000e+00]","[-0.5248937  -0.89829147  1.170623    0.7922589   0.6696037   1.1721895
  0.13991247  1.        ]","[ 0.00095874  0.01068308 -0.00260229 -0.01475772 -0.00356103 -0.01934596
  0.00020544  0.        ]",7.733333,232,124,74632,0
233,"[-0.5255771  -0.8949943   1.1618773   0.7890819   0.66475785  1.1678653
  0.13642387  1.        ]","[ 4.9841323e-01  6.1490583e+00 -1.5098903e+01  9.8126249e+00
 -2.7254027e-01 -2.2919090e+00  1.0621737e-03  0.0000000e+00]","[-0.5248899  -0.897651    1.1696795   0.7913864   0.66899204  1.1710563
  0.13969962  1.        ]","[ 3.42406420e-05  1.00325085e-02 -1.64355077e-02 -1.37647381e-02
 -9.72434226e-03 -1.79078560e-02 -3.80071136e-03  0.00000000e+00]",7.766667,233,124,74633,0
234,"[-0.5258051  -0.89509344  1.1585689   0.78950596  0.66357034  1.1682509
  0.135433    1.        ]","[ -2.8327394    5.6498833  -17.050442    14.679268     0.4028865
  -2.7560523   -0.19340932   0.        ]","[-0.52514684 -0.89708924  1.1682625   0.790629    0.66821736  1.1702893
  0.13905536  1.        ]","[-0.00458825  0.01147061 -0.02917303 -0.01602462 -0.01547677 -0.0160931
 -0.01307993  0.        ]",7.8,234,124,74634,0
235,"[-0.5255842  -0.89463204  1.1563005   0.78953445  0.6623977   1.1680015
  0.134586    1.        ]","[ -2.8327394    5.566133   -17.379917    15.123343     0.57478654
  -2.9800522   -0.10940933   0.        ]","[-0.5253481  -0.89677286  1.1673843   0.79031074  0.6677495   1.1698809
  0.13869104  1.        ]","[-0.00760142  0.01246359 -0.033864   -0.01458651 -0.01825026 -0.01616158
 -0.01486044  0.        ]",7.8333335,235,124,74635,0
236,"[-0.52527016 -0.8942719   1.1544956   0.78948253  0.6613733   1.1680455
  0.13380179  1.        ]","[ -2.7260792   4.798536  -17.008448   15.7712145   0.8300281  -3.107856
   0.1478771   0.       ]","[-0.52556676 -0.8963874   1.1662261   0.78993297  0.6671628   1.1694168
  0.1382366   1.        ]","[-0.0074987   0.01253207 -0.03636356 -0.01242935 -0.01883235 -0.01557949
 -0.01462075  0.        ]",7.866667,236,124,74636,0
237,"[-0.526015   -0.89412606  1.1465092   0.7912898   0.6582178   1.1690967
  0.13128264  1.        ]","[  0.69516206   5.196522   -16.556608    12.579668     1.0804385
  -2.8749356    0.33277544   0.        ]","[-0.5256856  -0.8960116   1.1651753   0.78965497  0.66662204  1.1689221
  0.13782817  1.        ]","[-0.00489641  0.01181302 -0.0329395  -0.00945042 -0.01729153 -0.01479196
 -0.012806    0.        ]",7.9,237,124,74637,0
238,"[-0.5262345  -0.8937167   1.1431004   0.7922653   0.6566104   1.169439
  0.13012485  1.        ]","[  2.7424674    6.0518336  -19.826942    11.728568     0.24796583
  -3.5385303    0.38332653   0.        ]","[-0.5256971  -0.89548624  1.161766    0.78947854  0.66498065  1.1685386
  0.13651662  1.        ]","[-0.00013696  0.00869712 -0.05766124 -0.00273925 -0.02811157 -0.00606059
 -0.02208521  0.        ]",7.9333334,238,124,74638,0
239,"[-0.52549374 -0.89313805  1.1402966   0.79246074  0.65483373  1.16997
  0.12885879  1.        ]","[  0.32847604   7.1202345  -15.360763    11.995945     0.44432285
  -2.8734279   -0.06099503   0.        ]","[-0.5257201  -0.89516026  1.1590452   0.78947854  0.6638091   1.1683315
  0.13567677  1.        ]","[-0.00044513  0.0074987  -0.06355064 -0.00020544 -0.02766644 -0.00458825
 -0.02020198  0.        ]",7.9666667,239,124,74639,0
240,"[-0.52686316 -0.8930652   1.1266603   0.79734105  0.649503    1.1726475
  0.12478649  1.        ]","[  4.4159403    5.1390386  -19.499264    16.61487     -0.1950654
  -0.86214143  -0.24085048   0.        ]","[-0.5257201  -0.8945121   1.1538852   0.78965306  0.6612838   1.1682855
  0.13369602  1.        ]","[ 3.5844342e-15  7.7726259e-03 -7.3857069e-02  3.2186203e-03
 -3.5336342e-02  2.3968449e-04 -2.8043086e-02  0.0000000e+00]",8.0,240,124,74640,0
241,"[-0.52636987 -0.8929192   1.1223277   0.79839426  0.6473806   1.174024
  0.12338196  1.        ]","[  4.4159403    5.1390386  -19.499264    16.61487     -0.1950654
  -0.86214143  -0.24085048   0.        ]","[-0.5257201  -0.8945121   1.1538852   0.78965306  0.6612838   1.1682855
  0.13369602  1.        ]","[ 3.5844342e-15  7.7726259e-03 -7.3857069e-02  3.2186203e-03
 -3.5336342e-02  2.3968449e-04 -2.8043086e-02  0.0000000e+00]",8.033334,241,124,74641,0
242,"[-0.5263181  -0.8929697   1.1205515   0.7989245   0.6466706   1.1744846
  0.12291099  1.        ]","[  1.3442957    6.535749   -27.17547     22.328686    -6.5179024
   0.15371196  -2.3600419    0.        ]","[-0.5259349  -0.894004    1.146131    0.7913826   0.65792626  1.1689624
  0.13106906  1.        ]","[-0.00383495  0.00753294 -0.11237779  0.02715283 -0.04848475  0.01051188
 -0.03752774  0.        ]",8.066667,242,124,74642,0
243,"[-0.525569   -0.89327157  1.1124504   0.8009483   0.6431159   1.1773243
  0.12046799  1.        ]","[ -1.3000653    8.449614   -14.451073    14.934937     0.43368423
  -2.6075723    0.36581516   0.        ]","[-0.5259656  -0.8938161   1.1447408   0.7916913   0.6572878   1.1691369
  0.13062997  1.        ]","[-0.00410888  0.00825199 -0.09601076  0.02362604 -0.04177358  0.01023795
 -0.0309193   0.        ]",8.1,243,124,74643,0
244,"[-0.52465665 -0.893574    1.1044296   0.8027608   0.6394065   1.180532
  0.11783768  1.        ]","[  0.04007779   6.636413   -19.300058    18.280306    -1.1798264
  -2.4709127   -0.7397928    0.        ]","[-0.5259694  -0.8935323   1.1422961   0.79222053  0.656051    1.169622
  0.12973835  1.        ]","[-0.00099298  0.00903953 -0.07413099  0.01650399 -0.03684293  0.01242935
 -0.02615985  0.        ]",8.133333,244,124,74644,0
245,"[-0.5232135  -0.8954177   1.0926676   0.8041679   0.6352005   1.1844822
  0.11474351  1.        ]","[ -0.8290662    7.5698147  -14.541362    12.912786     0.22419012
  -1.9178333    0.69876325   0.        ]","[-0.5262014  -0.89326     1.1312724   0.7957794   0.65129375  1.1719077
  0.12618142  1.        ]","[-0.0034583   0.00332134 -0.16257457  0.05454534 -0.0688237   0.03369279
 -0.05149793  0.        ]",8.166667,245,124,74645,0
246,"[-0.5216349  -0.895811    1.0842968   0.80522513  0.63100326  1.188725
  0.11181701  1.        ]","[  0.57664716   6.7692137  -18.723276    15.874256    -0.5291036
  -3.0610263    0.14228062   0.        ]","[-0.5262302  -0.893168    1.1267434   0.79715806  0.6493782   1.173062
  0.12480851  1.        ]","[-0.00222564  0.00181475 -0.14696084  0.04786842 -0.06187284  0.03290526
 -0.04530037  0.        ]",8.2,246,124,74646,0
247,"[-0.51899105 -0.89817     1.0687406   0.80633044  0.6247747   1.1951139
  0.10723931  1.        ]","[ -2.752518     8.52056    -12.87895     17.517767     0.8786072
  -3.4273958    0.21237391   0.        ]","[-0.5262302  -0.89311236  1.1197063   0.7987898   0.6463773   1.1751118
  0.12274148  1.        ]","[ 3.5844342e-15  1.9859574e-03 -1.5308991e-01  3.6945652e-02
 -6.5742031e-02  4.5163408e-02 -4.5574296e-02  0.0000000e+00]",8.233334,247,124,74647,0
248,"[-0.517182   -0.89952195  1.0598763   0.806707    0.6210352   1.1993691
  0.10433837  1.        ]","[ -4.1142306    5.910457   -21.573984    17.567562    -0.40997764
  -3.1265419   -0.25721535   0.        ]","[-0.52512383 -0.8933712   1.107977    0.8016028   0.6410525   1.1793647
  0.11895062  1.        ]","[ 0.01931172 -0.00462249 -0.18859746  0.04454708 -0.08488255  0.06957699
 -0.06029777  0.        ]",8.266666,248,124,74648,0
249,"[-0.51495796 -0.900519    1.0523827   0.8070025   0.61739165  1.2037485
  0.10165639  1.        ]","[ -3.544731     7.9846334  -20.915033    17.696487    -0.28105265
  -3.420542    -0.35521537   0.        ]","[-0.52467513 -0.8937777   1.1040654   0.8022566   0.6395971   1.1807568
  0.11793628  1.        ]","[ 0.0246875  -0.0118815  -0.208594    0.04238991 -0.08899143  0.07779474
 -0.06231797  0.        ]",8.3,249,124,74649,0
250,"[-0.5131654  -0.90448016  1.0280197   0.8073631   0.60801375  1.2127192
  0.09351656  1.        ]","[ -2.5788937    7.333347   -14.889059    15.484176    -0.68248314
  -2.2796881   -0.10992911   0.        ]","[-0.52275956 -0.8953577   1.0899854   0.8043045   0.6337373   1.1860356
  0.11368331  1.        ]","[ 0.03061114 -0.02413965 -0.21708567  0.03088506 -0.08905991  0.08255419
 -0.06485178  0.        ]",8.333333,250,124,74650,0
251,"[-0.511416   -0.90623826  1.0159339   0.80753183  0.60287195  1.2182194
  0.08923113  1.        ]","[  0.500178     7.3964624  -13.417156    16.411652     0.34543815
  -2.1326728    0.27093524   0.        ]","[-0.5205295  -0.8970432   1.0770482   0.80537254  0.62825334  1.191786
  0.10965278  1.        ]","[ 0.04300625 -0.03208348 -0.24834739  0.02044166 -0.1079265   0.11056303
 -0.07755505  0.        ]",8.366667,251,124,74651,0
252,"[-0.5121462  -0.90937793  0.9923745   0.80967605  0.593863    1.225693
  0.08096813  1.        ]","[ -2.3681011    7.0172777  -10.5346155   15.515712     1.3040121
  -4.020871     0.45120096   0.        ]","[-0.5194212  -0.89784276  1.0709832   0.8058787   0.62586033  1.1943306
  0.10790405  1.        ]","[ 0.04208175 -0.03352159 -0.24776529  0.02205097 -0.10063325  0.10590631
 -0.07413099  0.        ]",8.4,252,124,74652,0
253,"[-0.5093712  -0.91216457  0.97488     0.8111484   0.5861661   1.2343602
  0.07411421  1.        ]","[-3.0387716e+00  6.6715889e+00 -1.3996158e+01  1.7702682e+01
  1.5215014e-02 -4.2470603e+00  3.3433127e-01  0.0000000e+00]","[-0.51721233 -0.8992655   1.0608474   0.8063926   0.62117594  1.1994349
  0.10433178  1.        ]","[ 0.04523189 -0.02913879 -0.21236047  0.01177878 -0.09484658  0.10535846
 -0.07190535  0.        ]",8.433333,253,124,74653,0
254,"[-0.50943416 -0.91541785  0.95304585  0.8158598   0.577934    1.2420115
  0.06674992  1.        ]","[  1.7140607   7.586656  -13.3036     21.220795   -0.76753    -0.9404594
  -0.6009058   0.       ]","[-0.51452786 -0.9027975   1.0383266   0.8071443   0.61211395  1.2085525
  0.09692457  1.        ]","[ 0.03804135 -0.05218274 -0.33131245  0.01167606 -0.13477117  0.13168952
 -0.11028911  0.        ]",8.466666,254,124,74654,0
255,"[-0.5092766  -0.91890675  0.92788583  0.8218102   0.5679754   1.2517766
  0.05759309  1.        ]","[ 0.7466753  7.234607  -7.9549456 14.601833   1.0219672 -2.8947763
  1.1187142  0.       ]","[-0.5138855  -0.9036259   1.0325359   0.807313    0.60977846  1.2108842
  0.09495341  1.        ]","[ 0.0318438  -0.04550581 -0.29642123  0.01205271 -0.11967105  0.11539096
 -0.09779128  0.        ]",8.5,255,124,74655,0
256,"[-0.49797666 -0.9248929   0.8847036   0.8276512   0.5446905   1.2843895
  0.03512396  1.        ]","[10.268933   6.923406   0.8854911 12.570618   2.3243623 -1.2978101
  0.1149129  0.       ]","[-0.5096095  -0.9178497   0.9344685   0.8206471   0.5708288   1.2487658
  0.06022984  1.        ]","[ 0.00818351 -0.05512743 -0.37712643  0.07543214 -0.14309165  0.13908549
 -0.12723823  0.        ]",8.533334,256,124,74656,0
257,"[-0.49790603 -0.9249645   0.88434815  0.8277609   0.5444918   1.2846823
  0.03493888  1.        ]","[ 10.268933    5.306072  -10.058809   18.644419    0.8345622  -3.2438102
   0.8989129   0.       ]","[-0.5092241  -0.91868     0.92940634  0.8214141   0.56854314  1.2512528
  0.05808802  1.        ]","[ 0.00571819 -0.00729326 -0.0417051   0.00537578 -0.01961989  0.02331788
 -0.01972261  0.        ]",8.566667,257,124,74657,0
258,"[-0.52230304 -0.9199911   0.80943716  0.86799765  0.5152149   1.2994099
  0.00696861  1.        ]","[  0.76039565   5.2537994  -17.936535    18.002546    -2.159276
  -1.9913073   -0.43225005   0.        ]","[-0.5090975  -0.9189465   0.9282367   0.8218264   0.5679487   1.2520466
  0.05747443  1.        ]","[ 0.00225988 -0.0053073  -0.02372877  0.00835472 -0.01140213  0.01462075
 -0.01184726  0.        ]",8.6,258,124,74658,0
259,"[-5.2031022e-01 -9.1974574e-01  7.9783845e-01  8.7081444e-01
  5.0853890e-01  1.3077850e+00  8.2532823e-04  1.0000000e+00]","[15.072806   -2.5630414  -5.314396    9.669868    0.7677427  -0.49714208
  0.40718797  0.        ]","[-0.50190127 -0.9230557   0.89789265  0.82618093  0.55205667  1.2738521
  0.04222282  1.        ]","[ 0.08984745 -0.05331268 -0.38955578  0.06022929 -0.19777395  0.26307085
 -0.18168084  0.        ]",8.633333,259,124,74659,0
260,"[-0.52866876 -0.91175467  0.78883725  0.87778354  0.5014452   1.3097259
 -0.00739358  1.        ]","[15.972425   -3.8679953   0.24453016  7.4899864   0.9994194  -2.2114255
  0.04922245  0.        ]","[-0.50107867 -0.92348903  0.8943664   0.82714164  0.54999536  1.2764637
  0.04023632  1.        ]","[ 0.06902914 -0.04235568 -0.3078234   0.05992112 -0.15716454  0.20260188
 -0.14791958  0.        ]",8.666667,260,124,74660,0
261,"[-0.5307804  -0.9092278   0.7832721   0.88218874  0.49692163  1.3141044
 -0.01230136  1.        ]","[-23.546114   11.141236  -39.944565   49.07288   -10.776519   -4.655752
  -3.2331734   0.       ]","[-0.50536615 -0.9228601   0.87527984  0.8375746   0.5395835   1.2844788
  0.03001425  1.        ]","[-0.06187284  0.00349255 -0.4037999   0.20345789 -0.22273538  0.18976164
 -0.21801017  0.        ]",8.7,261,124,74661,0
262,"[-0.5341515  -0.9036026   0.76559365  0.8934096   0.48565176  1.3250912
 -0.02398125  1.        ]","[-13.747433     1.8687842  -15.988182    18.913107    -1.5404679
  -2.572663    -0.28587356   0.        ]","[-0.5094983  -0.9222561   0.8562834   0.8461975   0.53255403  1.2891958
  0.02338745  1.        ]","[-0.14815927  0.02222218 -0.6332807   0.32186204 -0.28337556  0.20465632
 -0.2725213   0.        ]",8.733334,262,124,74662,0
263,"[-0.53611493 -0.89906234  0.75674486  0.9002241   0.47830716  1.3325726
 -0.03209133  1.        ]","[ 9.277052    2.8060606  11.140339   -0.11124229  3.6477866  -3.0648966
  2.477321    0.        ]","[-0.5153581  -0.9208755   0.8284762   0.85871476  0.52123135  1.2972243
  0.01273012  1.        ]","[-0.15534979  0.03143291 -0.72432655  0.33076462 -0.2895731   0.20205404
 -0.26601556  0.        ]",8.766666,263,124,74663,0
264,"[-0.55020463 -0.88430583  0.7324893   0.9206181   0.4627846   1.3393766
 -0.04891505  1.        ]","[ -7.585141   14.796975  -19.507051   28.589058   -6.5644493   2.7932184
  -4.1541805   0.       ]","[-0.5261688  -0.9122085   0.7945733   0.8761638   0.50273347  1.3107387
 -0.00624522  1.        ]","[-0.13860612  0.1143295  -0.42824772  0.22256418 -0.23447992  0.17205922
 -0.2339663   0.        ]",8.8,264,124,74664,0
265,"[-0.55387723 -0.8782418   0.7212227   0.93044037  0.45440492  1.3470334
 -0.0579652   1.        ]","[ 3.9392917   2.5228488  -2.525165   16.933636    0.19478144 -2.861369
  0.12192506  0.        ]","[-0.5284564  -0.90978867  0.78605586  0.88126814  0.49776143  1.3149418
 -0.0116525   1.        ]","[-0.11491159  0.10443396 -0.39017212  0.22280386 -0.21191534  0.17079233
 -0.22184512  0.        ]",8.833333,265,124,74665,0
266,"[-0.5692942  -0.86355746  0.6958488   0.95027137  0.44041362  1.3500429
 -0.0733337   1.        ]","[  0.4627793   -1.2764548  -18.451965    22.42332     -0.21193568
  -1.9637038    1.0149256    0.        ]","[-0.53177935 -0.9048473   0.7727562   0.89001757  0.4887301   1.3232847
 -0.02134342  1.        ]","[-0.08484831  0.11771933 -0.33624312  0.21715416 -0.21506548  0.19993111
 -0.23441143  0.        ]",8.866667,266,124,74666,0
267,"[-0.57575953 -0.8521541   0.68315023  0.9652138   0.42852336  1.3595865
 -0.08637707  1.        ]","[ 6.1670427  -2.7309732  -4.7868776  18.093765    1.622176   -4.8564754
  0.88439757  0.        ]","[-0.5335473  -0.9028321   0.76774013  0.8934441   0.4855452   1.3257314
 -0.02448042  1.        ]","[-0.09090891  0.12422505 -0.32706663  0.21742807 -0.21814713  0.19267209
 -0.2290699   0.        ]",8.9,267,124,74667,0
268,"[-0.5800336  -0.8433552   0.67484003  0.9765677   0.41975933  1.3667334
 -0.09611014  1.        ]","[ 4.397891   -2.149214   -4.3662877  14.993695    0.11736344 -4.331985
  0.9006262   0.        ]","[-0.546565   -0.88748074  0.7384104   0.9170463   0.46586996  1.3385516
 -0.04573947  1.        ]","[-0.1739767   0.20907336 -0.39051452  0.32042393 -0.26539922  0.17325765
 -0.2867996   0.        ]",8.933333,268,124,74668,0
269,"[-0.5922141  -0.82690275  0.6594451   0.9926492   0.40773088  1.3697563
 -0.11020581  1.        ]","[ 1.3176011 -4.710074  -9.5866375 14.146668   1.4277956 -5.4074626
  3.132716   0.       ]","[-0.55680245 -0.87656647  0.71889627  0.9325184   0.4539701   1.3441813
 -0.05866326  1.        ]","[-0.23708221  0.2569418  -0.45865342  0.37024406 -0.28916222  0.14576241
 -0.31326765  0.        ]",8.966666,269,124,74669,0
270,"[-0.5957146  -0.8187795   0.6543882   1.0014907   0.40075234  1.3756543
 -0.11791769  1.        ]","[ 3.0671072   0.48091444 -4.854501   18.2417     -1.5834743   0.03944635
 -0.7246636   0.        ]","[-0.5609998  -0.87166923  0.7109464   0.939128    0.44891948  1.346862
 -0.0640878   1.        ]","[-0.24191014  0.26539922 -0.44776487  0.3690799  -0.28275922  0.13826372
 -0.30614558  0.        ]",9.0,270,124,74670,0
271,"[-0.60599536 -0.80275875  0.6451663   1.0111867   0.390607    1.3774414
 -0.1299265   1.        ]","[10.629363  -5.43405    3.835364  17.004002   3.4225245 -4.6004186
  1.7866231  0.       ]","[-0.56545407 -0.866168    0.7023849   0.9463032   0.44312677  1.3504112
 -0.07030617  1.        ]","[-0.20636836  0.24225254 -0.38171467  0.3226838  -0.25084695  0.13846916
 -0.2634475   0.        ]",9.033334,271,124,74671,0
272,"[-0.6133472  -0.7887929   0.6381821   1.0209653   0.38116008  1.3813585
 -0.14087857  1.        ]","[ 4.348242  -4.1576157 -5.3196635 13.64053    1.2225786 -3.7927487
  1.712099   0.       ]","[-0.57883424 -0.8459386   0.67938286  0.9715352   0.42391944  1.3619391
 -0.09189312  1.        ]","[-0.17466152  0.26122186 -0.289984    0.31977338 -0.24163622  0.13672289
 -0.26625523  0.        ]",9.066667,272,124,74672,0
273,"[-0.62375915 -0.7696825   0.63048434  1.0316156   0.36946064  1.3843194
 -0.15446721  1.        ]","[ 3.1589918  -0.3051157  -4.2166386  16.290655   -0.61102134 -2.9947486
  0.368099    0.        ]","[-0.58248127 -0.84025526  0.67370325  0.97803545  0.4189915   1.3647884
 -0.09746531  1.        ]","[-0.18609789  0.27772585 -0.2965582   0.33014828 -0.24690928  0.13398364
 -0.27354848  0.        ]",9.1,273,124,74673,0
274,"[-0.62760055 -0.7609738   0.6277333   1.0380008   0.36371654  1.3865663
 -0.16114576  1.        ]","[ 6.1585727 -2.905327  -4.660328  19.179966   1.4270694 -3.898821
  1.5063134  0.       ]","[-0.59517497 -0.8197823   0.6568755   0.9981479   0.40253383  1.3733481
 -0.1160514   1.        ]","[-0.15784936  0.25296986 -0.19910933  0.2329391  -0.19530863  0.09337423
 -0.22146848  0.        ]",9.133333,274,124,74674,0
275,"[-0.6320301  -0.75327826  0.6250481   1.0409949   0.3594717   1.386186
 -0.16628186  1.        ]","[ 3.0313535  -6.925874   -6.754365   19.707993   -1.628085   -2.7377324
  0.67354983  0.        ]","[-0.59833306 -0.8141833   0.6534547   1.0021803   0.3987679   1.374765
 -0.12049611  1.        ]","[-0.15993804  0.26146156 -0.18650877  0.20725861 -0.18890563  0.0755691
 -0.21763353  0.        ]",9.166667,275,124,74675,0
276,"[-0.64106846 -0.73445266  0.61982834  1.052599    0.34792688  1.3885188
 -0.17963612  1.        ]","[-15.036459   11.6191025 -20.962873   22.475742   -8.08821    -1.1781749
  -1.8965567   0.       ]","[-0.613832   -0.786936    0.63905066  1.0211078   0.38044834  1.3808761
 -0.14166121  1.        ]","[-0.20249917  0.35942402 -0.17972913  0.24848434 -0.23913665  0.07570606
 -0.2760823   0.        ]",9.2,276,124,74676,0
277,"[-0.6566278  -0.70638275  0.61041903  1.0654613   0.33252195  1.3863516
 -0.19800125  1.        ]","[ -0.51580167  -7.4777675  -14.765547    20.739897    -2.0050313
  -2.728708     0.5583924    0.        ]","[-0.6231912  -0.76948696  0.6319867   1.0314257   0.36942092  1.3837676
 -0.15455048  1.        ]","[-0.15726727  0.2941956  -0.11477464  0.1732234  -0.18623486  0.04834779
 -0.21807866  0.        ]",9.233334,277,124,74677,0
278,"[-0.65971947 -0.699405    0.60893863  1.0698719   0.3283425   1.386829
 -0.20277858  1.        ]","[ 8.152671  -8.8439245 -4.3568597 19.65644    1.4363768 -1.2764163
  1.289156   0.       ]","[-0.6312983  -0.7538902   0.6261345   1.0406622   0.3598393   1.3856813
 -0.16572362  1.        ]","[-0.17743501  0.3470289  -0.1251153   0.20760101 -0.21164142  0.04310897
 -0.24365641  0.        ]",9.266666,278,124,74678,0
279,"[-0.66378474 -0.6897154   0.60754675  1.0764219   0.32241458  1.3873081
 -0.20969522  1.        ]","[ 1.2173418 -2.6538327 -8.825883  16.715134  -0.7769833 -2.4476895
  0.8809723  0.       ]","[-0.64410895 -0.73032635  0.6178127   1.0530164   0.34614852  1.3859977
 -0.18224458  1.        ]","[-0.20301276  0.372367   -0.13025141  0.19359659 -0.21153869  0.00410888
 -0.25560638  0.        ]",9.3,279,124,74679,0
280,"[-0.67308897 -0.67117655  0.60331357  1.0852523   0.3123685   1.3852898
 -0.22162943  1.        ]","[ 4.1490035  -2.614707   -5.053784   27.837929   -0.31062433 -1.3169141
 -0.05908626  0.        ]","[-0.6495373  -0.720156    0.6146278   1.058       0.34039992  1.3861952
 -0.18869114  1.        ]","[-0.17815407  0.32836777 -0.10998094  0.16548502 -0.18637182  0.00393767
 -0.2186265   0.        ]",9.333333,280,124,74680,0
281,"[-0.6809394  -0.65682405  0.59976465  1.0873555   0.30591276  1.3810723
 -0.22937271  1.        ]","[  7.431971   -12.829175    -5.6841707   23.608568     0.48177487
  -4.7124934    0.901766     0.        ]","[-0.65752363 -0.7031768   0.61053586  1.0679939   0.33047315  1.3866764
 -0.20040692  1.        ]","[-0.12381417  0.26447472 -0.0607429   0.15870538 -0.15534979  0.00746446
 -0.17969489  0.        ]",9.366667,281,124,74681,0
282,"[-0.6946489  -0.6283866   0.5943677   1.0990411   0.29113346  1.3767015
 -0.24654761  1.        ]","[ 3.058442   -9.740332   -7.631577   14.242914    0.31412458 -2.919662
  1.6229378   0.        ]","[-0.6668406  -0.68377     0.60620236  1.0788238   0.3193882   1.3858098
 -0.21370462  1.        ]","[-0.16637528  0.34654954 -0.07738385  0.19339114 -0.19794515 -0.01547677
 -0.23745885  0.        ]",9.4,282,124,74682,0
283,"[-0.69816583 -0.6194079   0.59418225  1.1042206   0.28610086  1.3752458
 -0.25212896  1.        ]","[ 2.1019258  -4.9213395  -8.802097   22.27404    -0.7615651  -3.344752
  0.29548725  0.        ]","[-0.67377037 -0.67022496  0.6031651   1.0837114   0.31234533  1.3838615
 -0.22180404  1.        ]","[-0.15719879  0.3071728  -0.06937154  0.11997921 -0.16188976 -0.04149966
 -0.18267383  0.        ]",9.433333,283,124,74683,0
284,"[-0.70501643 -0.6048421   0.5924119   1.108338    0.27937376  1.3709861
 -0.25973427  1.        ]","[ -0.54457414  -8.639839   -14.245597    20.44044     -1.4778152
  -2.630752     0.40748724   0.        ]","[-0.6771298  -0.662858    0.60212195  1.0866739   0.30860242  1.3829182
 -0.22616822  1.        ]","[-0.16144463  0.33206576 -0.05978416  0.12295815 -0.17062113 -0.04533461
 -0.19263786  0.        ]",9.466666,284,124,74684,0
285,"[-0.71042067 -0.5913932   0.5918944   1.1142387   0.272524    1.367565
 -0.2673286   1.        ]","[  7.4136043 -14.658719   -4.560868   23.228346    1.0556011  -2.9737465
   1.0486188   0.       ]","[-0.6842168  -0.6487454   0.59910387  1.091899    0.30140615  1.3807956
 -0.23445362  1.        ]","[-0.17572297  0.35976642 -0.0678992   0.13696258 -0.18325593 -0.05156641
 -0.20712164  0.        ]",9.5,285,124,74685,0
286,"[-0.7165742  -0.5783958   0.5901263   1.1166769   0.2668953   1.3627139
 -0.27369457  1.        ]","[  6.853283   -13.4724245   -2.442859    24.61282      0.11792389
  -2.818426     0.5775011    0.        ]","[-0.6889357  -0.6395204   0.5969237   1.0952967   0.29665655  1.3790162
 -0.23991267  1.        ]","[-0.14641298  0.28299892 -0.06861825  0.10279041 -0.14572817 -0.05228546
 -0.1668889   0.        ]",9.533334,286,124,74686,0
287,"[-0.7237237 -0.5629823  0.5881537  1.121546   0.2595352  1.3573953
 -0.2819779  1.       ]","[ -1.8590001   -0.476648   -17.494009    21.104097    -1.3193737
  -4.075033     0.05584352   0.        ]","[-0.6973208  -0.621034    0.5945518   1.1029054   0.2871382   1.3748361
 -0.25116634  1.        ]","[-0.1267931   0.28032815 -0.03441185  0.11470615 -0.1403524  -0.06509146
 -0.16664921  0.        ]",9.566667,287,124,74687,0
288,"[-0.7274053 -0.5547421  0.5874514  1.1244147  0.2553694  1.3547052
 -0.2862989  1.       ]","[ -9.224827    5.819941  -16.716557   32.98114    -7.9695187  -6.9536533
  -3.8070128   0.       ]","[-0.70465136 -0.6049023   0.59299093  1.108792    0.27917683  1.3708361
 -0.2598525   1.        ]","[-0.14131114  0.30977508 -0.03167259  0.1132338  -0.1529872  -0.07656208
 -0.17175107  0.        ]",9.6,288,124,74688,0
289,"[-0.73122746 -0.54406255  0.5878774   1.1301005   0.24945241  1.3511139
 -0.29242516  1.        ]","[ 2.9218689e-02 -6.4505634e+00 -7.5785685e+00  2.3641037e+01
 -1.4019823e+00 -3.7406876e+00 -2.1577546e-02  0.0000000e+00]","[-0.71235573 -0.5875108   0.59116167  1.1142223   0.2709681   1.3654308
 -0.26914844  1.        ]","[-0.12895025  0.29066882 -0.03102202  0.0905665  -0.13716802 -0.09101163
 -0.15521283  0.        ]",9.633333,289,124,74689,0
290,"[-0.7413725  -0.5264645   0.5811469   1.1338731   0.24088806  1.3437667
 -0.30293962  1.        ]","[-11.8468      5.968394  -14.876353   31.875202   -7.9511337  -6.960415
  -2.653275    0.       ]","[-0.71520704 -0.5814324   0.59030265  1.1159806   0.26811683  1.3634923
 -0.2723257   1.        ]","[-0.13463421  0.29347655 -0.03797287  0.08690275 -0.1385034  -0.09440145
 -0.15562372  0.        ]",9.666667,290,124,74690,0
291,"[-0.7440707  -0.5196939   0.5809799   1.1377509   0.23706438  1.3414881
 -0.306727    1.        ]","[-11.444229    7.419615  -14.557413   31.532766   -7.4982653  -7.0754857
  -3.0342999   0.       ]","[-0.72037274 -0.5700541   0.588993    1.1195836   0.26267505  1.359709
 -0.27829286  1.        ]","[-0.1331961   0.2905661  -0.03578147  0.08974472 -0.13788706 -0.09532595
 -0.1520627   0.        ]",9.7,291,124,74691,0
292,"[-0.74577886 -0.51625264  0.5803163   1.1393824   0.2351198   1.3402798
 -0.30882466  1.        ]","[  2.526585  -11.774269  -14.876126   21.224575   -1.2173027  -2.3089325
   0.6631819   0.       ]","[-0.7231684  -0.5633717   0.5886114   1.1221548   0.25941917  1.3574541
 -0.2818939   1.        ]","[-0.12521803  0.28628603 -0.02427662  0.09888697 -0.13846916 -0.09577107
 -0.14918648  0.        ]",9.733334,292,124,74692,0
293,"[-0.75543123 -0.49722058  0.57503825  1.1466026   0.22488414  1.3324901
 -0.32112405  1.        ]","[ 1.9054496  -7.460944   -4.9025497  31.805115   -0.5199121  -3.1202397
 -0.23401174  0.        ]","[-0.7250149  -0.55907655  0.58837944  1.1237675   0.25723323  1.3560237
 -0.28421596  1.        ]","[-0.11980801  0.27974606 -0.019209    0.10186591 -0.1377501  -0.09323727
 -0.1503849   0.        ]",9.766666,293,124,74693,0
294,"[-0.75932497 -0.4914438   0.5714092   1.1483347   0.22148208  1.3303227
 -0.32556725  1.        ]","[  2.4028318  -11.26447     -9.796384    22.214228    -0.96780413
  -2.796417     0.17843437   0.        ]","[-0.730334   -0.5479379   0.5865348   1.127497    0.25158244  1.3518109
 -0.2907181   1.        ]","[-0.12795728  0.27560294 -0.03708262  0.09539443 -0.13994151 -0.10077021
 -0.15757544  0.        ]",9.8,294,124,74694,0
295,"[-0.76622546 -0.47893876  0.5666927   1.1536014   0.21453455  1.3255318
 -0.3344151   1.        ]","[ -8.654399    0.6604568 -12.9587145  34.499878   -6.8139453  -6.052894
  -2.8308177   0.       ]","[-0.738257   -0.53214175  0.58291656  1.1327125   0.24355204  1.3460279
 -0.2996152   1.        ]","[-0.1200477   0.23899968 -0.05396325  0.07882196 -0.12162276 -0.08707395
 -0.12949811  0.        ]",9.833333,295,124,74695,0
296,"[-0.7703009  -0.47104824  0.56385374  1.1578602   0.20984629  1.3225824
 -0.34038436  1.        ]","[-15.585735    6.3494587  -9.585009   27.694786   -9.3024235  -4.7036796
  -2.9262197   0.       ]","[-0.7462069  -0.51537347  0.57966644  1.1397458   0.2346262   1.3394951
 -0.3099178   1.        ]","[-0.11515128  0.24064323 -0.0481081   0.09950331 -0.12997748 -0.09498354
 -0.1514806   0.        ]",9.866667,296,124,74696,0
297,"[-0.7766451  -0.462501    0.5572661   1.1620215   0.20444271  1.3195124
 -0.34817332  1.        ]","[-10.8845     5.525229 -14.902851  33.58546   -8.124687  -6.831246
  -3.607191   0.      ]","[-0.75158346 -0.5056787   0.5763664   1.14318     0.22920549  1.3357636
 -0.31624547  1.        ]","[-0.13593535  0.2557776  -0.07772626  0.09690102 -0.14066055 -0.10001691
 -0.16435508  0.        ]",9.9,297,124,74697,0
298,"[-0.7810626  -0.453533    0.5540013   1.1673005   0.1986371   1.316455
 -0.35625973  1.        ]","[  2.87079    -13.682142    -6.0794168   20.420645    -0.88330615
  -2.173737     0.5816754    0.        ]","[-0.7544482  -0.50034237  0.57459277  1.1453161   0.22630052  1.3336658
 -0.31982157  1.        ]","[-0.1305938   0.23612347 -0.07971222  0.08721092 -0.13165528 -0.09207309
 -0.15463074  0.        ]",9.933333,298,124,74698,0
299,"[-0.7868181  -0.44589177  0.54754925  1.1704761   0.19353333  1.313943
 -0.3641251   1.        ]","[  1.8122467 -11.343734   -7.0904994  22.624102   -1.0067272  -2.7586617
   0.2779229   0.       ]","[-0.76183623 -0.4866228   0.569684    1.1509861   0.21860185  1.3284024
 -0.32951057  1.        ]","[-0.13192919  0.2449918  -0.08765604  0.10124958 -0.13747618 -0.09399056
 -0.17301796  0.        ]",9.966666,299,124,74699,0
300,"[-0.78837216 -0.443393    0.54591686  1.1715772   0.19174612  1.313191
 -0.36695182  1.        ]","[-10.619698   -1.026892  -10.041825   32.23698    -7.3649263  -6.2934065
  -2.399887    0.       ]","[-0.7645092  -0.48166806  0.56775314  1.15308     0.21586369  1.3265923
 -0.33292177  1.        ]","[-0.13370971  0.2482789  -0.09347695  0.10604327 -0.13874309 -0.09433297
 -0.17466152  0.        ]",10.0,300,124,74700,0
301,"[-0.79149276 -0.43770874  0.542772    1.174155    0.18793607  1.3115261
 -0.37307537  1.        ]","[  4.9374056  -13.604606    -3.161049    25.752821     0.7899141
  -3.6678467    0.26033527   0.        ]","[-0.7689136  -0.4744545   0.56420004  1.156286    0.21158005  1.3238983
 -0.3383885   1.        ]","[-0.11672635  0.19945174 -0.09108011  0.08686851 -0.11511704 -0.07361738
 -0.14576241  0.        ]",10.033334,301,124,74701,0
302,"[-0.798696   -0.42914498  0.5337051   1.1758847   0.18179317  1.3089838
 -0.38432407  1.        ]","[ -0.6033568  -10.01805     -5.804496    26.010935    -2.1020029
  -3.6196086   -0.31526124   0.        ]","[-0.7710976  -0.4705275   0.56228447  1.1582916   0.20923689  1.3224659
 -0.34170574  1.        ]","[-0.11039183  0.185687   -0.09234701  0.08741636 -0.11124784 -0.0688237
 -0.14791958  0.        ]",10.066667,302,124,74702,0
303,"[-0.8004802  -0.42549103  0.53189903  1.1777887   0.17918676  1.3080113
 -0.3887168   1.        ]","[  4.2978053  -15.219621    -3.02858     23.214567    -0.23564303
  -2.8904603    0.13714005   0.        ]","[-0.779477   -0.45715696  0.5545111   1.1650296   0.20077124  1.3177835
 -0.35405043  1.        ]","[-0.12583436  0.1968837  -0.11734268  0.09672982 -0.12237605 -0.06772799
 -0.18089332  0.        ]",10.1,303,124,74703,0
304,"[-0.80509335 -0.42071488  0.52557254  1.1767864   0.1750372   1.306758
 -0.39679486  1.        ]","[  4.0756626  -14.116309    -2.338289    24.627954    -0.3674466
  -2.7271032    0.21212602   0.        ]","[-0.78322566 -0.45131442  0.5509771   1.1677736   0.19688451  1.3158411
 -0.35954592  1.        ]","[-0.10980974  0.16836125 -0.10326978  0.08036279 -0.11090544 -0.05608617
 -0.15802057  0.        ]",10.133333,304,124,74704,0
305,"[-0.80664814 -0.4162815   0.52342576  1.1794432   0.17159145  1.305647
 -0.4041717   1.        ]","[  4.51323    -17.521908    -1.1027294   21.745428    -0.02571942
  -2.7259243    1.7972119    0.        ]","[-0.78718716 -0.44476432  0.5470386   1.1709163   0.19256252  1.3137567
 -0.36618423  1.        ]","[-0.09772279  0.16028045 -0.09553139  0.07697296 -0.10669384 -0.05208002
 -0.15901354  0.        ]",10.166667,305,124,74705,0
306,"[-0.8079021  -0.41363898  0.5210004   1.1802605   0.16916499  1.3049806
 -0.41007337  1.        ]","[  1.9996984  -11.4952      -5.263919    23.528166    -0.43571985
  -2.998828    -0.13197763   0.        ]","[-0.7936874  -0.43550673  0.53978294  1.1741645   0.18614282  1.3109611
 -0.37685114  1.        ]","[-0.11607578  0.16531383 -0.1295666   0.05800365 -0.11463767 -0.04992286
 -0.1904807   0.        ]",10.2,306,124,74706,0
307,"[-0.8088456  -0.4117941   0.51869524  1.1806211   0.16699196  1.3045471
 -0.41583848  1.        ]","[ 3.34489512e+00 -1.43152075e+01 -2.63169074e+00  2.27428780e+01
  2.15878114e-02 -2.07581425e+00 -3.13400209e-01  0.00000000e+00]","[-0.79812443 -0.42926535  0.5343258   1.17599     0.18174988  1.3091049
 -0.38474154  1.        ]","[-0.09693526  0.13651744 -0.11474039  0.04184207 -0.09371664 -0.04102029
 -0.16716282  0.        ]",10.233334,307,124,74707,0
308,"[-0.8107122  -0.41128615  0.5146291   1.1791791   0.16490531  1.3049346
 -0.42195544  1.        ]","[  2.6905     -14.212722    -2.8981636   24.803679     0.51563865
  -3.7397857    0.734343     0.        ]","[-0.8031923  -0.42184472  0.5277642   1.177566    0.17596677  1.3071625
 -0.3958495   1.        ]","[-0.08464286  0.12494411 -0.10970702  0.02705011 -0.09556563 -0.03252861
 -0.18757024  0.        ]",10.266666,308,124,74708,0
309,"[-0.81099343 -0.40962788  0.51346195  1.1801549   0.16336305  1.3046191
 -0.42674813  1.        ]","[  5.8335238  -16.180883     0.6214803   24.977686     0.43241328
  -3.7257888    0.70085746   0.        ]","[-0.80453074 -0.4197815   0.52598286  1.1781855   0.1743139   1.3066525
 -0.39916864  1.        ]","[-0.07745233  0.12015042 -0.10063325  0.03276829 -0.09333999 -0.03050841
 -0.18578973  0.        ]",10.3,309,124,74709,0
310,"[-0.81087846 -0.41146037  0.51130545  1.1774662   0.16254643  1.3057156
 -0.43083698  1.        ]","[  2.781746   -15.311552    -3.3468573   23.91968     -0.70222723
  -3.6447067    0.02601054   0.        ]","[-0.80668217 -0.4158066   0.52274424  1.1794816   0.17093915  1.3056133
 -0.4066027   1.        ]","[-0.04249264  0.07724689 -0.0652969   0.02513263 -0.06543387 -0.02016774
 -0.14689235  0.        ]",10.333333,310,124,74710,0
311,"[-0.8082656  -0.418658    0.5110851   1.1704776   0.16342118  1.309051
 -0.43255877  1.        ]","[ 1.885661 -4.767614 -4.05358  32.179676 -7.252019 -6.190927 -2.760418
  0.      ]","[-0.80762553 -0.41392937  0.52081907  1.179917    0.16905235  1.3051511
 -0.41106275  1.        ]","[-0.03023449  0.0618386  -0.05814061  0.01653823 -0.0587227  -0.01602462
 -0.13939366  0.        ]",10.366667,311,124,74711,0
312,"[-0.8055685  -0.4231555   0.5114002   1.1642394   0.16379999  1.3109308
 -0.43616647  1.        ]","[  1.8853587  -13.298819    -4.1302185   21.999506    -1.1084576
  -3.7785864   -0.66348016   0.        ]","[-0.80889684 -0.41260248  0.5182094   1.1799457   0.16720583  1.3049747
 -0.4160712   1.        ]","[-0.0263653   0.0298236  -0.05512743  0.00154083 -0.04006155 -0.00445128
 -0.10621447  0.        ]",10.4,312,124,74712,0
313,"[-0.8046235  -0.4247445   0.51147765  1.1622887   0.16406146  1.311531
 -0.43713748  1.        ]","[ 2.7105508e+00 -1.3828202e+01 -4.0288129e+00  1.8792915e+01
 -5.6304443e-03 -2.5334716e+00  2.2256619e-01  0.0000000e+00]","[-0.81013745 -0.41135803  0.51474833  1.1796907   0.16465366  1.3049037
 -0.42368358  1.        ]","[-0.01931172  0.01835298 -0.05372357 -0.00458825 -0.03985611 -0.00071905
 -0.11648667  0.        ]",10.433333,313,124,74713,0
314,"[-0.80286044 -0.42953074  0.5104247   1.1568458   0.16519558  1.3125472
 -0.44047073  1.        ]","[ 2.7105508e+00 -1.3828202e+01 -4.0288129e+00  1.8792915e+01
 -5.6304443e-03 -2.5334716e+00  2.2256619e-01  0.0000000e+00]","[-0.81013745 -0.41135803  0.51474833  1.1796907   0.16465366  1.3049037
 -0.42368358  1.        ]","[-0.01931172  0.01835298 -0.05372357 -0.00458825 -0.03985611 -0.00071905
 -0.11648667  0.        ]",10.466666,314,124,74714,0
315,"[-0.80206    -0.43210572  0.50934     1.1542004   0.16572358  1.3128222
 -0.44226938  1.        ]","[ -0.8781673  -14.511538   -11.385398    21.783335     0.22141029
  -3.359235    -0.21145353   0.        ]","[-0.80888915 -0.41672698  0.5117897   1.1719594   0.16358563  1.3081596
 -0.4313765   1.        ]","[ 0.02523535 -0.08796421 -0.02742676 -0.11456919 -0.00585515  0.04838203
 -0.08426622  0.        ]",10.5,315,124,74715,0
316,"[-0.80119514 -0.4349659   0.5081747   1.1512752   0.16647162  1.3130149
 -0.4441243   1.        ]","[-2.4571726  -9.983784   -1.2599472  21.839128   -0.05902838 -3.1656265
  0.83371073  0.        ]","[-0.8071807  -0.42018226  0.51157683  1.1678023   0.16358563  1.3095804
 -0.43396124  1.        ]","[ 0.0417051  -0.08957352 -0.00821775 -0.10991246 -0.00013696  0.03879465
 -0.06878945  0.        ]",10.533334,316,124,74716,0
317,"[-0.8013161  -0.43495077  0.5074496   1.1482667   0.16671237  1.312025
 -0.44564942  1.        ]","[-3.2058537  -9.503596   -4.343546   19.77184    -0.2359271  -2.441026
  0.03710532  0.        ]","[-0.80600333 -0.4223375   0.5115653   1.1652884   0.16365658  1.3104126
 -0.43538594  1.        ]","[ 0.03810984 -0.07101509 -0.00150659 -0.08330748  0.0012669   0.02776916
 -0.05036798  0.        ]",10.566667,317,124,74717,0
318,"[-0.8013759  -0.43582746  0.505763    1.144763    0.1672168   1.3110532
 -0.44796416  1.        ]","[ -2.4851053 -10.039394   -5.632512   21.24465    -1.243698   -3.265187
   0.3344037   0.       ]","[-0.8043467  -0.42621848  0.5110725   1.1606923   0.16431044  1.3115728
 -0.43819886  1.        ]","[ 0.03516514 -0.08026007 -0.00893681 -0.09484658  0.01253207  0.02479023
 -0.05687371  0.        ]",10.6,318,124,74718,0
319,"[-0.8018432  -0.43497527  0.50433624  1.1388758   0.16737032  1.3089007
 -0.45030916  1.        ]","[ -2.6343443  -10.486992    -5.369568    20.731806    -1.0669185
  -3.687076     0.04054677   0.        ]","[-0.80307347 -0.4295127   0.51015216  1.1569724   0.16506208  1.3122898
 -0.44049025  1.        ]","[ 0.0245163  -0.06296854 -0.01749697 -0.07163142  0.01427835  0.0139017
 -0.04519765  0.        ]",10.633333,319,124,74719,0
320,"[-0.80198824 -0.43470162  0.5035392   1.1349868   0.16766632  1.3072237
 -0.45207205  1.        ]","[  9.232983   -20.592289    -3.8332443   19.618525     5.329851
  -2.2160118    0.20816904   0.        ]","[-0.8018712  -0.4332096   0.50852615  1.1523091   0.16603808  1.3125468
 -0.4433588   1.        ]","[ 0.01989381 -0.06105107 -0.02708435 -0.07830835  0.01619582  0.00390343
 -0.04803962  0.        ]",10.666667,320,124,74720,0
321,"[-0.80259645 -0.43290126  0.5023747   1.1299967   0.16778772  1.3037273
 -0.45467013  1.        ]","[-3.2176707 -9.995692  -4.598216  20.110786  -1.7184271 -3.427288
  0.8507102  0.       ]","[-0.8016603  -0.43383852  0.50812924  1.1507636   0.1662816   1.3124356
 -0.44428495  1.        ]","[ 0.01475772 -0.04430739 -0.02283851 -0.07755505  0.01362778 -0.00136963
 -0.04653303  0.        ]",10.7,321,124,74721,0
322,"[-0.8031798  -0.4312873   0.501369    1.1267475   0.16770658  1.3006496
 -0.45665318  1.        ]","[ -1.6632069  -20.596094    -4.671029    20.138704    -0.33297914
  -3.0845332   -0.33767816   0.        ]","[-0.8014743  -0.43499094  0.50656456  1.1462883   0.16687602  1.3113734
 -0.446816    1.        ]","[ 0.00277349 -0.01866115 -0.02629681 -0.07443916  0.00979282 -0.01818178
 -0.04194479  0.        ]",10.733334,322,124,74722,0
323,"[-0.80290836 -0.4320315   0.5006235   1.1244009   0.16812007  1.2987708
 -0.4581214   1.        ]","[-0.8514316  -6.717199   -3.9226892  19.32392    -0.2804999  -2.6226692
  0.37818578  0.        ]","[-0.80151457 -0.43508297  0.5047794   1.1398762   0.16730745  1.3090091
 -0.4498552   1.        ]","[-0.00071905 -0.00099298 -0.02770068 -0.10299585  0.00677965 -0.03828104
 -0.04769722  0.        ]",10.766666,323,124,74723,0
324,"[-0.8027952  -0.4322338   0.5002134   1.122167    0.16840118  1.296649
 -0.45939973  1.        ]","[ -2.2441752  -16.304367    -3.0198789   21.316069    -0.34129602
  -2.7919652    0.47471765   0.        ]","[-0.8016008  -0.43504655  0.5043499   1.1383173   0.16738032  1.3084472
 -0.45053592  1.        ]","[-0.00225988  0.00047937 -0.02831701 -0.10374915  0.00602635 -0.03814407
 -0.04759449  0.        ]",10.8,324,124,74724,0
325,"[-0.8026393  -0.43261182  0.4996725   1.1196675   0.16877575  1.2939171
 -0.46106622  1.        ]","[ -5.1996617  -13.080093    -3.8174798   20.50224     -0.53632075
  -2.8776336    0.4090679    0.        ]","[-0.80215496 -0.43370238  0.50299424  1.1327528   0.16758357  1.3049536
 -0.4533987   1.        ]","[-0.00897105  0.02263306 -0.02098951 -0.08827238  0.00318438 -0.05769548
 -0.04540309  0.        ]",10.833333,325,124,74725,0
326,"[-0.8022581  -0.43341884  0.498916    1.1166048   0.16937521  1.2905341
 -0.4630841   1.        ]","[ 2.9315877e+00 -3.1157832e+00 -1.3463639e+01  1.3139544e+01
 -3.7294612e-04 -6.7294531e+00 -2.8568146e+00  0.0000000e+00]","[-0.80260557 -0.43264776  0.50153697  1.1274087   0.16787885  1.3010324
 -0.4564053   1.        ]","[-0.00804655  0.01883235 -0.02602289 -0.09542867  0.00527306 -0.07002211
 -0.05368933  0.        ]",10.866667,326,124,74726,0
327,"[-0.802158   -0.4334461   0.49872556  1.1150024   0.16961965  1.2888126
 -0.46392146  1.        ]","[-2.2230723 -2.825371  -3.3839056 20.815794  -0.3350012 -3.3343449
  0.2008217  0.       ]","[-0.8026612  -0.43250397  0.50115347  1.1260436   0.16798815  1.2999126
 -0.45717806  1.        ]","[-0.0054785   0.01338809 -0.02424238 -0.08714244  0.00588939 -0.0662214
 -0.04896412  0.        ]",10.9,327,124,74727,0
328,"[-0.8020727  -0.43299925  0.4988463   1.1127161   0.16990304  1.2865176
 -0.46478516  1.        ]","[  1.4033254  -11.024262   -11.840834    14.565457    -0.11058173
  -6.3695307   -2.864175     0.        ]","[-0.8027973  -0.43230456  0.50059545  1.1239899   0.1681684   1.2982367
 -0.45830935  1.        ]","[-0.00325286  0.00558122 -0.01544253 -0.05598345  0.00479369 -0.0459167
 -0.03115899  0.        ]",10.933333,328,124,74728,0
329,"[-0.80182564 -0.43355274  0.49857754  1.11027     0.17045954  1.2838365
 -0.46604827  1.        ]","[ 0.3880305  -8.91992    -3.5283675  19.884668   -0.17731394 -3.2183478
  0.43674576  0.        ]","[-0.8028127  -0.4324177   0.49991858  1.1207762   0.16866694  1.2948256
 -0.46040708  1.        ]","[-0.00013696 -0.00225988 -0.01150486 -0.05505895  0.00866288 -0.0588939
 -0.03612388  0.        ]",10.966666,329,124,74729,0
330,"[-0.8014986  -0.4342086   0.49826342  1.1082186   0.17094965  1.2814742
 -0.46711233  1.        ]","[ 0.3880305  -8.91992    -3.6859424  19.62682    -1.1477201  -3.470348
 -0.20725425  0.        ]","[-0.8027398  -0.43258834  0.49960604  1.1192135   0.1689047   1.2931823
 -0.46134087  1.        ]","[ 0.00130114 -0.0054785  -0.01287448 -0.06481753  0.01037491 -0.06885793
 -0.03992459  0.        ]",11.0,330,124,74730,0
331,"[-0.800808   -0.434863    0.4986558   1.10533     0.17164554  1.2786086
 -0.46786723  1.        ]","[  0.07175379 -19.506124   -13.8877125   20.170198    -0.16870646
  -2.8548071   -0.36689466   0.        ]","[-0.8024944  -0.43293923  0.49915352  1.1165961   0.16929778  1.2904364
 -0.4628538   1.        ]","[ 0.0053073  -0.00845744 -0.01164182 -0.06598172  0.00992979 -0.06920034
 -0.03763046  0.        ]",11.033334,331,124,74731,0
332,"[-0.80030954 -0.43524322  0.49918324  1.1043092   0.17201044  1.2778095
 -0.467828    1.        ]","[ 0.21720588 -8.4902935  -3.7787442  20.255913   -0.18769704 -2.6337583
  0.24999212  0.        ]","[-0.8023314  -0.4329699   0.49895984  1.1144562   0.16958733  1.2882504
 -0.46392757  1.        ]","[ 0.00479369 -0.00277349 -0.00578667 -0.0556068   0.00780687 -0.05769548
 -0.02807733  0.        ]",11.066667,332,124,74732,0
333,"[-0.79894364 -0.43682393  0.500305    1.1033128   0.1730373   1.2762165
 -0.46760547  1.        ]","[ -0.39430824 -11.108926    -3.8122873   21.209936    -0.19440651
  -3.0770962    0.7568281    0.        ]","[-0.80217993 -0.43309456  0.49878535  1.1125579   0.16991714  1.2863023
 -0.46488246  1.        ]","[ 0.00359527 -0.00222564 -0.00428008 -0.04923804  0.00780687 -0.04964893
 -0.02431086  0.        ]",11.1,333,124,74733,0
334,"[-0.7985446  -0.43740076  0.5003505   1.1021899   0.17360933  1.2741523
 -0.46806836  1.        ]","[ -0.39430824 -11.108926    -3.8122873   21.209936    -0.19440651
  -3.0770962    0.7568281    0.        ]","[-0.80217993 -0.43309456  0.49878535  1.1125579   0.16991714  1.2863023
 -0.46488246  1.        ]","[ 0.00359527 -0.00222564 -0.00428008 -0.04923804  0.00780687 -0.04964893
 -0.02431086  0.        ]",11.133333,334,124,74734,0
335,"[-0.79811347 -0.4381508   0.5002369   1.1009816   0.17415507  1.2724957
 -0.46831357  1.        ]","[ -2.3291202 -20.555353   -3.5362985  12.599715    5.8817296  -6.0284386
  -3.290054    0.       ]","[-0.80145895 -0.4341856   0.49850923  1.1081554   0.1709449   1.2814646
 -0.4668076   1.        ]","[ 0.01006675 -0.01475772 -0.00253381 -0.05591497  0.01314841 -0.06016081
 -0.02225642  0.        ]",11.166667,335,124,74735,0
336,"[-0.7978844  -0.43858042  0.50031847  1.1009134   0.1744632   1.2718543
 -0.46828163  1.        ]","[ -2.9782634  -10.886335    -3.8123834   12.812031    -0.98821515
  -6.705947    -3.4692688    0.        ]","[-0.8012442  -0.43436968  0.49852842  1.1073769   0.1711424   1.280757
 -0.4670262   1.        ]","[ 0.01099125 -0.01314841 -0.00037665 -0.05091584  0.01222391 -0.05088159
 -0.01736001  0.        ]",11.2,336,124,74736,0
337,"[-0.7978057  -0.4385278   0.500416    1.1005514   0.17481342  1.2703706
 -0.46841803  1.        ]","[ -2.2699966 -11.086681   -2.252268   20.38001    -1.0977992  -2.4125834
  -0.542092    0.       ]","[-0.80030847 -0.43535718  0.49899244  1.105515    0.17196116  1.2785596
 -0.46732917  1.        ]","[ 0.01749697 -0.0182845   0.00862864 -0.03574723  0.01530557 -0.04156814
 -0.00626604  0.        ]",11.233334,337,124,74737,0
338,"[-0.79750973 -0.4393739   0.5002982   1.0990839   0.17549638  1.268329
 -0.46873406  1.        ]","[ -2.3202467 -10.885681   -6.970089   20.32271    -1.2410492  -2.4265835
  -0.640092    0.       ]","[-0.7997198  -0.4360513   0.49940085  1.1043531   0.17251147  1.2770505
 -0.4675631   1.        ]","[ 0.02074983 -0.02407117  0.01301144 -0.03900009  0.01845571 -0.0502995
 -0.00674541  0.        ]",11.266666,338,124,74738,0
339,"[-0.7973256  -0.44029588  0.5000518   1.0984851   0.17592831  1.2674366
 -0.46893406  1.        ]","[ -2.5891407 -11.356086   -7.4367504  21.447674   -1.2140039  -3.6173065
  -0.6390125   0.       ]","[-0.79898345 -0.43693525  0.4998457   1.1028516   0.17322862  1.2751197
 -0.46787372  1.        ]","[ 0.01944868 -0.02314667  0.01222391 -0.03886313  0.01831874 -0.05084736
 -0.00794383  0.        ]",11.3,339,124,74739,0
340,"[-0.7972468  -0.44009012  0.50016856  1.0976913   0.17622076  1.2658918
 -0.46905676  1.        ]","[ 0.41353127 -9.933892   -3.5104332  20.113344   -1.1037854  -2.8910365
 -0.6527132   0.        ]","[-0.7983392  -0.43790933  0.50013715  1.1016992   0.1739956   1.2729433
 -0.4681326   1.        ]","[ 0.0095189  -0.01455227  0.0043828  -0.01722304  0.0115391  -0.03379551
 -0.00390343  0.        ]",11.333333,340,124,74740,0
341,"[-0.79717386 -0.44039437  0.50014496  1.0968847   0.17657833  1.2647687
 -0.46925008  1.        ]","[  0.41353127 -10.855142    -3.5104332   20.41417     -1.1181104
  -3.0590365   -0.6107132    0.        ]","[-0.7981379  -0.43812793  0.50022346  1.1012927   0.17426597  1.2719884
 -0.46822846  1.        ]","[ 0.00753294 -0.00982706  0.0034583  -0.01403866  0.01010099 -0.03273406
 -0.00356103  0.        ]",11.366667,341,124,74741,0
342,"[-0.7966736  -0.44066298  0.50080717  1.0947266   0.17707355  1.2634319
 -0.46911106  1.        ]","[-8.3441764e-02 -1.1155621e+01 -3.8187971e+00  2.0167593e+01
 -7.5403672e-01 -3.6751840e+00  1.1440351e-03  0.0000000e+00]","[-0.79781383 -0.43891793  0.5002599   1.1001135   0.17495818  1.2699041
 -0.46851608  1.        ]","[ 0.00537578 -0.01362778  0.00051361 -0.02009926  0.01174454 -0.03499394
 -0.00493065  0.        ]",11.4,342,124,74742,0
343,"[-0.79617554 -0.44123572  0.50129163  1.0923135   0.17763554  1.2619278
 -0.46908534  1.        ]","[ 1.2840930e-01 -1.1140640e+01 -3.9597623e+00  2.0381731e+01
 -7.4829602e-01 -3.5235968e+00  1.0342029e-03  0.0000000e+00]","[-0.7976144  -0.43941072  0.5002599   1.0992277   0.17540687  1.2684966
 -0.46872318  1.        ]","[ 5.17033692e-03 -1.38332192e-02 -1.13401355e-14 -2.15716045e-02
  1.15733370e-02 -3.48912142e-02 -5.30729955e-03  0.00000000e+00]",11.433333,343,124,74743,0
344,"[-0.795964   -0.44151288  0.5014784   1.0911642   0.17790677  1.2611519
 -0.4690939   1.        ]","[-3.1199917e-01 -2.1515989e+01 -4.2310705e+00  1.3459191e+01
  6.0694036e+00 -6.2460208e+00  1.1033799e-03  0.0000000e+00]","[-0.79754347 -0.43955645  0.5002599   1.0989074   0.17556794  1.2679732
 -0.46879986  1.        ]","[ 4.82793059e-03 -1.14021339e-02 -1.13401355e-14 -2.15373635e-02
  1.08885244e-02 -3.44803259e-02 -5.06761530e-03  0.00000000e+00]",11.466666,344,124,74744,0
345,"[-0.7954122  -0.44195247  0.5020597   1.0882293   0.1783105   1.2601107
 -0.46891314  1.        ]","[ 3.8597664e-01 -1.0691558e+01 -3.3862698e+00  2.0936825e+01
 -1.4364980e-01 -3.3729475e+00  1.1229883e-03  0.0000000e+00]","[-0.7973728  -0.43994185  0.5002599   1.0979238   0.17602813  1.266397
 -0.4690012   1.        ]","[ 3.69798951e-03 -8.25199485e-03 -1.13401355e-14 -2.03389414e-02
  9.69010219e-03 -3.26313339e-02 -4.31432109e-03  0.00000000e+00]",11.5,345,124,74745,0
346,"[-0.79503834 -0.44216537  0.50258034  1.0865096   0.17854923  1.2596334
 -0.46870378  1.        ]","[-3.2691464e-02 -2.0860586e+01 -3.8984458e+00  2.0083876e+01
  6.2752962e+00 -6.3002944e+00  1.0719416e-03  0.0000000e+00]","[-0.7972942  -0.44010293  0.5002599   1.097475    0.17623138  1.2657623
 -0.46907407  1.        ]","[ 3.69798951e-03 -8.14927276e-03 -1.13401355e-14 -2.10922360e-02
  1.00667486e-02 -3.24601308e-02 -4.07463638e-03  0.00000000e+00]",11.533334,346,124,74746,0
347,"[-0.79489636 -0.44221932  0.50279045  1.0860374   0.17860779  1.2596028
 -0.4686016   1.        ]","[ 1.9036753e-01 -1.1048109e+01 -3.5501170e+00  2.0437702e+01
 -1.5987420e-01 -3.2477734e+00  1.1093912e-03  0.0000000e+00]","[-0.79698545 -0.44042507  0.5003922   1.0959046   0.17671075  1.264399
 -0.46912968  1.        ]","[ 0.00585515 -0.00626604  0.0023626  -0.03033721  0.00924497 -0.02633105
 -0.00116418  0.        ]",11.566667,347,124,74747,0
348,"[-0.79449123 -0.44324723  0.5030796   1.0835749   0.17926003  1.257679
 -0.46855095  1.        ]","[ 1.9036753e-01 -1.1048109e+01 -3.5501170e+00  2.0437702e+01
 -1.5987420e-01 -3.2477734e+00  1.1093912e-03  0.0000000e+00]","[-0.79698545 -0.44042507  0.5003922   1.0959046   0.17671075  1.264399
 -0.46912968  1.        ]","[ 0.00585515 -0.00626604  0.0023626  -0.03033721  0.00924497 -0.02633105
 -0.00116418  0.        ]",11.6,348,124,74748,0
349,"[-0.79378825 -0.44445643  0.5037301   1.0810422   0.17982368  1.2567993
 -0.46821967  1.        ]","[-3.3174190e-01 -1.1447568e+01 -4.7830176e+00  1.9597111e+01
 -2.3485580e-01 -2.8713286e+00  1.4107982e-03  0.0000000e+00]","[-0.79636616 -0.44103864  0.50105757  1.0927945   0.17743556  1.2624183
 -0.4691335   1.        ]","[ 8.8340854e-03 -8.9025674e-03  9.7243423e-03 -4.3862265e-02
  9.7928233e-03 -2.7015867e-02 -3.4240642e-05  0.0000000e+00]",11.633333,349,124,74749,0
350,"[-0.7934322  -0.4456463   0.50385535  1.0790881   0.18030475  1.2555983
 -0.46807125  1.        ]","[-2.1814880e+00 -1.0666384e+01 -6.4429879e+00  2.0791483e+01
 -8.6906147e-01 -2.9914844e+00  5.6475482e-04  0.0000000e+00]","[-0.7961686  -0.44122463  0.5012704   1.0918032   0.17760813  1.2619772
 -0.4691335   1.        ]","[ 1.0169471e-02 -9.9982675e-03  1.1196690e-02 -5.0744634e-02
  1.0340674e-02 -2.7563717e-02  5.8286709e-15  0.0000000e+00]",11.666667,350,124,74750,0
351,"[-0.7931233  -0.44584677  0.5044147   1.0777348   0.18082793  1.2535625
 -0.46772492  1.        ]","[-2.5697825e+00 -1.0290162e+01 -7.2194042e+00  2.1473686e+01
 -1.2119466e+00 -3.4175370e+00  7.4015337e-04  0.0000000e+00]","[-0.7954745  -0.44179797  0.502116    1.0885856   0.1781757   1.2606293
 -0.4689801   1.        ]","[ 0.01414139 -0.01181302  0.01712032 -0.06735134  0.01164182 -0.02838549
  0.00273925  0.        ]",11.7,351,124,74751,0
352,"[-0.79289573 -0.44673866  0.5044663   1.0762213   0.18126275  1.2523106
 -0.46759737  1.        ]","[ 1.4896492e+00 -1.0732045e+01 -1.6301501e+00  2.0038559e+01
 -1.2285469e+00 -2.4418356e+00  6.2677346e-04  0.0000000e+00]","[-0.7947708  -0.4429005   0.502812    1.0850651   0.17894077  1.2586082
 -0.46865606  1.        ]","[ 0.00989555 -0.01674367  0.00962162 -0.05005982  0.01133365 -0.02941271
  0.00472521  0.        ]",11.733334,352,124,74752,0
353,"[-0.7927386  -0.44758573  0.5044425   1.0748723   0.18167667  1.2510068
 -0.467513    1.        ]","[ 1.4896492e+00 -1.0732045e+01 -1.6301501e+00  2.0038559e+01
 -1.2285469e+00 -2.4418356e+00  6.2677346e-04  0.0000000e+00]","[-0.7947708  -0.4429005   0.502812    1.0850651   0.17894077  1.2586082
 -0.46865606  1.        ]","[ 0.00989555 -0.01674367  0.00962162 -0.05005982  0.01133365 -0.02941271
  0.00472521  0.        ]",11.766666,353,124,74753,0
354,"[-0.7926157  -0.44818008  0.5044708   1.0737615   0.18198398  1.2500055
 -0.4674442   1.        ]","[-1.8503683e+00 -1.1400090e+01 -7.4059691e+00  2.1375191e+01
 -1.5667580e+00 -3.1338899e+00  1.0696886e-03  0.0000000e+00]","[-0.7940345  -0.44419098  0.50347936  1.0817882   0.17964832  1.2570704
 -0.46831667  1.        ]","[ 0.01314841 -0.02304395  0.01191574 -0.05851726  0.0126348  -0.027461
  0.00606059  0.        ]",11.8,354,124,74754,0
355,"[-0.79222625 -0.4492677   0.5046727   1.072077    0.18247549  1.2489309
 -0.46725437  0.        ]","[ 1.2693536e+00 -9.9766521e+00 -2.0510221e+00  2.0024273e+01
 -1.2946845e+00 -3.3586187e+00  9.1253413e-04  0.0000000e+00]","[-0.79349184 -0.4453108   0.5040258   1.0791785   0.18038656  1.254848
 -0.46795043  0.        ]","[ 0.00773839 -0.01667519  0.00763566 -0.03742502  0.01095701 -0.03280254
  0.0054785   0.        ]",11.833333,355,124,74755,0
356,"[-0.79120886 -0.45107067  0.5055207   1.069605    0.18329675  1.2478982
 -0.4666518   0.        ]","[ 1.2693536e+00 -1.0747152e+01 -2.0510221e+00  2.0511322e+01
 -1.3233345e+00 -3.3026187e+00  9.1253413e-04  0.0000000e+00]","[-0.79336333 -0.44557732  0.50414276  1.078586    0.18056871  1.2543131
 -0.46787947  0.        ]","[ 0.00756718 -0.01653823  0.0074987  -0.03674021  0.01095701 -0.03273406
  0.00506762  0.        ]",11.866667,356,124,74756,0
357,"[-0.7910867  -0.45168188  0.50549936  1.068629    0.18360859  1.2469994
 -0.46664497  0.        ]","[ 5.1349819e-01 -1.0960254e+01 -3.2285585e+00  1.9970207e+01
 -1.4391938e-01 -2.5603542e+00  1.0245139e-03  0.0000000e+00]","[-0.7929492  -0.4470346   0.5043403   1.0757903   0.18135296  1.2517897
 -0.4676206   0.        ]","[ 0.00393767 -0.01787362  0.00071905 -0.03071386  0.00879985 -0.02944695
  0.00270501  0.        ]",11.9,357,124,74757,0
358,"[-0.79120815 -0.45194042  0.5052311   1.0680374   0.18380933  1.2459905
 -0.46677238  0.        ]","[ 5.1617885e-01 -1.0495265e+01 -3.2749920e+00  2.1167833e+01
 -1.4611596e-01 -3.2999933e+00  1.0333972e-03  0.0000000e+00]","[-0.7927747  -0.44777092  0.504394    1.0745018   0.18171345  1.2507658
 -0.46752092  0.        ]","[ 0.0042116  -0.01869539  0.00106146 -0.03215196  0.00914225 -0.02691315
  0.00253381  0.        ]",11.933333,358,124,74758,0
359,"[-0.7911123  -0.4527319   0.50506383  1.0669464   0.18417096  1.2449709
 -0.466714    0.        ]","[ 1.3032953e+00 -1.0219689e+01 -2.4242134e+00  2.1047798e+01
 -8.2701609e-02 -3.3095264e+00  8.8370143e-04  0.0000000e+00]","[-0.7926232  -0.4482062   0.50447065  1.0737712   0.18192628  1.2502403
 -0.46746337  0.        ]","[ 0.0053073  -0.01825026  0.0021914  -0.03156987  0.0087656  -0.0235918
  0.00239685  0.        ]",11.966666,359,124,74759,0
360,"[-0.79095817 -0.45340407  0.5050473   1.0662216   0.18446587  1.2444577
 -0.46665198  0.        ]","[ 1.13822975e+01 -2.11575050e+01 -6.55635023e+00  1.29190884e+01
  5.98252010e+00 -3.36267543e+00  1.48306985e-03  0.00000000e+00]","[-0.792163   -0.4492512   0.5047736   1.0721797   0.18240757  1.2492989
 -0.4671911   0.        ]","[ 0.01054612 -0.02533808  0.0065742  -0.03944522  0.01181302 -0.02479023
  0.00575243  0.        ]",12.0,360,124,74760,0
361,"[-0.7909257  -0.45408833  0.50485104  1.0655398   0.18478617  1.243444
 -0.46672583  0.        ]","[-1.1307950e+00 -9.9799318e+00 -2.3020971e+00  2.1000179e+01
 -7.4279386e-01 -3.2904723e+00  8.6836086e-04  0.0000000e+00]","[-0.79187924 -0.4498015   0.50498456  1.0713552   0.18265876  1.2488176
 -0.46705112  0.        ]","[ 0.01328537 -0.02848822  0.00917649 -0.04314321  0.01307993 -0.02540656
  0.00736174  0.        ]",12.033334,361,124,74761,0
362,"[-0.7909163  -0.45453474  0.5047154   1.0652766   0.18499112  1.2429258
 -0.46679392  0.        ]","[ 2.1530705e-02 -9.9866114e+00 -3.9636538e+00  1.9672955e+01
 -1.8396001e-01 -2.3316207e+00  1.1200425e-03  0.0000000e+00]","[-0.7913538  -0.45136425  0.50527793  1.0690657   0.18343343  1.2468925
 -0.4668153   0.        ]","[ 0.00386919 -0.01623007  0.00112994 -0.02304395  0.00763566 -0.02283851
  0.00188324  0.        ]",12.066667,362,124,74762,0
363,"[-0.7908081  -0.45581335  0.50429994  1.0661939   0.18533647  1.2428372
 -0.46683872  0.        ]","[ 5.5737215e-01 -1.0808421e+01 -3.4089785e+00  2.0501989e+01
 -1.5254980e-01 -2.6221373e+00  1.0276438e-03  0.0000000e+00]","[-0.7912752  -0.45184556  0.50527793  1.0683141   0.1836942   1.2461888
 -0.46679035  0.        ]","[ 2.43108557e-03 -1.55794928e-02 -1.13401355e-14 -2.30781939e-02
  7.90958852e-03 -2.31124330e-02  9.92978690e-04  0.00000000e+00]",12.1,363,124,74763,0
364,"[-0.7907345  -0.45684254  0.5039557   1.0664794   0.18570235  1.2423232
 -0.4669311   0.        ]","[ 2.8013745e-01 -1.1677424e+01 -3.6796136e+00  2.1115175e+01
 -1.6862471e-01 -3.0631113e+00  1.0669292e-03  0.0000000e+00]","[-0.79119855 -0.4523345   0.5052626   1.0675375   0.18396074  1.2455655
 -0.4667616   0.        ]","[ 0.00243109 -0.01510012 -0.00027393 -0.02393421  0.00808079 -0.02037318
  0.00082178  0.        ]",12.133333,364,124,74764,0
365,"[-0.7905891  -0.4581781   0.50345415  1.068647    0.1860917   1.2425196
 -0.46692526  0.        ]","[ 2.8013745e-01 -1.1426174e+01 -3.6796136e+00  2.0828676e+01
 -1.6862471e-01 -3.4131112e+00  1.0669292e-03  0.0000000e+00]","[-0.79113716 -0.45290592  0.5051725   1.0668856   0.18421575  1.2448868
 -0.46674818  0.        ]","[ 0.00229412 -0.0179421  -0.00188324 -0.02335212  0.00873136 -0.02184553
  0.00068481  0.        ]",12.166667,365,124,74765,0
366,"[-0.7904747  -0.45932505  0.50289947  1.0704154   0.18642125  1.24279
 -0.4669807   0.        ]","[ 6.3290596e-01 -1.0814698e+01 -4.0737319e+00  1.8742846e+01
 -1.8231259e-01 -4.0470190e+00  1.2531491e-03  0.0000000e+00]","[-0.790955   -0.4543076   0.50492704  1.0659786   0.18481208  1.2436136
 -0.46673474  0.        ]","[ 0.00222564 -0.01739425 -0.00369799 -0.0076699   0.00722478 -0.01434683
  0.00010272  0.        ]",12.2,366,124,74766,0
367,"[-0.789925   -0.46226597  0.5020935   1.0760828   0.18701145  1.2446303
 -0.46665958  0.        ]","[ 6.3290596e-01 -1.0563448e+01 -4.0737319e+00  1.8742846e+01
 -1.8231259e-01 -3.8090191e+00  1.2531491e-03  0.0000000e+00]","[-0.7908994  -0.45481572  0.5047621   1.0659766   0.184977    1.2433643
 -0.46673474  0.        ]","[ 2.4310856e-03 -2.0921033e-02 -6.1633158e-03 -2.7392514e-03
  7.5329412e-03 -1.2703278e-02  3.4240642e-05  0.0000000e+00]",12.233334,367,124,74767,0
368,"[-0.7895345  -0.4645464   0.50133204  1.0805886   0.18749505  1.246339
 -0.46649     0.        ]","[ 4.3968922e-01 -9.2142420e+00 -4.0882587e+00  1.8344309e+01
 -1.8152232e-01 -3.5558257e+00  1.2855695e-03  0.0000000e+00]","[-0.79082847 -0.4557112   0.5044304   1.0659863   0.18527612  1.2429425
 -0.46673474  0.        ]","[ 2.0886792e-03 -2.3454839e-02 -8.3547169e-03  1.7120321e-04
  7.7383853e-03 -1.1162450e-02  5.8286709e-15  0.0000000e+00]",12.266666,368,124,74768,0
369,"[-0.7891456  -0.46610078  0.50095147  1.0836657   0.18793984  1.2477621
 -0.46630445  0.        ]","[ 1.7411022e-01 -1.1750068e+01 -4.0629478e+00  2.5908386e+01
 -1.8482986e-01 -4.0280027e+00  1.2321381e-03  0.0000000e+00]","[-0.79072493 -0.457109    0.50385517  1.0672039   0.18574399  1.2427506
 -0.4667731   0.        ]","[ 0.00178051 -0.02256458 -0.00910801  0.02126344  0.00756718 -0.00260229
 -0.00068481  0.        ]",12.3,369,124,74769,0
370,"[-0.7883527  -0.46904314  0.5000918   1.09105     0.18876319  1.2519325
 -0.46579486  0.        ]","[-3.9537001e-01 -1.1890191e+01 -8.4374247e+00  2.4659605e+01
 -1.8476358e-01 -6.4836988e+00  1.0274695e-03  0.0000000e+00]","[-0.79067695 -0.4576862   0.5036174   1.0680553   0.18591464  1.2427335
 -0.4668153   0.        ]","[ 0.00225988 -0.02571472 -0.01034067  0.03300798  0.00808079 -0.00133539
 -0.00136963  0.        ]",12.333333,370,124,74770,0
371,"[-0.7875264  -0.47226378  0.49940932  1.0974543   0.18944179  1.2552727
 -0.46519086  0.        ]","[ 3.0229981e+00 -9.3090878e+00 -3.5749664e+00  2.3799736e+01
 -1.0367999e+00 -3.7041509e+00  1.9529274e-03  0.0000000e+00]","[-0.7900442  -0.46148086  0.502348    1.074891    0.18677942  1.2443135
 -0.46682486  0.        ]","[ 0.00907377 -0.05064191 -0.01602462  0.09217581  0.01075156  0.02571472
  0.00013696  0.        ]",12.366667,371,124,74771,0
372,"[-0.78628147 -0.47613358  0.49889863  1.10509     0.190405    1.2600818
 -0.46415344  0.        ]","[ 2.6805851e+00 -7.9085860e+00 -3.2167256e+00  1.9892357e+01
 -8.7879926e-01 -2.9943407e+00  1.7405122e-03  0.0000000e+00]","[-0.7897758  -0.46303785  0.50187826  1.0777423   0.18710156  1.2452166
 -0.46673474  0.        ]","[ 0.00914225 -0.05184033 -0.0162643   0.09484658  0.0107858   0.02951543
  0.00174627  0.        ]",12.4,372,124,74772,0
373,"[-0.7856535  -0.47838628  0.49832615  1.1101993   0.19099541  1.2639886
 -0.4635739   0.        ]","[ 3.7532661e+00 -7.6720896e+00 -3.1575975e+00  2.2252684e+01
 -6.5294936e-02 -2.8122580e+00  1.9074547e-03  0.0000000e+00]","[-0.78952074 -0.46428612  0.501489    1.0802293   0.18742944  1.2462962
 -0.46656984  0.        ]","[ 0.00777263 -0.04211599 -0.01284024  0.08015735  0.00972434  0.03067962
  0.00424584  0.        ]",12.433333,373,124,74773,0
374,"[-0.7846284  -0.48248205  0.49703562  1.1196388   0.19192128  1.2709631
 -0.46252424  0.        ]","[-1.9606154e+00 -1.3367089e+01 -4.2606225e+00  2.8111609e+01
 -7.1852297e-01 -3.4282579e+00  1.9074547e-03  0.0000000e+00]","[-0.78916407 -0.46573383  0.50108826  1.0834697   0.1878532   1.2482289
 -0.46633974  0.        ]","[ 0.01040915 -0.04536885 -0.01325113  0.09553139  0.01277176  0.05201153
  0.00674541  0.        ]",12.466666,374,124,74774,0
375,"[-0.78438616 -0.48400974  0.496077    1.1250005   0.19234365  1.2758509
 -0.46199176  0.        ]","[ -0.94321096 -13.788314    -3.314104    29.575457    -0.1896754
  -2.8780782    0.31230214   0.        ]","[-0.78794074 -0.4705486   0.49989173  1.0937378   0.18902095  1.2536956
 -0.4654577   0.        ]","[ 0.01557949 -0.06139347 -0.01468924  0.12467018  0.01427835  0.0688237
  0.01205271  0.        ]",12.5,375,124,74775,0
376,"[-0.7844209  -0.48540846  0.4945255   1.1322066   0.19269717  1.2823197
 -0.4615074   0.        ]","[ 10.474207  -25.376333  -13.559967   38.377296    6.4684186  -1.7489262
   3.4161742   0.       ]","[-0.7874959  -0.4720289   0.49963865  1.0967579   0.18939102  1.255592
 -0.46510872  0.        ]","[ 0.01859267 -0.06783071 -0.01403866  0.13542174  0.01650399  0.08327324
  0.01527133  0.        ]",12.533334,376,124,74776,0
377,"[-0.78441924 -0.48592934  0.49359143  1.1371315   0.1929004   1.2873293
 -0.46107218  0.        ]","[ -1.5761501  -12.333597    -4.9849634   27.173515    -1.0782857
  -4.364148     0.03406426   0.        ]","[-0.78602517 -0.4772943   0.49850157  1.1082993   0.190716    1.2630126
 -0.46381825  0.        ]","[ 0.02211946 -0.08056823 -0.01818178  0.1759969   0.02044166  0.11761661
  0.01992805  0.        ]",12.566667,377,124,74777,0
378,"[-0.7848417  -0.48736504  0.49118742  1.1454498   0.19293648  1.2937254
 -0.46109343  0.        ]","[-3.8643727 -7.485282  -6.0212703 19.852642  -1.8658179 -2.9297469
 -0.3573244  0.       ]","[-0.78528506 -0.48003054  0.4977039   1.1148857   0.19137752  1.267722
 -0.46308005  0.        ]","[ 0.01965413 -0.07348042 -0.02102375  0.1756545   0.01790786  0.1275464
  0.01999654  0.        ]",12.6,378,124,74778,0
379,"[-0.7850351  -0.48756886  0.49037442  1.1488105   0.19292295  1.2964954
 -0.46108538  0.        ]","[  8.48598   -17.556572   -5.699202   27.79645     4.9890447  -2.8095663
   2.5267973   0.       ]","[-0.7849936  -0.48135933  0.4972092   1.118132    0.1916709   1.270207
 -0.46272722  0.        ]","[ 0.01708608 -0.06769375 -0.02177705  0.16373876  0.01533981  0.11973953
  0.01753121  0.        ]",12.633333,379,124,74779,0
380,"[-0.7852549  -0.4867696   0.48948556  1.1545551   0.19285384  1.3033712
 -0.46074906  0.        ]","[ 2.4498963  -7.996377   -4.2507896  22.78023    -0.19977523 -4.2163863
 -0.73529863  0.        ]","[-0.7846753  -0.4833861   0.49598968  1.1244079   0.19215602  1.2758521
 -0.46212512  0.        ]","[ 0.00650572 -0.04036972 -0.02403693  0.12237605  0.00958738  0.10912493
  0.01194998  0.        ]",12.666667,380,124,74780,0
381,"[-0.78580546 -0.48699394  0.48746422  1.1608918   0.19256943  1.3083252
 -0.4611507   0.        ]","[  1.5513573  -11.7156105   -4.7696395   25.038975    -0.13269505
  -4.058612    -0.56548303   0.        ]","[-0.7845564  -0.48491624  0.49434832  1.132724    0.1926028   1.2834108
 -0.46151537  0.        ]","[ 0.00188324 -0.02547504 -0.02790612  0.13764739  0.00746446  0.1278888
  0.01027219  0.        ]",12.7,381,124,74781,0
382,"[-0.7859448  -0.48809338  0.48554492  1.16906     0.1924906   1.314244
 -0.46122432  0.        ]","[ 8.9583981e-01 -9.6450663e+00 -4.2762394e+00  2.4184315e+01
 -3.0075055e-01 -3.2596679e+00  1.9641609e-03  0.0000000e+00]","[-0.7845564  -0.4855471   0.49355832  1.1361237   0.19268332  1.2860512
 -0.46140033  0.        ]","[ 0.00041089 -0.02492719 -0.03050841  0.13843492  0.00541002  0.12165701
  0.00763566  0.        ]",12.733334,382,124,74782,0
383,"[-0.78537273 -0.4881572   0.48570898  1.1759586   0.19271074  1.3210374
 -0.46034208  0.        ]","[-4.72354382e-01 -1.94211102e+01 -1.39679003e+01  3.14735794e+01
 -1.04651615e-01 -6.84006274e-01  1.07326522e-03  0.00000000e+00]","[-0.7845717  -0.48659596  0.4919764   1.1423594   0.19276962  1.2912053
 -0.46126804  0.        ]","[-0.00027393 -0.0246875  -0.03478849  0.140866    0.00215716  0.11611002
  0.00318438  0.        ]",12.766666,383,124,74783,0
384,"[-0.7850299  -0.48793826  0.48573047  1.1816785   0.1928199   1.3264185
 -0.459775    0.        ]","[ 6.1781156e-01 -6.2640543e+00 -5.2066560e+00  2.4990126e+01
 -1.1784943e-01 -2.6301475e+00  1.4009275e-03  0.0000000e+00]","[-0.7849514  -0.48703507  0.48998797  1.1511663   0.19281371  1.2997055
 -0.46108395  0.        ]","[-0.0062318  -0.00335558 -0.0285567   0.12443049  0.00044513  0.12319783
  0.00246533  0.        ]",12.8,384,124,74784,0
385,"[-0.7849748  -0.48709482  0.48562628  1.186185    0.19272676  1.3312552
 -0.45941666  0.        ]","[ 1.0571933e+00 -6.1831670e+00 -4.8808599e+00  2.3256857e+01
 -3.7362996e-01 -5.1344881e+00  2.0443634e-03  0.0000000e+00]","[-0.78518915 -0.48703507  0.48921907  1.1544433   0.19281371  1.3026354
 -0.4610801   0.        ]","[-8.8683264e-03 -3.0816579e-04 -3.0645374e-02  1.3066229e-01
 -4.8492954e-15  1.2542348e-01  7.8753475e-04  0.0000000e+00]",12.833333,385,124,74785,0
386,"[-0.7842039  -0.4876094   0.48618275  1.1941508   0.19306119  1.3375794
 -0.45810705  0.        ]","[-1.5145504e-01 -1.7726728e+01 -3.4328477e+00  2.4639402e+01
 -4.4427794e-01 -2.9465914e+00  2.0360032e-03  0.0000000e+00]","[-0.78552663 -0.48740515  0.48724982  1.1634957   0.19281371  1.3102554
 -0.46098807  0.        ]","[-5.5127433e-03 -6.6084438e-03 -3.2528609e-02  1.5353504e-01
 -4.8492954e-15  1.2877905e-01  1.6435508e-03  0.0000000e+00]",12.866667,386,124,74786,0
387,"[-0.7841837  -0.48713985  0.48637587  1.1979743   0.1930185   1.341442
 -0.4575528   0.        ]","[-2.6859069e+00 -8.8764734e+00 -3.8025858e+00  2.2619572e+01
 -3.5471731e-01 -2.5322442e+00  1.2946443e-03  0.0000000e+00]","[-0.7855343  -0.48778096  0.4864042   1.1703123   0.19280796  1.3160942
 -0.46067935  0.        ]","[-7.53294153e-04 -9.45041701e-03 -2.23933794e-02  1.69217259e-01
 -1.02721926e-04  1.45865142e-01  6.98509114e-03  0.00000000e+00]",12.9,387,124,74787,0
388,"[-0.7835176  -0.48693076  0.48724452  1.206695    0.19316767  1.3494378
 -0.45582983  0.        ]","[ 4.6750036e-01 -7.8232760e+00 -1.3453717e+01  2.1406054e+01
 -1.6545048e-01 -3.0791736e+00  1.5516002e-03  0.0000000e+00]","[-0.7855228  -0.48796695  0.48609358  1.1749545   0.19280413  1.3201822
 -0.46035913  0.        ]","[ 0.00020544 -0.006403   -0.0115391   0.13860612 -0.0001712   0.11795902
  0.0084232   0.        ]",12.933333,388,124,74788,0
389,"[-0.7836182  -0.48546982  0.48754025  1.2105334   0.1928895   1.3535975
 -0.4550491   0.        ]","[ -5.022212   -13.217789    -6.109433    33.278233    -0.5023627
   0.45640802   3.6833458    0.        ]","[-0.78519684 -0.48771003  0.4859613   1.1833761   0.1927888   1.3283142
 -0.45957682  0.        ]","[ 0.00561547  0.00458825 -0.00157507  0.12977204 -0.00023968  0.12535499
  0.01253207  0.        ]",12.966666,389,124,74789,0
390,"[-0.7837157  -0.48341388  0.4881584   1.2150221   0.19253041  1.358666
 -0.45388117  0.        ]","[ 0.71399355 -8.360232   -4.002558   24.273882   -0.1503666  -3.3160372
  0.37434965  0.        ]","[-0.78488237 -0.48762566  0.4859613   1.1888812   0.1927888   1.333246
 -0.45883474  0.        ]","[ 7.70414481e-03  1.57506950e-03 -1.13401355e-14  1.27683356e-01
 -4.84929539e-15  1.13644689e-01  1.64697487e-02  0.00000000e+00]",13.0,390,124,74790,0
391,"[-0.7838316  -0.48184404  0.48867056  1.2196087   0.19225281  1.3634284
 -0.45279744  0.        ]","[-0.04053525 -4.507459   -3.6276867  25.937042   -0.16692728 -2.4003692
  0.23299547  0.        ]","[-0.78469443 -0.48750868  0.4859958   1.1921332   0.1927888   1.3363062
 -0.4583247   0.        ]","[ 7.2247754e-03  3.5610269e-03  6.1633158e-04  1.3059381e-01
 -4.8492954e-15  1.2052706e-01  1.8695392e-02  0.0000000e+00]",13.033334,391,124,74791,0
392,"[-0.78400576 -0.48044252  0.48909503  1.2231687   0.1919755   1.3672802
 -0.4519388   0.        ]","[-1.1394162  -7.344598   -4.56442    24.855038   -0.17837504 -3.9364216
 -0.45877624  0.        ]","[-0.7842189  -0.48718846  0.48635435  1.1991972   0.19282714  1.3428526
 -0.45705917  0.        ]","[0.01082004 0.00715629 0.00701933 0.16627257 0.00068481 0.15463074
 0.02879638 0.        ]",13.066667,392,124,74792,0
393,"[-0.78410107 -0.47866783  0.48997083  1.2278293   0.19167769  1.3722464
 -0.45058078  0.        ]","[ 2.3440650e-01 -8.7350588e+00 -8.4274979e+00  2.0900751e+01
 -1.9529808e-01 -2.7847226e+00 -7.4090175e-03  0.0000000e+00]","[-0.7837837  -0.48621055  0.48707724  1.2064395   0.19286549  1.349604
 -0.4558128   0.        ]","[0.00777263 0.01746273 0.01290872 0.12932691 0.00068481 0.1205613
 0.02225642 0.        ]",13.1,393,124,74793,0
394,"[-0.78382427 -0.47719398  0.4912855   1.2319305   0.19151662  1.3756465
 -0.44912645  0.        ]","[ 1.9692848e+00 -1.1752934e+01 -8.5966196e+00  2.3401604e+01
 -7.9221213e-03 -3.3619967e+00  1.7155509e-01  0.0000000e+00]","[-0.7837472  -0.48499295  0.48751828  1.2100903   0.19286549  1.3535962
 -0.45499405  0.        ]","[2.4310856e-03 3.0405691e-02 1.2669038e-02 1.0546118e-01 3.4240642e-05
 1.1278868e-01 2.2701547e-02 0.0000000e+00]",13.133333,394,124,74794,0
395,"[-0.78355944 -0.47581857  0.49245816  1.2379876   0.19135052  1.3790462
 -0.44756868  0.        ]","[-1.2872179  -0.6819382   1.7074921  29.946611   -0.31455055 -0.58331907
  3.4860501   0.        ]","[-0.7837434  -0.48366222  0.48796886  1.2140921   0.19273894  1.357713
 -0.45407173  0.        ]","[ 0.00020544  0.03578147  0.01232663  0.10532422 -0.00225988  0.11063152
  0.02420813  0.        ]",13.166667,395,124,74795,0
396,"[-0.7838413  -0.47379267  0.49323624  1.2419758   0.19080712  1.3828299
 -0.44640324  0.        ]","[  0.73599046 -13.395673    -6.9222765   25.058418    -0.12297624
  -2.9812577   -0.20231098   0.        ]","[-0.7837434  -0.4816067   0.48862273  1.2195493   0.19235352  1.3636246
 -0.45269117  0.        ]","[ 3.53685341e-15  3.47542539e-02  1.10597275e-02  8.91968757e-02
 -6.60844380e-03  9.76200700e-02  2.33178772e-02  0.00000000e+00]",13.2,396,124,74796,0
397,"[-0.78434044 -0.47183052  0.49376228  1.246535    0.19033985  1.3855447
 -0.44549176  0.        ]","[-0.75543076 -1.6675465  -6.8037667  32.3013     -0.2730461  -0.49676034
  2.559948    0.        ]","[-0.783776   -0.47997683  0.4893341   1.2239863   0.1920103   1.3684528
 -0.45150807  0.        ]","[-0.00058209  0.04009579  0.01670943  0.10378338 -0.00832048  0.11456919
  0.02865942  0.        ]",13.233334,397,124,74797,0
398,"[-0.7848113  -0.46960092  0.4946746   1.2502707   0.18976717  1.388622
 -0.4442499   0.        ]","[-0.52343404 -9.82352    -6.797957   22.515331   -0.2836224  -2.8388398
 -0.08255895  0.        ]","[-0.7837913  -0.47887236  0.49008003  1.2277714   0.19179745  1.3719157
 -0.45050523  0.        ]","[-0.00054785  0.02804309  0.0168464   0.08950504 -0.00554698  0.08464286
  0.02407117  0.        ]",13.266666,398,124,74798,0
399,"[-0.78505415 -0.46728125  0.49578848  1.2537998   0.18918498  1.3914665
 -0.4429137   0.        ]","[  0.8589316  -12.882064    -7.3981605   25.08884     -0.08355945
  -2.9013314   -0.09994873   0.        ]","[-0.7837932  -0.47818017  0.4905632   1.2297022   0.19170542  1.3734459
 -0.44992232  0.        ]","[-0.00023968  0.02883062  0.01996229  0.08885447 -0.00472521  0.07663056
  0.02581744  0.        ]",13.3,399,124,74799,0
400,"[-0.7862822  -0.46479964  0.49541572  1.2618991   0.1879563   1.396707
 -0.44176656  0.        ]","[ -0.53210807 -12.192251    -8.098688    26.506393    -0.27375463
  -3.649764     0.3517995    0.        ]","[-0.7837932  -0.47717348  0.4912631   1.232496    0.19154243  1.3756778
 -0.44911122  0.        ]","[-1.02721926e-04  3.68771702e-02  2.53380761e-02  1.03304021e-01
 -5.61546534e-03  8.38895738e-02  3.01660057e-02  0.00000000e+00]",13.333333,400,124,74800,0
401,"[-0.7871282  -0.4628724   0.49531654  1.2662709   0.18718264  1.3993084
 -0.44123316  0.        ]","[ -0.05912014 -11.908427    -7.280382    23.47839      0.9126297
  -3.2659206   -0.4545761    0.        ]","[-0.7842745  -0.47232804  0.4934931   1.244392    0.1904207   1.3843237
 -0.44580933  0.        ]","[-0.00821775  0.05683947  0.02372877  0.1251153  -0.01352505  0.09251822
  0.03578147  0.        ]",13.366667,401,124,74801,0
402,"[-0.7872863  -0.46054995  0.49675113  1.2691443   0.1866282   1.401367
 -0.44000357  0.        ]","[ -0.05912014 -13.566677    -7.9679823   20.971514     1.1991297
  -4.315921    -0.5525761    0.        ]","[-0.78446245 -0.47116986  0.49397057  1.2467889   0.19014458  1.3860648
 -0.4451919   0.        ]","[-0.00972434  0.0605717   0.02513263  0.12504682 -0.01434683  0.09282638
  0.03526786  0.        ]",13.4,402,124,74802,0
403,"[-0.78754246 -0.45827928  0.49791068  1.2720997   0.18592356  1.4041094
 -0.43889004  0.        ]","[ -0.31965226 -10.671181     2.6117136   23.384605     1.01422
  -2.964905     0.27707362   0.        ]","[-0.78472894 -0.4696915   0.49457073  1.2498933   0.18972658  1.3884041
 -0.44435012  0.        ]","[-0.00736174  0.04242416  0.01732576  0.08584129 -0.01136789  0.06365336
  0.02345484  0.        ]",13.433333,403,124,74803,0
404,"[-0.7876522  -0.45502827  0.4999868   1.2751489   0.18521906  1.4064821
 -0.43738145  0.        ]","[  1.7327073  -11.854096    -4.639798    24.983389     1.1480464
  -3.553622    -0.12074675   0.        ]","[-0.7856321  -0.46668872  0.4950731   1.2567924   0.18865855  1.3932822
 -0.44288135  0.        ]","[-0.01533981  0.05060767  0.00825199  0.11487736 -0.01807906  0.08063671
  0.02472174  0.        ]",13.466666,404,124,74804,0
405,"[-0.78792834 -0.4527288   0.50132984  1.2778491   0.18452375  1.4087288
 -0.4361666   0.        ]","[  1.8499572  -10.363347    -4.639798    21.702963     1.1480464
  -3.203622    -0.38674673   0.        ]","[-0.7860271  -0.46568972  0.49511147  1.2595574   0.18825588  1.3949964
 -0.44240198  0.        ]","[-0.01708608  0.04947773  0.00496489  0.12401961 -0.01883235  0.0808764
  0.02393421  0.        ]",13.5,405,124,74805,0
406,"[-0.78822494 -0.4506455   0.5025307   1.2801578   0.183837    1.4105788
 -0.43506444  0.        ]","[  2.4075813 -11.511942   -6.8331275  20.696808    1.1173538  -3.0409613
  -0.6756652   0.       ]","[-0.7869302  -0.46237442  0.49596283  1.2662935   0.18717442  1.3994123
 -0.44084883  0.        ]","[-0.01328537  0.05201153  0.01503164  0.09875001 -0.01650399  0.0651257
  0.0245163   0.        ]",13.533334,406,124,74806,0
407,"[-0.78891486 -0.44806206  0.5036392   1.2838998   0.18272564  1.4134544
 -0.43361935  0.        ]","[-0.23083955 -0.7345207   2.4431424  31.35611    -5.801693   -0.29880923
  3.2559545   0.        ]","[-0.7872984  -0.45899773  0.49772882  1.2706097   0.18623869  1.402952
 -0.43930334  0.        ]","[-0.00558122  0.05338116  0.02776916  0.06659805 -0.01458651  0.05512743
  0.02376301  0.        ]",13.566667,407,124,74807,0
408,"[-0.78916955 -0.4473529   0.5040635   1.2859509   0.18214943  1.4155338
 -0.432748    0.        ]","[ 5.3368133e-01 -1.1899635e+01 -8.1840191e+00  2.2622252e+01
  8.9919841e-01 -3.0568035e+00  8.7896958e-03  0.0000000e+00]","[-0.78750545 -0.45657405  0.49915543  1.2734783   0.18559633  1.4052031
 -0.43808573  0.        ]","[-0.0051361   0.06016081  0.03489121  0.07046724 -0.01571646  0.05594921
  0.0288991   0.        ]",13.6,408,124,74808,0
409,"[-0.78973377 -0.44739813  0.50344837  1.289234    0.18150505  1.4181583
 -0.43233338  0.        ]","[-0.31709734 -1.04463     2.0627115  30.252184   -5.988254   -1.4507574
  2.2508054   0.        ]","[-0.787703   -0.45450318  0.50030786  1.2757888   0.18502493  1.4071168
 -0.4369947   0.        ]","[-0.00588939  0.06409848  0.03745926  0.07358314 -0.01753121  0.05978416
  0.03348735  0.        ]",13.633333,409,124,74809,0
410,"[-0.79050314 -0.44590792  0.50369906  1.2931271   0.18045357  1.4209751
 -0.43140563  0.        ]","[-0.31709734 -0.32438     2.5640867  30.524359   -6.160154   -0.5967574
  2.2648053   0.        ]","[-0.7878027  -0.45360386  0.5008121   1.2768377   0.18477182  1.4079355
 -0.43651915  0.        ]","[-0.00571819  0.05749004  0.0331107   0.06522842 -0.01595614  0.05320996
  0.03033721  0.        ]",13.666667,410,124,74810,0
411,"[-0.7911871  -0.44563344  0.50305474  1.296982    0.17973517  1.4237713
 -0.43109784  0.        ]","[  0.14208157 -13.502762    -7.2574863   24.478333     0.9744104
  -2.7655392   -0.41041458   0.        ]","[-0.78830695 -0.45079285  0.5022234   1.2801894   0.18378624  1.4106027
 -0.43508488  0.        ]","[-0.00866288  0.04711512  0.02355756  0.05529864 -0.01667519  0.04399922
  0.02403693  0.        ]",13.7,411,124,74811,0
412,"[-0.7916216  -0.44444618  0.5033592   1.2995926   0.17905252  1.426134
 -0.43046954  0.        ]","[  1.7184277  -12.249417    -7.428188    23.179533     1.1295993
  -3.2846503    0.28414762   0.        ]","[-0.7889282  -0.44872963  0.5032339   1.2844021   0.18263958  1.414127
 -0.43364486  0.        ]","[-0.01047764  0.03396672  0.01653823  0.06981667 -0.019209    0.05803789
  0.02400269  0.        ]",13.733334,412,124,74812,0
413,"[-0.79220647 -0.4437952   0.50305444  1.303366    0.17831807  1.4291952
 -0.43006402  0.        ]","[  1.4530127  -11.516814    -3.9670715   23.960365     1.0711668
  -0.05235711   3.5134277    0.        ]","[-0.78912956 -0.448373    0.50332785  1.2856638   0.1823443   1.4151433
 -0.43331698  0.        ]","[-0.01047764  0.02492719  0.00992979  0.06752255 -0.01705184  0.05420294
  0.01985957  0.        ]",13.766666,413,124,74813,0
414,"[-0.79255104 -0.4430826   0.50326806  1.3057644   0.17782561  1.4313378
 -0.42966276  0.        ]","[  1.5384415  -11.534998    -4.6756344   24.381302     0.54381204
  -3.7680838    0.1332239    0.        ]","[-0.7897048  -0.4472973   0.5034928   1.2890596   0.18153128  1.4179159
 -0.4324407   0.        ]","[-0.01249783  0.02304395  0.00376647  0.07286409 -0.01770241  0.05927055
  0.01914052  0.        ]",13.8,414,124,74814,0
415,"[-0.792832   -0.44267124  0.5032191   1.3081503   0.17739144  1.4333973
 -0.42935222  0.        ]","[  1.6054416  -12.707498    -4.6756344   24.395626     0.44353703
  -3.5720837   -0.1187761    0.        ]","[-0.7901171  -0.44672588  0.5035004   1.2913108   0.1810289   1.4196264
 -0.43200544  0.        ]","[-0.01554525  0.0257832   0.00232836  0.08714244 -0.02061287  0.06899489
  0.01972261  0.        ]",13.833333,415,124,74815,0
416,"[-0.79314077 -0.4419581   0.50328094  1.310633    0.17687103  1.4357026
 -0.42900282  0.        ]","[  2.4935126  -11.958942    -4.2529473   21.951054     0.56934655
  -3.115643    -0.29779726   0.        ]","[-0.79069805 -0.44615063  0.5034295   1.2943385   0.18037888  1.4217758
 -0.43153182  0.        ]","[-0.01664095  0.01862691 -0.00123266  0.08810117 -0.01917476  0.06416696
  0.01486044  0.        ]",13.866667,416,124,74816,0
417,"[-0.7935757  -0.44150752  0.50288695  1.31403     0.176338    1.4381949
 -0.42883068  0.        ]","[  3.2703784 -11.975211   -5.0164766  21.375242    0.5224881  -3.4113643
  -0.4983118   0.       ]","[-0.79116017 -0.44548336  0.50337005  1.2967871   0.17981514  1.4237393
 -0.43108502  0.        ]","[-0.01215543  0.01568221 -0.00178051  0.06430393 -0.01444955  0.0492038
  0.01119669  0.        ]",13.9,417,124,74817,0
418,"[-0.793843   -0.4408958   0.50286925  1.3166012   0.17588457  1.4404348
 -0.42853186  0.        ]","[  3.1926432 -12.605035   -6.402982   21.822418    0.5909477  -3.5830681
  -0.3522616   0.       ]","[-0.7917795  -0.44444793  0.50334513  1.3006029   0.17892544  1.427047
 -0.43046376  0.        ]","[-0.01105973  0.01848995 -0.00044513  0.06813888 -0.01588766  0.05906511
  0.01109397  0.        ]",13.933333,418,124,74818,0
419,"[-0.79408526 -0.44011927  0.50302196  1.3190231   0.17537907  1.4428803
 -0.42817172  0.        ]","[  2.685829   -12.411085    -4.940156    22.02108      0.6457009
  -3.0678444   -0.10542612   0.        ]","[-0.79236245 -0.44341248  0.50329715  1.3051378   0.17800888  1.4308014
 -0.4298195   0.        ]","[-0.01136789  0.02003078 -0.00089026  0.08614945 -0.01749697  0.07122054
  0.01229239  0.        ]",13.966666,419,124,74819,0
420,"[-0.7938346  -0.44151065  0.5027133   1.3209723   0.17543985  1.4449124
 -0.4279296   0.        ]","[  2.669079   -11.992335    -4.940156    22.264605     0.55975085
  -3.1378443   -0.06342612   0.        ]","[-0.7924737  -0.44319963  0.5032895   1.3060198   0.17782481  1.431576
 -0.42970827  0.        ]","[-0.01085428  0.01975685 -0.00085602  0.08351292 -0.01732576  0.06998787
  0.0118815   0.        ]",14.0,420,124,74820,0
421,"[-0.7939536  -0.4411876   0.50277036  1.3234454   0.17506938  1.4473957
 -0.4276031   0.        ]","[-3.4502953e-01 -1.1728841e+01 -5.5386505e+00  2.3095760e+01
  9.4419670e-01 -3.2089739e+00  1.6084623e-03  0.0000000e+00]","[-0.7929319  -0.4424365   0.5031745   1.3094386   0.17712493  1.4345059
 -0.42929795  0.        ]","[-0.00818351  0.01362778 -0.00205444  0.06105107 -0.01249783  0.0523197
  0.0073275   0.        ]",14.033334,421,124,74821,0
422,"[-0.7939299  -0.44210353  0.50235146  1.3262894   0.1749169   1.4503531
 -0.4273697   0.        ]","[-3.4502953e-01 -1.1728841e+01 -5.5386505e+00  2.3095760e+01
  9.4419670e-01 -3.2089739e+00  1.6084623e-03  0.0000000e+00]","[-0.7929319  -0.4424365   0.5031745   1.3094386   0.17712493  1.4345059
 -0.42929795  0.        ]","[-0.00818351  0.01362778 -0.00205444  0.06105107 -0.01249783  0.0523197
  0.0073275   0.        ]",14.066667,422,124,74822,0
423,"[-0.79407185 -0.44175836  0.502347    1.3287508   0.17459162  1.453094
 -0.42702305  0.        ]","[ 1.8054964e-01 -1.8697318e+00 -2.9660895e+00  3.1710182e+01
 -5.6231108e+00 -6.1561465e-02  1.1661912e-03  0.0000000e+00]","[-0.793279   -0.44180757  0.5030767   1.3123301   0.17658995  1.4368837
 -0.42901033  0.        ]","[-0.00921073  0.01623007 -0.00280773  0.07437067 -0.01400442  0.06156468
  0.00760142  0.        ]",14.1,423,124,74823,0
424,"[-0.7941451  -0.44203198  0.50194305  1.332896    0.17431022  1.4574183
 -0.42661235  0.        ]","[ 0.48114824 -1.5826565  -2.9676607  30.276144   -5.6056223  -0.84287614
  3.6454656   0.        ]","[-0.79356855 -0.4412419   0.50300956  1.3148382   0.17618728  1.4390312
 -0.4287553   0.        ]","[-0.00890257  0.01674367 -0.00215716  0.07478157 -0.01249783  0.06252341
  0.00743022  0.        ]",14.133333,424,124,74824,0
425,"[-0.79434127 -0.4419198   0.50161016  1.3354503   0.17405696  1.4601856
 -0.42643288  0.        ]","[-0.21445265 -4.771365   -3.6574388  31.526518   -0.19087766 -0.5035556
  3.6765816   0.        ]","[-0.793766   -0.44106933  0.50290793  1.3192043   0.17561588  1.4433302
 -0.42819923  0.        ]","[-0.0023626   0.00106146 -0.00160931  0.06574203 -0.00832048  0.06553659
  0.0085944   0.        ]",14.166667,425,124,74825,0
426,"[-0.7946972  -0.4412436   0.5012144   1.3391894   0.17360373  1.4644146
 -0.42616388  0.        ]","[  1.2351952  -12.983063    -4.3932357   23.006899    -0.20514372
  -3.2494817    0.55457175   0.        ]","[-0.79382163 -0.4412419   0.5027277   1.322025    0.17535126  1.446124
 -0.42788285  0.        ]","[-0.00143811 -0.00308166 -0.00390343  0.06926882 -0.00695085  0.06779647
  0.00804655  0.        ]",14.2,426,124,74826,0
427,"[-0.7951394  -0.4406468   0.50061387  1.3420656   0.17328024  1.466369
 -0.42623332  0.        ]","[ 1.1859809e+00 -1.2961139e+01 -4.4578772e+00  2.3288158e+01
 -2.1030791e-01 -3.3390362e+00  1.1263472e-03  0.0000000e+00]","[-0.79388684 -0.44146624  0.50256664  1.3248321   0.17507707  1.449029
 -0.4275377   0.        ]","[-0.00171203 -0.00595787 -0.00441704  0.06978243 -0.00698509  0.07221352
  0.0085944   0.        ]",14.233334,427,124,74827,0
428,"[-0.7953964  -0.44030547  0.5002939   1.3441702   0.17304495  1.4685044
 -0.4262135   0.        ]","[ -0.2125451  -18.872585    -4.2584066   21.526752    -0.22896734
  -4.149914    -0.06250306   0.        ]","[-0.7940498  -0.44177306  0.50214285  1.33055     0.17454976  1.4549271
 -0.42686275  0.        ]","[-0.00280773 -0.00506762 -0.00722478  0.09443569 -0.00890257  0.09727766
  0.01133365  0.        ]",14.266666,428,124,74828,0
429,"[-0.7956177  -0.43991256  0.5000676   1.3460711   0.17280084  1.4704754
 -0.42618388  0.        ]","[ 4.4059360e-01 -8.2651291e+00 -3.9853945e+00  2.0152031e+01
 -1.9546430e-01 -3.2169635e+00  1.2811440e-03  0.0000000e+00]","[-0.7941438  -0.44197056  0.5018936   1.3327436   0.17435801  1.4571303
 -0.4266614   0.        ]","[-0.00253381 -0.00523882 -0.00650572  0.05995537 -0.00558122  0.05992112
  0.00626604  0.        ]",14.3,429,124,74829,0
430,"[-0.79634154 -0.4397158   0.49851647  1.3514663   0.17224698  1.4750313
 -0.42662916  0.        ]","[-5.3487486e-01 -4.3711634e+00 -4.1566644e+00  2.4029764e+01
 -2.2963709e-01 -2.8663683e+00  1.5153412e-03  0.0000000e+00]","[-0.79438156 -0.44184783  0.5015868   1.3357943   0.17399752  1.4606872
 -0.4264409   0.        ]","[-0.00400616  0.00222564 -0.00506762  0.05009406 -0.00606059  0.05841454
  0.00366375  0.        ]",14.333333,430,124,74830,0
431,"[-0.79643846 -0.43943074  0.49838135  1.3527141   0.1720621   1.4766357
 -0.4266157   0.        ]","[-1.9202481e-01 -6.8324156e+00 -4.5515590e+00  2.2067972e+01
 -2.5089401e-01 -3.4664235e+00  1.3334944e-03  0.0000000e+00]","[-0.79471326 -0.44142407  0.5011688   1.3387357   0.17367156  1.4633946
 -0.42635652  0.        ]","[-0.00743022  0.00924497 -0.00941618  0.07036452 -0.00804655  0.06687198
  0.00260229  0.        ]",14.366667,431,124,74831,0
432,"[-0.7965774  -0.43809122  0.49880183  1.353824    0.1717646   1.478248
 -0.42645472  0.        ]","[ 3.4005135e-01 -1.4158957e+00 -1.2499787e+01  3.0289856e+01
 -1.1180572e-01 -5.7840240e-01  1.3213708e-03  0.0000000e+00]","[-0.7950047  -0.44100413  0.50075847  1.341261    0.17338584  1.4657954
 -0.4262971   0.        ]","[-0.0074987   0.01040915 -0.01020371  0.06221525 -0.00715629  0.05827757
  0.00147235  0.        ]",14.4,432,124,74832,0
433,"[-0.79680556 -0.43665525  0.4989684   1.3558892   0.17137444  1.4805883
 -0.42637697  0.        ]","[-6.9087189e-01 -9.4633312e+00 -6.2949753e+00  2.3753220e+01
 -3.9930946e-01 -3.3077834e+00  1.2796853e-03  0.0000000e+00]","[-0.7953959  -0.44044998  0.50020045  1.344561    0.1730177   1.4690071
 -0.42626834  0.        ]","[-0.00626604  0.0087656  -0.00897105  0.05160065 -0.00588939  0.05091584
  0.00037665  0.        ]",14.433333,433,124,74833,0
434,"[-0.7965171  -0.4362627   0.4996411   1.3564206   0.17132373  1.4822762
 -0.42601526  0.        ]","[ 1.0016038e+00 -3.1799319e+00 -1.4418329e+01  3.3671215e+01
  5.8489379e-02 -9.8098820e-01  1.3418086e-03  0.0000000e+00]","[-0.7956279  -0.4401873   0.4998227   1.3463539   0.17281635  1.4707252
 -0.42626834  0.        ]","[-0.00856016  0.01075156 -0.01314841  0.06783071 -0.00770414  0.06673501
  0.00010272  0.        ]",14.466666,434,124,74834,0
435,"[-0.7965579  -0.43531066  0.49998474  1.3584379   0.17099209  1.4846038
 -0.42581913  0.        ]","[-2.2789190e-02 -3.9857941e+00 -1.2916515e+01  2.9260778e+01
 -1.4870584e-01 -3.4078130e-01  1.3818544e-03  0.0000000e+00]","[-0.7961073  -0.4398038   0.4989656   1.3501505   0.17240027  1.4740309
 -0.42635846  0.        ]","[-0.00856016  0.00684813 -0.01530557  0.06779647 -0.00743022  0.05903087
 -0.00160931  0.        ]",14.5,435,124,74835,0
436,"[-0.79649204 -0.43434697  0.50057405  1.3600013   0.17078291  1.4858694
 -0.42547515  0.        ]","[ 3.0071616e-01 -1.0337580e+01 -3.7122362e+00  2.3165264e+01
 -1.9594008e-01 -3.2640128e+00  1.2722933e-03  0.0000000e+00]","[-0.7963719  -0.43870124  0.49882945  1.3525703   0.17198034  1.476888
 -0.42643133  0.        ]","[-0.00410888  0.01872963 -0.00157507  0.03735654 -0.00677965  0.04509493
 -0.00095874  0.        ]",14.533334,436,124,74836,0
437,"[-0.7957818  -0.4340291   0.5021414   1.3620908   0.1709637   1.487331
 -0.42442024  0.        ]","[ 9.4335914e-01 -3.1573579e-01 -2.4218943e+00  3.0451956e+01
 -7.8885846e-02 -6.4469003e-03  1.2156275e-03  0.0000000e+00]","[-0.7964831  -0.43810108  0.49882945  1.3535348   0.17180201  1.4779618
 -0.42643133  0.        ]","[-0.00486217  0.02537232 -0.00037665  0.04317745 -0.00797807  0.05057343
 -0.00041089  0.        ]",14.566667,437,124,74837,0
438,"[-0.79570365 -0.43315178  0.5029699   1.3643799   0.17068917  1.4895946
 -0.42368075  0.        ]","[-1.2747888e-01 -1.2564767e+01 -4.2238135e+00  2.3306261e+01
 -2.4893315e-01 -3.0249493e+00  1.4676611e-03  0.0000000e+00]","[-0.7965751  -0.43719986  0.4989541   1.3548329   0.17158341  1.4798006
 -0.42643133  0.        ]","[-3.2528611e-03  2.4858706e-02  2.2256419e-03  3.7185337e-02
 -6.5057222e-03  4.8416268e-02  5.8286709e-15  0.0000000e+00]",14.6,438,124,74838,0
439,"[-0.7957835  -0.43244955  0.5035768   1.3658813   0.17051902  1.4907862
 -0.42315271  0.        ]","[ 4.65376049e-01 -1.08272371e+01 -3.33892322e+00  2.18137493e+01
 -1.23209886e-01 -3.26246595e+00  1.20976102e-03  0.00000000e+00]","[-0.79658663 -0.43574068  0.49960604  1.357596    0.1711424   1.4832367
 -0.42599607  0.        ]","[-6.8481284e-05  1.9037798e-02  9.9982675e-03  3.8691927e-02
 -6.0263532e-03  4.4204671e-02  6.9850911e-03  0.0000000e+00]",14.633333,439,124,74839,0
440,"[-0.79548645 -0.4319321   0.5049855   1.3688036   0.17062654  1.491979
 -0.4219527   0.        ]","[ 1.9810529e+00  4.6604853e-02 -6.7566147e+00  2.0441603e+01
  4.5692321e-02 -3.4366975e+00  1.2807847e-03  0.0000000e+00]","[-0.79658663 -0.43534184  0.4998668   1.3584914   0.17102735  1.4840708
 -0.42582157  0.        ]","[-3.4240642e-05  1.9243240e-02  1.1470615e-02  4.2252954e-02
 -6.0605938e-03  4.2492639e-02  8.1492728e-03  0.0000000e+00]",14.666667,440,124,74840,0
441,"[-0.7955745  -0.43102098  0.50562996  1.371017    0.17038465  1.4936076
 -0.42116895  0.        ]","[  2.6777446  -12.794443    -7.0463247   22.119528     0.15569402
  -3.503412    -0.30460292   0.        ]","[-0.7965272  -0.43465346  0.500839    1.3601693   0.17095833  1.4856776
 -0.42521563  0.        ]","[ 0.00106146  0.01503164  0.01907204  0.03523362 -0.00191748  0.03338462
  0.01194998  0.        ]",14.7,441,124,74841,0
442,"[-0.7955675  -0.43065712  0.50615126  1.3735956   0.1702577   1.4952315
 -0.42036948  0.        ]","[  2.6777446  -13.229943    -7.132275    22.835777     0.15569402
  -3.251412    -0.2066029    0.        ]","[-0.796462   -0.43444446  0.5011189   1.3605853   0.17094107  1.4861014
 -0.42503348  0.        ]","[ 0.00222564  0.01506588  0.02143464  0.03424064 -0.00133539  0.03352159
  0.01345657  0.        ]",14.733334,442,124,74842,0
443,"[-0.79573435 -0.42976657  0.5068145   1.3764187   0.16999614  1.496951
 -0.419378    0.        ]","[ 1.2337687e+00 -1.1416119e+01 -7.3092008e+00  2.1860394e+01
 -4.9552649e-02 -3.2547729e+00  5.5179489e-03  0.0000000e+00]","[-0.7961034  -0.43344927  0.5024688   1.3633848   0.17076465  1.4886305
 -0.42406133  0.        ]","[ 0.00599211  0.01653823  0.0224961   0.04622487 -0.00301318  0.04143118
  0.01629855  0.        ]",14.766666,443,124,74843,0
444,"[-0.79566246 -0.42984164  0.50714874  1.3785894   0.16999361  1.4980721
 -0.418785    0.        ]","[ 1.6152738e+00 -1.1340719e+01 -6.8567381e+00  2.1695883e+01
 -9.5392618e-04 -3.4850600e+00  3.6439088e-01  0.0000000e+00]","[-0.79584455 -0.43259025  0.50374585  1.3663551   0.17066495  1.4905921
 -0.42294726  0.        ]","[ 0.0043828   0.01451803  0.02164009  0.04937501 -0.00160931  0.03222045
  0.01896932  0.        ]",14.8,444,124,74844,0
445,"[-0.7960019  -0.42834055  0.5078066   1.3809594   0.1695626   1.4999117
 -0.41783428  0.        ]","[ 1.61527383e+00 -1.10224695e+01 -7.12891293e+00  2.15956078e+01
 -9.53926181e-04 -3.26106000e+00  3.64390880e-01  0.00000000e+00]","[-0.7957717  -0.43226045  0.5041984   1.3674384   0.17060743  1.491269
 -0.42253885  0.        ]","[ 0.00410888  0.01581918  0.02280427  0.05228546 -0.00205444  0.03256285
  0.02020198  0.        ]",14.833333,445,124,74845,0
446,"[-0.7960975  -0.4273805   0.50839114  1.3816992   0.16930772  1.5007495
 -0.41725302  0.        ]","[  0.8603651  -11.183807    -7.2234917   22.385546    -0.1054954
  -3.6591876   -0.36843538   0.        ]","[-0.7956682  -0.43076098  0.50589347  1.3729665   0.17028145  1.494824
 -0.42056575  0.        ]","[ 0.00078753  0.0126348   0.01410714  0.05447686 -0.0034583   0.03472001
  0.01852419  0.        ]",14.866667,446,124,74846,0
447,"[-0.7963244  -0.4260817   0.5089709   1.3833832   0.16886112  1.5025586
 -0.4163958   0.        ]","[-0.7197088  -0.3818537   2.7365687  29.627201   -0.29977706 -0.66980255
  2.7491877   0.        ]","[-0.7956682  -0.43054622  0.50610244  1.3738275   0.17020476  1.4953418
 -0.42027047  0.        ]","[ 0.00037665  0.01273752  0.01359353  0.05577801 -0.00417736  0.03448033
  0.01876387  0.        ]",14.9,447,124,74847,0
448,"[-0.79642147 -0.4250488   0.5096073   1.384146    0.16852747  1.5038044
 -0.41569096  0.        ]","[  0.20003156 -12.027223    -6.8636413   23.83537     -0.17130402
  -2.9054837    0.06202512   0.        ]","[-0.7956682  -0.42959324  0.50685024  1.3769357   0.16994973  1.4973724
 -0.4191986   0.        ]","[ 3.5368534e-15  1.6367028e-02  1.2703278e-02  5.1497925e-02
 -4.3143211e-03  3.3898234e-02  1.8250262e-02  0.0000000e+00]",14.933333,448,124,74848,0
449,"[-0.7965729  -0.42425987  0.51006687  1.3851396   0.16821176  1.5048795
 -0.41510886  0.        ]","[  0.2547534  -10.813872    -7.4161415   21.071339    -0.19973883
  -2.4490783    0.44262007   0.        ]","[-0.7957027  -0.42839864  0.50771886  1.380019    0.16962951  1.4993953
 -0.41809413  0.        ]","[-0.00061633  0.01961989  0.01434683  0.04862171 -0.00527306  0.03211772
  0.01807906  0.        ]",14.966666,449,124,74849,0
450,"[-0.79675287 -0.42348507  0.51048964  1.3860164   0.16789158  1.5058753
 -0.4145716   0.        ]","[  0.2547534  -11.065123    -7.215592    22.690063    -0.19973883
  -3.0930784    0.44262007   0.        ]","[-0.7957947  -0.42790586  0.5079816   1.3807361   0.16947612  1.5001124
 -0.41772023  0.        ]","[-0.00225988  0.0203047   0.01321689  0.03858921 -0.00606059  0.03095354
  0.01715456  0.        ]",15.0,450,124,74850,0
451,"[-0.79680043 -0.4228198   0.51114696  1.3867126   0.16759486  1.5069622
 -0.41385892  0.        ]","[-1.1861336e-02 -1.1546255e+01 -7.8865762e+00  2.2956919e+01
 -1.6342774e-01 -3.7763383e+00  3.2106167e-01  0.0000000e+00]","[-0.7959558  -0.42697012  0.50850314  1.3819231   0.1692      1.5013952
 -0.4170472   0.        ]","[-0.00428008  0.02400269  0.01318265  0.0307481  -0.00719053  0.03269981
  0.01753121  0.        ]",15.033334,451,124,74851,0
452,"[-0.79693705 -0.42205694  0.5117325   1.3878169   0.16723135  1.5080378
 -0.41316703  0.        ]","[ 0.03132864 -0.3548992   2.0844986  29.537628   -0.25633407 -0.55150825
  3.144389    0.        ]","[-0.7960536  -0.42637956  0.50883675  1.3826958   0.16901208  1.5021967
 -0.41661     0.        ]","[-0.00390343  0.02366028  0.01342233  0.02948119 -0.00722478  0.0312617
  0.01715456  0.        ]",15.066667,452,124,74852,0
453,"[-0.79705507 -0.42149925  0.51212597  1.3886175   0.16696958  1.50877
 -0.41271427  0.        ]","[-2.3179671e-03 -1.3134756e+01 -7.7670498e+00  2.3426970e+01
 -2.2417419e-01 -2.9374299e+00 -3.9720756e-01  0.0000000e+00]","[-0.79622614 -0.42550135  0.50929314  1.3835778   0.16873214  1.5031823
 -0.41603285  0.        ]","[-0.00431432  0.02314667  0.01225815  0.02475598 -0.00736174  0.02701587
  0.01571646  0.        ]",15.1,453,124,74853,0
454,"[-0.79713583 -0.4210736   0.5125109   1.3892871   0.16676049  1.5094421
 -0.41228282  0.        ]","[ 0.20336448 -0.51899445 -6.936913   29.86963    -0.21302274 -0.21368767
  2.5030777   0.        ]","[-0.7965195  -0.42419362  0.51006395  1.3852326   0.16818373  1.5049981
 -0.41503     0.        ]","[-0.00410888  0.01729153  0.01034067  0.0232494  -0.00763566  0.02520111
  0.01376474  0.        ]",15.133333,454,124,74854,0
455,"[-0.79718935 -0.42061657  0.51313066  1.390112    0.16648974  1.5104535
 -0.41159275  0.        ]","[  0.1647791  -12.042145    -7.581391    23.050995    -0.16589248
  -3.8059342   -0.17523631   0.        ]","[-0.7967343  -0.42303547  0.5109575   1.3865979   0.16769095  1.5067431
 -0.4140444   0.        ]","[-0.00321862  0.01753121  0.01349081  0.01979109 -0.00736174  0.02564624
  0.0149974   0.        ]",15.166667,455,124,74855,0
456,"[-0.7972609  -0.42018774  0.51358086  1.3907772   0.16621798  1.5113
 -0.4110396   0.        ]","[  0.1647791  -12.243145    -7.695991    23.566694    -0.16589248
  -3.8899343   -0.18923631   0.        ]","[-0.79677457 -0.42278427  0.5111186   1.386872    0.16759507  1.5070671
 -0.41386226  0.        ]","[-0.00349255  0.01914052  0.01431259  0.02129768 -0.00794383  0.02667346
  0.01602462  0.        ]",15.2,456,124,74856,0
457,"[-0.7973353  -0.4194753   0.51421225  1.3907726   0.165941    1.5117593
 -0.41051427  0.        ]","[  0.27461955 -12.573826    -7.4858146   22.799252    -0.14789674
  -3.367645     0.10998503   0.        ]","[-0.7968953  -0.42204222  0.51165164  1.3878155   0.16727869  1.5080143
 -0.41324484  0.        ]","[-0.0031159   0.0190378   0.01366202  0.02311243 -0.00787535  0.02437934
  0.01568221  0.        ]",15.233334,457,124,74857,0
458,"[-0.7974446  -0.4190744   0.514714    1.3908114   0.16566406  1.5126002
 -0.40994406  0.        ]","[ -0.07376296 -11.997636    -6.6696005   21.701279    -0.23000836
  -2.758092     0.23108588   0.        ]","[-0.79709476 -0.42110264  0.5125394   1.3893706   0.16678782  1.5095196
 -0.41221708  0.        ]","[-0.00215716  0.01047764  0.01092277  0.01783937 -0.00544426  0.01814754
  0.01225815  0.        ]",15.266666,458,124,74858,0
459,"[-0.7975389  -0.41866678  0.5150587   1.3912325   0.16541378  1.5131962
 -0.40949127  0.        ]","[-0.07376296 -6.5670605  -6.8128505  21.300179   -0.23000836 -2.660092
  0.10508589  0.        ]","[-0.79711777 -0.4209339   0.5127292   1.3896255   0.16669194  1.5098187
 -0.41199848  0.        ]","[-0.00167779  0.00992979  0.01123093  0.01653823 -0.00527306  0.01838722
  0.01260056  0.        ]",15.3,459,124,74859,0
460,"[-0.79774654 -0.41828108  0.5152742   1.3915955   0.16512069  1.5137099
 -0.40911856  0.        ]","[ -0.08741031 -12.603956    -7.0641894   21.670036    -0.20465386
  -3.0487359   -0.3252831    0.        ]","[-0.79716957 -0.42046988  0.5132086   1.3902123   0.1664235   1.5106298
 -0.41143665  0.        ]","[-0.00133539  0.01129941  0.01194998  0.01503164 -0.00650572  0.01982533
  0.01393594  0.        ]",15.333333,460,124,74860,0
461,"[-0.79810756 -0.4179658   0.51521885  1.392608    0.1647781   1.5144082
 -0.40884036  0.        ]","[ -0.08741031 -12.352707    -6.9925647   21.440836    -0.20465386
  -3.0067358   -0.4512831    0.        ]","[-0.7972041  -0.4201957   0.513479    1.3903887   0.16629502  1.5109576
 -0.4111567   0.        ]","[-0.00147235  0.01246359  0.01260056  0.01212119 -0.00664268  0.01852419
  0.01410714  0.        ]",15.366667,461,124,74861,0
462,"[-0.79821354 -0.41778603  0.5153464   1.3930355   0.16459912  1.5147996
 -0.40860438  0.        ]","[-0.06221664 -1.6620457   2.8166091  28.63536    -0.24863455 -3.312757
  2.419366    0.        ]","[-0.797298   -0.41967988  0.51402164  1.3906322   0.16602083  1.5116403
 -0.41061407  0.        ]","[-0.00208868  0.01232663  0.01273752  0.00599211 -0.00633452  0.01537405
  0.012806    0.        ]",15.4,462,124,74862,0
463,"[-0.7984829  -0.41763762  0.5151267   1.3941898   0.16435456  1.5153923
 -0.4085242   0.        ]","[-0.05053236 -6.7402005  -6.7189007  21.86046    -0.22851796 -3.394615
 -0.71782345  0.        ]","[-0.7973824  -0.41931558  0.51440704  1.390776    0.16580032  1.5122252
 -0.41019988  0.        ]","[-0.00212292  0.00945042  0.01013523  0.00366375 -0.00558122  0.01486044
  0.01071732  0.        ]",15.433333,463,124,74863,0
464,"[-0.7985639  -0.41759625  0.515195    1.3948734   0.16421624  1.5159014
 -0.40832487  0.        ]","[ 1.2870771e-01 -6.8283410e+00 -3.7846303e+00  2.2068554e+01
 -2.0398873e-01 -3.3544574e+00  1.1622458e-03  0.0000000e+00]","[-0.79778314 -0.41841245  0.515034    1.3918824   0.1650966   1.5137419
 -0.4092584   0.        ]","[-0.00527306  0.0084232   0.00417736  0.01431259 -0.00739598  0.01581918
  0.00897105  0.        ]",15.466666,464,124,74864,0
465,"[-0.7987367  -0.4173699   0.5153722   1.3958935   0.16397658  1.5166911
 -0.4080273   0.        ]","[ 1.2870771e-01 -6.8283410e+00 -3.7846303e+00  2.2068554e+01
 -2.0398873e-01 -3.3544574e+00  1.1622458e-03  0.0000000e+00]","[-0.79778314 -0.41841245  0.515034    1.3918824   0.1650966   1.5137419
 -0.4092584   0.        ]","[-0.00527306  0.0084232   0.00417736  0.01431259 -0.00739598  0.01581918
  0.00897105  0.        ]",15.5,465,124,74865,0
466,"[-0.79887694 -0.41851348  0.5145292   1.3991665   0.16398752  1.5181569
 -0.40806624  0.        ]","[-1.5295210e-01 -6.5726166e+00 -4.1813202e+00  2.2112457e+01
 -2.4535313e-01 -3.0919182e+00  1.3256043e-03  0.0000000e+00]","[-0.7981091  -0.41798484  0.51517785  1.3927932   0.16473995  1.5144973
 -0.40887108  0.        ]","[-0.00455401  0.00595787  0.00195172  0.01277176 -0.00493065  0.0104434
  0.0053073   0.        ]",15.533334,466,124,74866,0
467,"[-0.79883134 -0.41921285  0.51434463  1.4006363   0.16398376  1.5192745
 -0.4078851   0.        ]","[-1.5295210e-01 -6.5726166e+00 -4.1813202e+00  2.2112457e+01
 -2.4535313e-01 -3.0919182e+00  1.3256043e-03  0.0000000e+00]","[-0.7981091  -0.41798484  0.51517785  1.3927932   0.16473995  1.5144973
 -0.40887108  0.        ]","[-0.00455401  0.00595787  0.00195172  0.01277176 -0.00493065  0.0104434
  0.0053073   0.        ]",15.566667,467,124,74867,0
468,"[-0.7987383  -0.41978046  0.5143674   1.4022063   0.16400698  1.5206636
 -0.40760925  0.        ]","[ 1.5159385e-01 -6.5201750e+00 -3.6532824e+00  2.2240873e+01
 -1.9376130e-01 -3.0726585e+00  1.1845791e-03  0.0000000e+00]","[-0.79836607 -0.41776815  0.51519704  1.3938977   0.16445616  1.515249
 -0.40861413  0.        ]","[-0.00424584  0.00349255  0.00030817  0.01838722 -0.00472521  0.01239511
  0.00431432  0.        ]",15.6,468,124,74868,0
469,"[-0.7987755  -0.41670036  0.51569825  1.3959845   0.16415222  1.5173496
 -0.40830636  0.        ]","[-3.7573290e-01 -5.4317675e+00 -3.6099908e+00  2.3178761e+01
 -2.0447089e-01 -3.3066278e+00  1.3665506e-03  0.0000000e+00]","[-0.7985808  -0.41769338  0.51520854  1.3957307   0.16419154  1.5163918
 -0.4083265   0.        ]","[-0.00338982  0.0010957   0.0001712   0.02954968 -0.00407464  0.01835298
  0.00448552  0.        ]",15.633333,469,124,74869,0
470,"[-0.7988397  -0.41653863  0.51566064  1.3968687   0.16409743  1.5184168
 -0.40819594  0.        ]","[ 7.5755554e-01 -1.0664136e+01 -4.0794315e+00  2.1287300e+01
 -2.1902174e-01 -3.1773546e+00  1.1850853e-03  0.0000000e+00]","[-0.7987745  -0.4181555   0.51495546  1.3984306   0.16405158  1.5178299
 -0.40814245  0.        ]","[-0.0029447  -0.00797807 -0.00414312  0.04194479 -0.0020202   0.0221537
  0.00284197  0.        ]",15.666667,470,124,74870,0
471,"[-0.79884595 -0.4165226   0.5156676   1.3969374   0.1640883   1.518519
 -0.40816456  0.        ]","[-2.0360205e+00 -2.0134558e+01 -3.6452713e+00  3.1243572e+01
 -2.3488164e-01 -2.7801448e-01  1.4380015e-03  0.0000000e+00]","[-0.7987994  -0.41852558  0.51475984  1.3994085   0.16402473  1.5185528
 -0.40803313  0.        ]","[-0.00123266 -0.01099125 -0.00544426  0.03263133 -0.00099298  0.02146888
  0.00308166  0.        ]",15.7,471,124,74871,0
472,"[-0.798809   -0.4165148   0.5157132   1.3965424   0.16408405  1.5181547
 -0.4081579   0.        ]","[-8.9471155e-01 -1.1525429e+00 -3.6211123e+00  1.1341704e+01
 -2.0895046e-01 -2.8137414e+00  1.2599031e-03  0.0000000e+00]","[-0.7988032  -0.41854858  0.51475793  1.3995082   0.16401707  1.5186813
 -0.40798712  0.        ]","[-0.0001712  -0.00362951 -0.00150659  0.00941618 -0.00037665  0.0084232
  0.00188324  0.        ]",15.733334,472,124,74872,0
473,"[-0.7988313  -0.41639385  0.5158396   1.3963349   0.16406138  1.5179782
 -0.40814906  0.        ]","[-6.5343684e-01 -2.2081916e+00 -3.5540602e+00  1.7874681e+01
 -2.0037518e-01 -5.4787178e+00  1.2555639e-03  0.0000000e+00]","[-0.7988032  -0.41821685  0.51487106  1.3988295   0.16401707  1.5184492
 -0.40798712  0.        ]","[-3.4240642e-05  6.7796474e-03  2.4995669e-03 -1.3935941e-02
 -6.8481284e-05 -4.7936901e-03  3.7664708e-04  0.0000000e+00]",15.766666,473,124,74873,0
474,"[-0.79884386 -0.4163597   0.5158778   1.3962481   0.16405788  1.5179079
 -0.4081678   0.        ]","[-6.5343684e-01 -1.1607098e+01 -3.5540602e+00  1.9550707e+01
 -2.0037518e-01 -6.0667176e+00  1.2555639e-03  0.0000000e+00]","[-0.7988052  -0.4179254   0.5149612   1.398446    0.16401707  1.5184416
 -0.40798712  0.        ]","[-6.8481284e-05  1.2874481e-02  4.3828022e-03 -2.2598824e-02
 -3.4240642e-05 -6.3687596e-03  5.8286709e-15  0.0000000e+00]",15.8,474,124,74874,0
475,"[-0.79887646 -0.41640246  0.515939    1.3960212   0.16406918  1.5176803
 -0.40821227  0.        ]","[-1.8018959e-01 -1.2528125e+01 -3.8291202e+00  1.9274633e+01
 -2.1467826e-01 -5.3928995e+00  1.2307048e-03  0.0000000e+00]","[-0.7988109  -0.4171469   0.515314    1.3975792   0.16401707  1.5184416
 -0.40801203  0.        ]","[-1.02721926e-04  1.39017012e-02  6.30027801e-03 -1.54767707e-02
 -4.84929539e-15 -5.13874645e-15 -4.45128360e-04  0.00000000e+00]",15.833333,475,124,74875,0
476,"[-0.7989026  -0.41640484  0.5159886   1.3959348   0.16407011  1.5175555
 -0.40821925  0.        ]","[ 4.5255344e-02 -6.6212130e+00 -3.8254118e+00  1.9968332e+01
 -2.1388474e-01 -3.3630865e+00  1.2370768e-03  0.0000000e+00]","[-0.7988301  -0.41676724  0.5154885   1.3970116   0.16401707  1.5183955
 -0.4080734   0.        ]","[-3.7664708e-04  7.4644601e-03  3.3898237e-03 -1.0717321e-02
 -4.8492954e-15 -8.2177541e-04 -1.1641819e-03  0.0000000e+00]",15.866667,476,124,74876,0
477,"[-0.7989243  -0.4163841   0.51603985  1.3958784   0.16406621  1.5174638
 -0.40821648  0.        ]","[ 1.7850003e-03 -6.5139356e+00 -3.8897629e+00  1.5352078e+01
 -2.1683019e-01 -3.1632464e+00  1.2232389e-03  0.0000000e+00]","[-0.798832   -0.41657934  0.5157301   1.3965515   0.16401707  1.5181041
 -0.4081405   0.        ]","[-3.4240642e-05  2.3968450e-03  3.3213424e-03 -5.4785027e-03
 -4.8492954e-15 -3.9034332e-03 -7.8753475e-04  0.0000000e+00]",15.9,477,124,74877,0
478,"[-0.7989236  -0.41641015  0.51605135  1.3957698   0.16407113  1.5173302
 -0.4082202   0.        ]","[ 1.09800529e-02 -6.62057781e+00 -3.89530945e+00  1.53298645e+01
 -2.18746319e-01 -3.24341011e+00  1.21423299e-03  0.00000000e+00]","[-0.798832   -0.41639715  0.5158854   1.3962792   0.16401707  1.517943
 -0.4081501   0.        ]","[ 3.5368534e-15  3.0131766e-03  2.4995669e-03 -4.3828022e-03
 -4.8492954e-15 -2.6707700e-03 -1.3696257e-04  0.0000000e+00]",15.933333,478,124,74878,0
479,"[-0.7989365  -0.41644758  0.51606333  1.3956566   0.16408107  1.5171541
 -0.40824088  0.        ]","[ 8.4249070e-03 -6.5884962e+00 -3.9024651e+00  1.5360099e+01
 -2.1813920e-01 -3.5193636e+00  1.2284770e-03  0.0000000e+00]","[-0.7988339  -0.4163895   0.5159046   1.3961334   0.16401707  1.5178031
 -0.40815395  0.        ]","[-3.42406420e-05  6.84812840e-04  7.53294153e-04 -3.97191476e-03
 -4.84929539e-15 -3.52678611e-03 -1.02721926e-04  0.00000000e+00]",15.966666,479,124,74879,0
480,"[-0.7989607  -0.41647577  0.51608294  1.3955939   0.1640896   1.5170912
 -0.40826085  0.        ]","[ 8.4249070e-03 -6.5884962e+00 -3.9024651e+00  1.5360099e+01
 -2.1813920e-01 -3.2813637e+00  1.2284770e-03  0.0000000e+00]","[-0.798855   -0.4163895   0.5159199   1.3960357   0.16401707  1.517642
 -0.40817502  0.        ]","[-3.7664708e-04 -4.0443838e-16  3.4240642e-04 -2.2256419e-03
 -4.8492954e-15 -3.5610269e-03 -4.1088770e-04  0.0000000e+00]",16.0,480,124,74880,0
481,"[-0.7989749  -0.41649482  0.5161021   1.395534    0.1640942   1.5169941
 -0.4082708   0.        ]","[-8.1771286e-04 -6.5043769e+00 -3.8847995e+00  1.5272592e+01
 -2.1738940e-01 -3.4611499e+00  1.2249777e-03  0.0000000e+00]","[-0.7988665  -0.4163895   0.51593524  1.3959858   0.16401707  1.5176132
 -0.40818846  0.        ]","[-5.8209093e-04 -4.0443838e-16  5.1360962e-04 -2.3283637e-03
 -4.8492954e-15 -2.8762140e-03 -6.1633158e-04  0.0000000e+00]",16.033333,481,124,74881,0
482,"[-0.79897666 -0.416503    0.5161049   1.395503    0.16409615  1.5169383
 -0.4082758   0.        ]","[-1.5959180e-03 -6.5382619e+00 -3.8971598e+00  1.5298870e+01
 -2.1843486e-01 -3.5034163e+00  1.2226135e-03  0.0000000e+00]","[-0.798878   -0.4163876   0.51598895  1.3958784   0.16401707  1.517525
 -0.40820763  0.        ]","[-3.7664708e-04  3.4240642e-05  1.1984225e-03 -2.6022887e-03
 -4.8492954e-15 -1.9517166e-03 -5.4785027e-04  0.0000000e+00]",16.066668,482,124,74882,0
483,"[-0.7990624  -0.41658956  0.51616764  1.3952932   0.16414948  1.5166367
 -0.40832987  0.        ]","[ 1.9049472e-03 -6.5126257e+00 -3.8837950e+00  1.5282458e+01
 -2.1725538e-01 -3.4931657e+00  1.2234062e-03  0.0000000e+00]","[-0.7989739  -0.4163876   0.5160925   1.3955294   0.16402857  1.5170131
 -0.40826514  0.        ]","[-3.4240642e-04 -4.0443838e-16  8.2177541e-04 -1.4038663e-03
  2.0544385e-04 -1.1299412e-03 -3.0816579e-04  0.0000000e+00]",16.1,483,124,74883,0
484,"[-0.7990681  -0.41659385  0.5161704   1.3952883   0.16415842  1.5166317
 -0.4083328   0.        ]","[ 1.9049472e-03 -6.5126257e+00 -3.8837950e+00  1.5282458e+01
 -2.1725538e-01 -3.4791656e+00  1.2234062e-03  0.0000000e+00]","[-0.79897773 -0.41639715  0.516104    1.3955218   0.16405158  1.5169977
 -0.40827474  0.        ]","[-3.4240642e-05 -1.7120321e-04  1.7120321e-04 -1.3696257e-04
  3.7664708e-04 -2.3968449e-04 -1.3696257e-04  0.0000000e+00]",16.133333,484,124,74884,0
485,"[-0.79907525 -0.41661972  0.5161715   1.3952571   0.16417067  1.5165929
 -0.4083362   0.        ]","[ 1.9049472e-03 -6.5126257e+00 -3.8837950e+00  1.5282458e+01
 -2.1725538e-01 -3.3811655e+00  1.2234062e-03  0.0000000e+00]","[-0.79898345 -0.4164029   0.51610786  1.3955141   0.16407266  1.5169882
 -0.40827858  0.        ]","[-1.02721926e-04 -6.84812840e-05  3.42406420e-05 -1.36962568e-04
  3.42406420e-04 -1.36962568e-04 -6.84812840e-05  0.00000000e+00]",16.166666,485,124,74885,0
486,"[-0.7990929  -0.41667733  0.51617736  1.3951617   0.16419633  1.5164593
 -0.40835196  0.        ]","[ 3.5378075e-04 -6.5088801e+00 -3.8874302e+00  1.5281633e+01
 -2.1740732e-01 -3.6807892e+00  1.2258207e-03  0.0000000e+00]","[-0.7989873  -0.41641825  0.51610786  1.3955083   0.16408226  1.5169766
 -0.40827858  0.        ]","[-1.02721926e-04 -3.08165792e-04  3.42406420e-05 -1.71203210e-04
  2.73925136e-04 -2.39684494e-04 -3.42406420e-05  0.00000000e+00]",16.2,486,124,74886,0
487,"[-0.7991198  -0.4167054   0.5161942   1.3951069   0.16421522  1.516396
 -0.40836656  0.        ]","[ 3.5378075e-04 -6.5088801e+00 -3.8874302e+00  1.5281633e+01
 -2.1740732e-01 -3.4287891e+00  1.2258207e-03  0.0000000e+00]","[-0.7990084  -0.41653332  0.5161155   1.3954144   0.16410527  1.5167484
 -0.40828815  0.        ]","[-0.00037665 -0.00205444  0.00013696 -0.00167779  0.00041089 -0.00407464
 -0.0001712   0.        ]",16.233334,487,124,74887,0
488,"[-0.7991508  -0.41672727  0.516214    1.3950648   0.16423292  1.5163355
 -0.40838692  0.        ]","[-7.5561424e-05 -6.5070224e+00 -3.8886278e+00  1.5281963e+01
 -2.1744765e-01 -3.4298573e+00  1.2262709e-03  0.0000000e+00]","[-0.79905254 -0.4165429   0.5161539   1.3952955   0.1641302   1.5166488
 -0.4083131   0.        ]","[-6.8481284e-04 -6.8481284e-05  6.1633158e-04 -1.7805134e-03
  3.4240642e-04 -1.3353850e-03 -4.1088770e-04  0.0000000e+00]",16.266666,488,124,74888,0
489,"[-0.7991506  -0.41672716  0.51621366  1.3950645   0.16423282  1.5163348
 -0.40838766  0.        ]","[-7.5561424e-05 -7.9709387e+00 -3.8886278e+00  1.5281963e+01
 -2.1744765e-01 -3.3178573e+00  1.2262709e-03  0.0000000e+00]","[-0.79906976 -0.41655248  0.51616347  1.3952763   0.16413786  1.516595
 -0.4083246   0.        ]","[-0.00054785 -0.0001712   0.00041089 -0.00082178  0.00023968 -0.00133539
 -0.00037665  0.        ]",16.3,489,124,74889,0
490,"[-0.7991645  -0.41676947  0.5162144   1.395007    0.16425289  1.5162774
 -0.40840304  0.        ]","[ 2.6648922e-05 -6.5050368e+00 -3.8886890e+00  1.5281105e+01
 -2.1739404e-01 -3.4011459e+00  1.2266155e-03  0.0000000e+00]","[-0.79909277 -0.41665602  0.5161692   1.3951747   0.16417813  1.5164531
 -0.4083476   0.        ]","[-0.00027393 -0.0012669   0.00010272 -0.00140387  0.00054785 -0.00195172
 -0.00030817  0.        ]",16.333334,490,124,74890,0
491,"[-0.7991902  -0.41681877  0.5162237   1.3949335   0.16428809  1.5161957
 -0.40842593  0.        ]","[-1.2744623e-04 -7.9870090e+00 -3.8900211e+00  1.5282453e+01
 -2.1743312e-01 -3.2335880e+00  1.2269082e-03  0.0000000e+00]","[-0.7991062  -0.41666752  0.5161769   1.3951383   0.16419347  1.5164167
 -0.4083591   0.        ]","[-0.00041089 -0.00099298  0.00023968 -0.00143811  0.00068481 -0.00184899
 -0.00037665  0.        ]",16.366667,491,124,74891,0
492,"[-0.7991956  -0.41682437  0.5162272   1.394921    0.16429463  1.5161808
 -0.40843028  0.        ]","[-1.2744623e-04 -8.3052588e+00 -3.8900211e+00  1.5282453e+01
 -2.1743312e-01 -3.4155879e+00  1.2269082e-03  0.0000000e+00]","[-0.7991158  -0.41666946  0.5161941   1.3950865   0.16420689  1.5163784
 -0.4083687   0.        ]","[-0.00030817 -0.00013696  0.00041089 -0.00136963  0.00044513 -0.0010957
 -0.00030817  0.        ]",16.4,492,124,74892,0
493,"[-0.7992103  -0.41684827  0.5162349   1.394879    0.16430992  1.5161374
 -0.408442    0.        ]","[-1.2744623e-04 -8.3890085e+00 -3.8900211e+00  1.5282453e+01
 -2.1743312e-01 -3.4295881e+00  1.2269082e-03  0.0000000e+00]","[-0.79912347 -0.41668287  0.516198    1.3950577   0.16421647  1.5163496
 -0.40837446  0.        ]","[-0.00030817 -0.00027393  0.00037665 -0.00143811  0.00041089 -0.00119842
 -0.00027393  0.        ]",16.433332,493,124,74893,0
494,"[-0.7992425  -0.41689184  0.51624507  1.3948345   0.16433409  1.516101
 -0.40846443  0.        ]","[ 1.7296738e-04 -7.8688006e+00 -3.8902514e+00  1.5282363e+01
 -2.1735509e-01 -3.3173463e+00  1.2273260e-03  0.0000000e+00]","[-0.799158   -0.4167519   0.5162018   1.3950194   0.16423565  1.5163016
 -0.40839553  0.        ]","[-5.1360962e-04 -1.0272192e-03  3.4240642e-05 -5.8209093e-04
  3.0816579e-04 -7.1905350e-04 -3.4240642e-04  0.0000000e+00]",16.466667,494,124,74894,0
495,"[-0.79924893 -0.41690478  0.5162482   1.3948051   0.16434126  1.5160627
 -0.4084734   0.        ]","[ 1.7296738e-04 -7.9693007e+00 -3.8902514e+00  1.5282363e+01
 -2.1735509e-01 -3.3733463e+00  1.2273260e-03  0.0000000e+00]","[-0.7991618  -0.41675383  0.5162037   1.3950021   0.16423948  1.5162824
 -0.40840128  0.        ]","[-3.0816579e-04 -5.1360962e-04  6.8481284e-05 -6.1633158e-04
  2.0544385e-04 -6.8481284e-04 -2.7392514e-04  0.0000000e+00]",16.5,495,124,74895,0
496,"[-0.7992712  -0.41693354  0.51625884  1.394764    0.1643672   1.5160173
 -0.4084907   0.        ]","[ 1.7296738e-04 -8.3545504e+00 -3.8902514e+00  1.5282363e+01
 -2.1735509e-01 -3.2333465e+00  1.2273260e-03  0.0000000e+00]","[-0.79917717 -0.4167749   0.5162133   1.3949523   0.16426058  1.5162172
 -0.40841472  0.        ]","[-0.00034241 -0.00041089  0.00020544 -0.00116418  0.00044513 -0.00143811
 -0.00030817  0.        ]",16.533333,496,124,74896,0
497,"[-0.79928607 -0.416954    0.5162639   1.3947428   0.16438077  1.5160028
 -0.4085026   0.        ]","[ 1.7296738e-04 -8.4550505e+00 -3.8902514e+00  1.5282363e+01
 -2.1735509e-01 -3.3173463e+00  1.2273260e-03  0.0000000e+00]","[-0.7991848  -0.4167864   0.5162229   1.3949331   0.16427208  1.5161963
 -0.40842238  0.        ]","[-0.00037665 -0.00058209  0.00034241 -0.00106146  0.00058209 -0.00133539
 -0.00037665  0.        ]",16.566668,497,124,74897,0
498,"[-0.79929435 -0.41698104  0.5162642   1.3947138   0.16438949  1.5159777
 -0.40850866  0.        ]","[-6.4314358e-05 -8.3031178e+00 -3.8914144e+00  1.5282552e+01
 -2.1738788e-01 -3.3452041e+00  1.2276036e-03  0.0000000e+00]","[-0.7991963  -0.4168171   0.5162286   1.394912    0.16428551  1.516179
 -0.40843388  0.        ]","[-0.00027393 -0.00068481  0.00020544 -0.00058209  0.00034241 -0.00051361
 -0.00030817  0.        ]",16.6,498,124,74898,0
499,"[-0.79932815 -0.41701552  0.51627797  1.3946579   0.16442284  1.5159175
 -0.40853652  0.        ]","[-6.4314358e-05 -8.4706182e+00 -3.8914144e+00  1.5282552e+01
 -2.1738788e-01 -3.2892041e+00  1.2276036e-03  0.0000000e+00]","[-0.7992347  -0.41688228  0.5162344   1.3948392   0.1643181   1.516085
 -0.4084569   0.        ]","[-0.00061633 -0.00068481  0.00010272 -0.0010957   0.00054785 -0.00143811
 -0.00037665  0.        ]",16.633333,499,124,74899,0
500,"[-0.7993336  -0.4170196   0.5162811   1.3946507   0.16442761  1.5159105
 -0.40854105  0.        ]","[-6.4314358e-05 -8.5208683e+00 -3.8914144e+00  1.5282552e+01
 -2.1738788e-01 -3.2892041e+00  1.2276036e-03  0.0000000e+00]","[-0.7992443  -0.4168842   0.5162382   1.3948123   0.16432577  1.5160735
 -0.40846458  0.        ]","[-0.00061633 -0.00020544  0.00013696 -0.00116418  0.00051361 -0.00095874
 -0.00041089  0.        ]",16.666666,500,124,74900,0
501,"[-0.7993408  -0.41703376  0.5162831   1.3946376   0.1644345   1.5159038
 -0.40854672  0.        ]","[-6.4314358e-05 -8.6213684e+00 -3.8914144e+00  1.5282552e+01
 -2.1738788e-01 -3.3172042e+00  1.2276036e-03  0.0000000e+00]","[-0.7992481  -0.41688612  0.516244    1.3948008   0.16433153  1.5160658
 -0.40847033  0.        ]","[-3.4240642e-04 -6.8481284e-05  2.0544385e-04 -8.9025672e-04
  3.4240642e-04 -5.4785027e-04 -3.4240642e-04  0.0000000e+00]",16.7,501,124,74901,0
502,"[-0.79934746 -0.4170515   0.516285    1.3946171   0.16444024  1.5158845
 -0.40855205  0.        ]","[ 2.4649667e-05 -8.2014122e+00 -3.8924985e+00  1.5282931e+01
 -2.1732606e-01 -3.3170168e+00  1.2280998e-03  0.0000000e+00]","[-0.7992519  -0.41690913  0.5162478   1.3947893   0.16433728  1.5160581
 -0.40847608  0.        ]","[-0.00013696 -0.00044513  0.00013696 -0.00034241  0.0001712  -0.00020544
 -0.0001712   0.        ]",16.733334,502,124,74902,0
503,"[-0.7993836  -0.41709065  0.5162986   1.3945593   0.16448008  1.5158185
 -0.40857998  0.        ]","[ 2.4649667e-05 -8.3521624e+00 -3.8924985e+00  1.5282931e+01
 -2.1732606e-01 -3.4570169e+00  1.2280998e-03  0.0000000e+00]","[-0.7992577  -0.41693982  0.5162497   1.394772    0.1643392   1.5160332
 -0.4084799   0.        ]","[-1.36962568e-04 -7.19053496e-04  3.42406420e-05 -3.76647076e-04
  6.84812840e-05 -4.79368988e-04 -1.02721926e-04  0.00000000e+00]",16.766666,503,124,74903,0
504,"[-0.7993988  -0.4171055   0.5163046   1.3945384   0.16449398  1.5158029
 -0.40859517  0.        ]","[ 2.4649667e-05 -8.6201620e+00 -3.8924985e+00  1.5282931e+01
 -2.1732606e-01 -3.5130169e+00  1.2280998e-03  0.0000000e+00]","[-0.7992711  -0.41695708  0.5162536   1.394749    0.16435646  1.5159968
 -0.4084895   0.        ]","[-0.00034241 -0.00085602  0.00010272 -0.00071905  0.00034241 -0.0010957
 -0.00023968  0.        ]",16.8,504,124,74904,0
505,"[-0.7994145 -0.4171392  0.5163088  1.3945068  0.1645097  1.5157838
 -0.4086078  0.       ]","[ 2.4649667e-05 -8.6369123e+00 -3.8924985e+00  1.5282931e+01
 -2.1732606e-01 -3.3030169e+00  1.2280998e-03  0.0000000e+00]","[-0.79931134 -0.4169839   0.516267    1.3946742   0.16440056  1.5159316
 -0.408524    0.        ]","[-0.00051361 -0.00027393  0.00020544 -0.00099298  0.00054785 -0.00075329
 -0.00051361  0.        ]",16.833334,505,124,74905,0
506,"[-0.7994405  -0.41716608  0.5163185   1.3944691   0.1645367   1.5157436
 -0.40862677  0.        ]","[-8.9154801e-06 -8.3703527e+00 -3.8935204e+00  1.5283374e+01
 -2.1729921e-01 -3.4574850e+00  1.2285130e-03  0.0000000e+00]","[-0.79932094 -0.41704145  0.51627463  1.3946474   0.16441397  1.5159086
 -0.4085355   0.        ]","[-0.0001712  -0.00102722  0.00013696 -0.00047937  0.00023968 -0.00041089
 -0.00020544  0.        ]",16.866667,506,124,74906,0
507,"[-0.79946005 -0.41718155  0.5163272   1.3944447   0.16455239  1.5157208
 -0.40864253  0.        ]","[-8.9154801e-06 -8.2698526e+00 -3.8935204e+00  1.5283374e+01
 -2.1729921e-01 -3.4854851e+00  1.2285130e-03  0.0000000e+00]","[-0.7993248  -0.4170587   0.51627463  1.3946321   0.16441973  1.5158894
 -0.40854126  0.        ]","[-2.0544385e-04 -1.1641819e-03  6.8481284e-05 -6.1633158e-04
  2.3968449e-04 -6.8481284e-04 -2.3968449e-04  0.0000000e+00]",16.9,507,124,74907,0
508,"[-0.7994713  -0.41719142  0.5163323   1.3944318   0.16456015  1.5157093
 -0.40865168  0.        ]","[-8.9154801e-06 -8.6383524e+00 -3.8935204e+00  1.5283374e+01
 -2.1729921e-01 -3.3454850e+00  1.2285130e-03  0.0000000e+00]","[-0.79937273 -0.4170702   0.5162881   1.3945631   0.16446     1.5158339
 -0.40857002  0.        ]","[-0.00068481 -0.00013696  0.00020544 -0.00099298  0.00054785 -0.00075329
 -0.00044513  0.        ]",16.933332,508,124,74908,0
509,"[-0.799481   -0.4172032   0.5163361   1.3944211   0.16456966  1.5157017
 -0.40865797  0.        ]","[-8.9154801e-06 -8.5211029e+00 -3.8935204e+00  1.5283374e+01
 -2.1729921e-01 -3.2894850e+00  1.2285130e-03  0.0000000e+00]","[-0.79938424 -0.41707978  0.5162938   1.3945458   0.16446766  1.5158204
 -0.40857962  0.        ]","[-0.00027393 -0.00020544  0.00013696 -0.00041089  0.0001712  -0.00030817
 -0.00023968  0.        ]",16.966667,509,124,74909,0
510,"[-0.7995221  -0.41724098  0.5163526   1.3943776   0.16460997  1.515657
 -0.4086823   0.        ]","[-8.9154801e-06 -8.4541025e+00 -3.8935204e+00  1.5283374e+01
 -2.1729921e-01 -3.2614851e+00  1.2285130e-03  0.0000000e+00]","[-0.79938614 -0.41708747  0.51629573  1.3945439   0.16446958  1.5158185
 -0.40858153  0.        ]","[-0.0001712  -0.00030817  0.00010272 -0.00023968  0.00013696 -0.00020544
 -0.0001712   0.        ]",17.0,510,124,74910,0
511,"[-0.79953647 -0.41725576  0.51635814  1.3943591   0.16462307  1.5156418
 -0.40869614  0.        ]","[-2.8210921e-05 -8.8382511e+00 -3.8945589e+00  1.5283170e+01
 -2.1726306e-01 -3.3175139e+00  1.2287101e-03  0.0000000e+00]","[-0.79943603 -0.41714308  0.51630723  1.394494    0.1645252   1.5157514
 -0.40860647  0.        ]","[-0.00078753 -0.00082178  0.0001712  -0.00082178  0.00089026 -0.0010957
 -0.00037665  0.        ]",17.033333,511,124,74911,0
512,"[-0.7995467  -0.41727176  0.51636124  1.3943418   0.16463335  1.5156312
 -0.40870738  0.        ]","[-2.8210921e-05 -8.7712507e+00 -3.8945589e+00  1.5283170e+01
 -2.1726306e-01 -3.3175139e+00  1.2287101e-03  0.0000000e+00]","[-0.79944944 -0.4171565   0.516313    1.3944709   0.1645386   1.5157341
 -0.4086218   0.        ]","[-0.00071905 -0.00068481  0.00023968 -0.00102722  0.00068481 -0.00102722
 -0.00065057  0.        ]",17.066668,512,124,74912,0
513,"[-0.79955435 -0.41727847  0.5163646   1.3943363   0.16463794  1.5156274
 -0.40871307  0.        ]","[-2.8210921e-05 -8.5367508e+00 -3.8945589e+00  1.5283170e+01
 -2.1726306e-01 -3.3595140e+00  1.2287101e-03  0.0000000e+00]","[-0.7994571  -0.4171795   0.51631874  1.3944519   0.1645482   1.5157226
 -0.40863523  0.        ]","[-0.00030817 -0.00058209  0.0001712  -0.00061633  0.00034241 -0.00041089
 -0.00041089  0.        ]",17.1,513,124,74913,0
514,"[-0.79955935 -0.4172846   0.5163674   1.3943282   0.16464224  1.5156218
 -0.40871748  0.        ]","[-2.8210921e-05 -8.3692513e+00 -3.8945589e+00  1.5283170e+01
 -2.1726306e-01 -3.3175139e+00  1.2287101e-03  0.0000000e+00]","[-0.79946285 -0.4171891   0.5163226   1.394446    0.16455203  1.5157187
 -0.40864098  0.        ]","[-0.00023968 -0.00054785  0.00013696 -0.00041089  0.00020544 -0.00023968
 -0.00030817  0.        ]",17.133333,514,124,74914,0
515,"[-0.7995683  -0.4172911   0.51637155  1.3943192   0.16465013  1.5156132
 -0.40872228  0.        ]","[-2.8210921e-05 -8.4195013e+00 -3.8945589e+00  1.5283170e+01
 -2.1726306e-01 -3.3035140e+00  1.2287101e-03  0.0000000e+00]","[-0.79946667 -0.41719484  0.51632833  1.3944346   0.16455588  1.515713
 -0.40864673  0.        ]","[-0.00013696 -0.00020544  0.00013696 -0.00027393  0.00010272 -0.00013696
 -0.0001712   0.        ]",17.166666,515,124,74915,0
516,"[-0.7996028  -0.41732383  0.51638514  1.3942835   0.16468136  1.5155807
 -0.40874124  0.        ]","[-1.3738101e-05 -8.7046576e+00 -3.8958378e+00  1.5283625e+01
 -2.1721002e-01 -3.4437938e+00  1.2291908e-03  0.0000000e+00]","[-0.79947627 -0.41719866  0.5163322   1.3944211   0.16456546  1.5157034
 -0.40865058  0.        ]","[-2.05443852e-04 -6.84812840e-05  1.36962568e-04 -3.42406420e-04
  2.05443852e-04 -2.05443852e-04 -1.02721926e-04  0.00000000e+00]",17.2,516,124,74916,0
517,"[-0.7996328  -0.4173529   0.5163964   1.3942513   0.16470392  1.5155562
 -0.4087674   0.        ]","[-1.3738101e-05 -8.6376581e+00 -3.8958378e+00  1.5283625e+01
 -2.1721002e-01 -3.3317938e+00  1.2291908e-03  0.0000000e+00]","[-0.79953766 -0.41726196  0.5163437   1.3943578   0.16461532  1.5156401
 -0.4086851   0.        ]","[-0.00095874 -0.00099298  0.00020544 -0.00102722  0.00075329 -0.00095874
 -0.00061633  0.        ]",17.233334,517,124,74917,0
518,"[-0.79965186 -0.41736513  0.5164061   1.3942363   0.16471861  1.5155444
 -0.40878502  0.        ]","[-1.3738101e-05 -8.5371580e+00 -3.8958378e+00  1.5283625e+01
 -2.1721002e-01 -3.2617939e+00  1.2291908e-03  0.0000000e+00]","[-0.7995453  -0.41727152  0.5163475   1.3943464   0.16462107  1.5156325
 -0.40869465  0.        ]","[-0.00078753 -0.00082178  0.00020544 -0.0009245   0.00054785 -0.00075329
 -0.00068481  0.        ]",17.266666,518,124,74918,0
519,"[-0.7996583  -0.4173688   0.5164099   1.3942318   0.16472198  1.5155413
 -0.40878803  0.        ]","[-1.3738101e-05 -8.6376581e+00 -3.8958378e+00  1.5283625e+01
 -2.1721002e-01 -3.2897940e+00  1.2291908e-03  0.0000000e+00]","[-0.79956067 -0.4172792   0.51636094  1.3943233   0.1646364   1.515621
 -0.40871575  0.        ]","[-0.00027393 -0.00013696  0.00023968 -0.00041089  0.00027393 -0.00020544
 -0.00037665  0.        ]",17.3,519,124,74919,0
520,"[-0.7996614  -0.41737112  0.5164114   1.3942292   0.16472538  1.515538
 -0.40879047  0.        ]","[-1.3738101e-05 -8.6041574e+00 -3.8958378e+00  1.5283625e+01
 -2.1721002e-01 -3.2057939e+00  1.2291908e-03  0.0000000e+00]","[-0.7995664  -0.41728303  0.5163686   1.3943157   0.16464216  1.5156152
 -0.4087215   0.        ]","[-1.02721926e-04 -6.84812840e-05  1.36962568e-04 -1.02721926e-04
  1.02721926e-04 -6.84812840e-05 -1.02721926e-04  0.00000000e+00]",17.333334,520,124,74920,0
521,"[-0.79968    -0.41739237  0.5164172   1.3942101   0.16474763  1.5155228
 -0.4087997   0.        ]","[-7.1153598e-05 -8.6552944e+00 -3.8969634e+00  1.5283441e+01
 -2.1716633e-01 -3.2900119e+00  1.2294578e-03  0.0000000e+00]","[-0.7995683  -0.41728497  0.5163686   1.3943138   0.16464408  1.5156133
 -0.4087215   0.        ]","[-6.84812840e-05 -1.02721926e-04  6.84812840e-05 -6.84812840e-05
  1.02721926e-04 -6.84812840e-05 -6.84812840e-05  0.00000000e+00]",17.366667,521,124,74921,0
522,"[-0.79971665 -0.41741732  0.5164335   1.3941829   0.16477355  1.5154974
 -0.40882602  0.        ]","[-7.1153598e-05 -8.7222948e+00 -3.8969634e+00  1.5283441e+01
 -2.1716633e-01 -3.5000119e+00  1.2294578e-03  0.0000000e+00]","[-0.7995875  -0.41731757  0.51637053  1.3943003   0.16467091  1.5155922
 -0.40872726  0.        ]","[-3.76647076e-04 -6.16331585e-04  3.42406420e-05 -2.73925136e-04
  5.13609615e-04 -4.10887704e-04 -1.02721926e-04  0.00000000e+00]",17.4,522,124,74922,0
523,"[-0.7997447  -0.41743988  0.51644653  1.3941575   0.16479176  1.515479
 -0.40885165  0.        ]","[-7.1153598e-05 -8.8227940e+00 -3.8969634e+00  1.5283441e+01
 -2.1716633e-01 -3.3180120e+00  1.2294578e-03  0.0000000e+00]","[-0.7996431  -0.417354    0.51639354  1.3942447   0.16470927  1.5155443
 -0.40877903  0.        ]","[-0.00047937 -0.00034241  0.00027393 -0.00065057  0.00034241 -0.00044513
 -0.00061633  0.        ]",17.433332,523,124,74923,0
524,"[-0.79975265 -0.41744727  0.51645     1.3941487   0.16479668  1.5154743
 -0.4088584   0.        ]","[-7.1153598e-05 -8.7557945e+00 -3.8969634e+00  1.5283441e+01
 -2.1716633e-01 -3.2760119e+00  1.2294578e-03  0.0000000e+00]","[-0.7996508  -0.41736358  0.51639926  1.3942332   0.1647131   1.5155405
 -0.4087867   0.        ]","[-0.00034241 -0.00034241  0.00023968 -0.00054785  0.00023968 -0.00027393
 -0.00044513  0.        ]",17.466667,524,124,74924,0
525,"[-0.7997562  -0.41745028  0.5164525   1.394145    0.16479841  1.5154724
 -0.40885973  0.        ]","[-7.1153598e-05 -8.6720448e+00 -3.8969634e+00  1.5283441e+01
 -2.1716633e-01 -3.3040121e+00  1.2294578e-03  0.0000000e+00]","[-0.7996584  -0.41737124  0.51640314  1.3942217   0.16471694  1.5155365
 -0.40879437  0.        ]","[-0.00020544 -0.00023968  0.00013696 -0.00034241  0.00010272 -0.00010272
 -0.00023968  0.        ]",17.5,525,124,74925,0
526,"[-0.7997608  -0.41745394  0.5164552   1.3941407   0.16480212  1.5154692
 -0.40886247  0.        ]","[ 1.3789593e-15 -1.3048250e+01 -3.8969126e+00  1.5283493e+01
 -2.1716207e-01 -4.6620002e+00  1.2294526e-03  0.0000000e+00]","[-0.7996642  -0.4173751   0.51640886  1.3942121   0.16472077  1.5155327
 -0.40879822  0.        ]","[-1.02721926e-04 -6.84812840e-05  1.02721926e-04 -1.71203210e-04
  6.84812840e-05 -6.84812840e-05 -6.84812840e-05  0.00000000e+00]",17.533333,526,124,74926,0
527,"[-0.7997838  -0.4174768   0.5164635   1.3941224   0.16482472  1.5154613
 -0.40887198  0.        ]","[ 7.0786405e-06 -8.7575188e+00 -3.8978939e+00  1.5283355e+01
 -2.1712011e-01 -3.2205055e+00  1.2296193e-03  0.0000000e+00]","[-0.7996661  -0.417377    0.51641077  1.3942083   0.1647227   1.5155327
 -0.40879822  0.        ]","[-6.84812840e-05 -6.84812840e-05  1.02721926e-04 -1.36962568e-04
  6.84812840e-05 -3.42406420e-05 -3.42406420e-05  0.00000000e+00]",17.566668,527,124,74927,0
528,"[-0.7998298  -0.4175054   0.51648474  1.3940936   0.16485514  1.5154337
 -0.40890402  0.        ]","[ 7.0786405e-06 -8.7072687e+00 -3.8978939e+00  1.5283355e+01
 -2.1712011e-01 -3.4025054e+00  1.2296193e-03  0.0000000e+00]","[-0.7996891  -0.4174096   0.51641464  1.394191    0.16474953  1.5155232
 -0.40880397  0.        ]","[-0.00044513 -0.00061633  0.00010272 -0.00037665  0.00051361 -0.0001712
 -0.00010272  0.        ]",17.6,528,124,74928,0
529,"[-0.7998462  -0.41751397  0.516494    1.3940818   0.16486484  1.5154216
 -0.408917    0.        ]","[ 7.0786405e-06 -8.7910185e+00 -3.8978939e+00  1.5283355e+01
 -2.1712011e-01 -3.3325055e+00  1.2296193e-03  0.0000000e+00]","[-0.7997447  -0.4174422   0.51643765  1.3941526   0.16478404  1.5154791
 -0.40884614  0.        ]","[-0.00054785 -0.00027393  0.00027393 -0.00044513  0.00030817 -0.00047937
 -0.00051361  0.        ]",17.633333,529,124,74929,0
530,"[-0.7998553  -0.41751987  0.5164994   1.3940752   0.16487105  1.5154161
 -0.4089226   0.        ]","[ 7.0786405e-06 -8.7742691e+00 -3.8978939e+00  1.5283355e+01
 -2.1712011e-01 -3.2765055e+00  1.2296193e-03  0.0000000e+00]","[-0.7997524  -0.4174441   0.5164434   1.3941431   0.16478981  1.5154734
 -0.40885383  0.        ]","[-0.00044513 -0.00013696  0.00027393 -0.00044513  0.00027393 -0.00034241
 -0.00044513  0.        ]",17.666666,530,124,74930,0
531,"[-0.79986185 -0.417525    0.51650256  1.3940705   0.16487473  1.5154132
 -0.40892777  0.        ]","[ 7.0786405e-06 -8.7742691e+00 -3.8978939e+00  1.5283355e+01
 -2.1712011e-01 -3.3185055e+00  1.2296193e-03  0.0000000e+00]","[-0.79976004 -0.41744795  0.51645106  1.3941336   0.16479556  1.5154675
 -0.4088615   0.        ]","[-0.00023968 -0.00010272  0.00020544 -0.00030817  0.0001712  -0.0001712
 -0.00023968  0.        ]",17.7,531,124,74931,0
532,"[-0.7998674  -0.41752714  0.51650566  1.3940691   0.16487701  1.5154119
 -0.40892994  0.        ]","[ 1.0074131e-05 -8.5904207e+00 -3.8989370e+00  1.5283386e+01
 -2.1707806e-01 -3.2346292e+00  1.2298557e-03  0.0000000e+00]","[-0.7997658  -0.41745752  0.51645684  1.3941277   0.16480131  1.5154618
 -0.40886724  0.        ]","[-6.8481284e-05 -1.3696257e-04  6.8481284e-05 -6.8481284e-05
  6.8481284e-05 -6.8481284e-05 -6.8481284e-05  0.0000000e+00]",17.733334,532,124,74932,0
533,"[-0.7999103  -0.4175515   0.5165251   1.3940508   0.16490853  1.5153981
 -0.40895087  0.        ]","[ 1.0074131e-05 -8.6574211e+00 -3.8989370e+00  1.5283386e+01
 -2.1707806e-01 -3.2206290e+00  1.2298557e-03  0.0000000e+00]","[-0.79977155 -0.41745752  0.51645684  1.3941258   0.16480131  1.5154618
 -0.40886915  0.        ]","[-1.3696257e-04 -6.8481284e-05  3.4240642e-05 -6.8481284e-05
  6.8481284e-05 -3.4240642e-05 -6.8481284e-05  0.0000000e+00]",17.766666,533,124,74933,0
534,"[-0.7999325  -0.41756454  0.5165363   1.3940399   0.16492304  1.5153891
 -0.40896568  0.        ]","[ 1.0074131e-05 -8.8919210e+00 -3.8989370e+00  1.5283386e+01
 -2.1707806e-01 -3.5286291e+00  1.2298557e-03  0.0000000e+00]","[-0.7998195  -0.41748822  0.51646835  1.3941106   0.16483583  1.5154426
 -0.4088864   0.        ]","[-0.00089026 -0.00054785  0.00020544 -0.00027393  0.00061633 -0.00034241
 -0.00030817  0.        ]",17.8,534,124,74934,0
535,"[-0.7999501  -0.4175763   0.516545    1.3940285   0.16493419  1.5153801
 -0.40897918  0.        ]","[ 1.0074131e-05 -8.6909208e+00 -3.8989370e+00  1.5283386e+01
 -2.1707806e-01 -3.3886292e+00  1.2298557e-03  0.0000000e+00]","[-0.79985017 -0.41751313  0.51648366  1.3940914   0.16485883  1.5154234
 -0.40891325  0.        ]","[-0.00061633 -0.00047937  0.00030817 -0.00037665  0.00044513 -0.00041089
 -0.00051361  0.        ]",17.833334,535,124,74935,0
536,"[-0.7999636  -0.41758558  0.5165533   1.3940169   0.16494296  1.5153711
 -0.40898713  0.        ]","[ 1.0074131e-05 -8.7579212e+00 -3.8989370e+00  1.5283386e+01
 -2.1707806e-01 -3.4166291e+00  1.2298557e-03  0.0000000e+00]","[-0.79985595 -0.41751698  0.5164894   1.3940855   0.16486266  1.5154196
 -0.408919    0.        ]","[-0.00044513 -0.00034241  0.00027393 -0.00034241  0.00030817 -0.00030817
 -0.00041089  0.        ]",17.866667,536,124,74936,0
537,"[-0.7999667  -0.41758865  0.51655483  1.3940128   0.16494562  1.5153681
 -0.40898904  0.        ]","[ 1.0074131e-05 -8.6406708e+00 -3.8989370e+00  1.5283386e+01
 -2.1707806e-01 -3.3186290e+00  1.2298557e-03  0.0000000e+00]","[-0.79986745 -0.41752464  0.5165009   1.3940684   0.16487034  1.5154101
 -0.4089286   0.        ]","[-0.0001712  -0.00010272  0.0001712  -0.00027393  0.00013696 -0.00013696
 -0.0001712   0.        ]",17.9,537,124,74937,0
538,"[-0.79997075 -0.41759083  0.5165571   1.3940103   0.16494831  1.515366
 -0.40899137  0.        ]","[ 4.9104983e-16 -1.3098500e+01 -3.8990722e+00  1.5283541e+01
 -2.1707895e-01 -4.7600002e+00  1.2299147e-03  0.0000000e+00]","[-0.79987127 -0.41752848  0.5165067   1.3940606   0.16487417  1.5154063
 -0.40893245  0.        ]","[-6.84812840e-05 -6.84812840e-05  6.84812840e-05 -1.02721926e-04
  3.42406420e-05 -6.84812840e-05 -6.84812840e-05  0.00000000e+00]",17.933332,538,124,74938,0
539,"[-0.7999879  -0.4175997   0.51656526  1.3940046   0.1649571   1.5153624
 -0.40899938  0.        ]","[-2.33709466e-06 -8.67467403e+00 -3.89999580e+00  1.52834015e+01
 -2.17041790e-01 -3.33280158e+00  1.23004999e-03  0.00000000e+00]","[-0.7998732  -0.41752848  0.5165067   1.3940587   0.16487609  1.5154063
 -0.40893245  0.        ]","[-6.84812840e-05 -6.84812840e-05  6.84812840e-05 -1.02721926e-04
  6.84812840e-05 -3.42406420e-05 -3.42406420e-05  0.00000000e+00]",17.966667,539,124,74939,0
540,"[-0.8000262  -0.41762066  0.5165839   1.3939887   0.16498375  1.5153519
 -0.40901926  0.        ]","[-2.33709466e-06 -8.77517414e+00 -3.89999580e+00  1.52834015e+01
 -2.17041790e-01 -3.40280175e+00  1.23004999e-03  0.00000000e+00]","[-0.7998943  -0.41753998  0.5165105   1.394053    0.16488376  1.5154004
 -0.4089401   0.        ]","[-4.10887704e-04 -2.05443852e-04  6.84812840e-05 -1.02721926e-04
  1.71203210e-04 -1.02721926e-04 -1.36962568e-04  0.00000000e+00]",18.0,540,124,74940,0
541,"[-0.80004334 -0.41763005  0.51659346  1.3939801   0.16499518  1.515344
 -0.4090307   0.        ]","[-2.33709466e-06 -8.77517414e+00 -3.89999580e+00  1.52834015e+01
 -2.17041790e-01 -3.45880175e+00  1.23004999e-03  0.00000000e+00]","[-0.7999269  -0.41756108  0.51652396  1.3940395   0.1649106   1.515389
 -0.40895352  0.        ]","[-0.00089026 -0.00054785  0.00030817 -0.00030817  0.00061633 -0.00027393
 -0.00034241  0.        ]",18.033333,541,124,74941,0
542,"[-0.80006015 -0.41763943  0.51660204  1.3939719   0.16500473  1.5153376
 -0.40904376  0.        ]","[-2.33709466e-06 -8.85892391e+00 -3.89999580e+00  1.52834015e+01
 -2.17041790e-01 -3.41680169e+00  1.23004999e-03  0.00000000e+00]","[-0.799948   -0.4175745   0.51653737  1.3940281   0.16492595  1.5153774
 -0.4089727   0.        ]","[-0.00068481 -0.00037665  0.00037665 -0.00037665  0.00051361 -0.00030817
 -0.00051361  0.        ]",18.066668,542,124,74942,0
543,"[-0.8000718  -0.41764534  0.5166094   1.3939654   0.16501099  1.5153314
 -0.4090502   0.        ]","[-2.33709466e-06 -8.80867386e+00 -3.89999580e+00  1.52834015e+01
 -2.17041790e-01 -3.40280175e+00  1.23004999e-03  0.00000000e+00]","[-0.79995567 -0.41757834  0.5165412   1.3940223   0.1649317   1.5153736
 -0.40898037  0.        ]","[-0.00054785 -0.00030817  0.00034241 -0.00034241  0.00041089 -0.00030817
 -0.00051361  0.        ]",18.1,543,124,74943,0
544,"[-0.8000738  -0.41764712  0.51661044  1.3939631   0.16501401  1.51533
 -0.4090516   0.        ]","[-2.33709466e-06 -8.74167442e+00 -3.89999580e+00  1.52834015e+01
 -2.17041790e-01 -3.37480164e+00  1.23004999e-03  0.00000000e+00]","[-0.7999729  -0.41758984  0.5165565   1.3940089   0.16494128  1.5153621
 -0.40899572  0.        ]","[-0.0001712  -0.00010272  0.0001712  -0.0001712   0.00010272 -0.00013696
 -0.00013696  0.        ]",18.133333,544,124,74944,0
545,"[-0.8000762  -0.41764966  0.51661146  1.3939601   0.16501437  1.5153276
 -0.4090538   0.        ]","[-8.4109091e-16 -1.3232500e+01 -3.9000962e+00  1.5283491e+01
 -2.1704134e-01 -4.7600002e+00  1.2300977e-03  0.0000000e+00]","[-0.7999748  -0.41758984  0.51655847  1.3940051   0.16494513  1.5153602
 -0.40899763  0.        ]","[-1.02721926e-04 -3.42406420e-05  1.02721926e-04 -1.36962568e-04
  1.02721926e-04 -1.02721926e-04 -6.84812840e-05  0.00000000e+00]",18.166666,545,124,74945,0
546,"[-0.8001109  -0.41766587  0.5166283   1.3939502   0.16503592  1.5153211
 -0.40906715  0.        ]","[-8.4109091e-16 -1.3182250e+01 -3.9000962e+00  1.5283491e+01
 -2.1704134e-01 -4.7600002e+00  1.2300977e-03  0.0000000e+00]","[-0.7999767  -0.41759175  0.5165604   1.3940032   0.16494513  1.5153602
 -0.40899953  0.        ]","[-1.02721926e-04 -3.42406420e-05  1.02721926e-04 -1.02721926e-04
  6.84812840e-05 -6.84812840e-05 -6.84812840e-05  0.00000000e+00]",18.2,546,124,74946,0
547,"[-0.8001282  -0.41767392  0.51663804  1.3939452   0.16504811  1.515318
 -0.40907463  0.        ]","[-6.5979189e-06 -8.6749048e+00 -3.9009793e+00  1.5283347e+01
 -2.1700743e-01 -3.3188529e+00  1.2302090e-03  0.0000000e+00]","[-0.7999863  -0.41759366  0.5165604   1.3940012   0.16494703  1.5153582
 -0.40899953  0.        ]","[-1.7120321e-04 -3.4240642e-05  3.4240642e-05 -3.4240642e-05
  3.4240642e-05 -3.4240642e-05  5.8286709e-15  0.0000000e+00]",18.233334,547,124,74947,0
548,"[-0.80014116 -0.4176809   0.5166447   1.3939387   0.16505663  1.5153128
 -0.40908337  0.        ]","[-6.5979189e-06 -8.8256550e+00 -3.9009793e+00  1.5283347e+01
 -2.1700743e-01 -3.5148528e+00  1.2302090e-03  0.0000000e+00]","[-0.800017   -0.41761285  0.516568    1.3939935   0.16496813  1.5153487
 -0.40900913  0.        ]","[-0.00068481 -0.00034241  0.00013696 -0.00013696  0.00041089 -0.0001712
 -0.0001712   0.        ]",18.266666,548,124,74948,0
549,"[-0.8001526  -0.41768625  0.5166511   1.3939345   0.16506407  1.5153102
 -0.40909144  0.        ]","[-6.5979189e-06 -8.8256550e+00 -3.9009793e+00  1.5283347e+01
 -2.1700743e-01 -3.4728529e+00  1.2302090e-03  0.0000000e+00]","[-0.8000343  -0.41762245  0.5165776   1.3939878   0.16498154  1.5153449
 -0.4090168   0.        ]","[-0.0009245  -0.00051361  0.00030817 -0.00023968  0.00061633 -0.00023968
 -0.00030817  0.        ]",18.3,549,124,74949,0
550,"[-0.8001684  -0.41769433  0.5166596   1.3939266   0.16507356  1.5153034
 -0.40910247  0.        ]","[-6.5979189e-06 -8.9094048e+00 -3.9009793e+00  1.5283347e+01
 -2.1700743e-01 -3.4308529e+00  1.2302090e-03  0.0000000e+00]","[-0.8000553  -0.41763395  0.516593    1.3939743   0.16499881  1.5153352
 -0.40903598  0.        ]","[-0.00061633 -0.00030817  0.00041089 -0.00030817  0.00047937 -0.00023968
 -0.00047937  0.        ]",18.333334,550,124,74950,0
551,"[-0.8001763  -0.41770017  0.516664    1.3939216   0.16507775  1.5152999
 -0.40910912  0.        ]","[-6.5979189e-06 -8.8256550e+00 -3.9009793e+00  1.5283347e+01
 -2.1700743e-01 -3.4448528e+00  1.2302090e-03  0.0000000e+00]","[-0.800063   -0.41763777  0.5165987   1.3939686   0.16500457  1.5153314
 -0.40904364  0.        ]","[-0.00044513 -0.00023968  0.00037665 -0.00030817  0.00037665 -0.00020544
 -0.00044513  0.        ]",18.366667,551,124,74951,0
552,"[-0.800184   -0.4177045   0.5166686   1.3939167   0.16508195  1.5152963
 -0.40911278  0.        ]","[-6.5979189e-06 -8.7586546e+00 -3.9009793e+00  1.5283347e+01
 -2.1700743e-01 -3.3748529e+00  1.2302090e-03  0.0000000e+00]","[-0.8000764  -0.41764927  0.5166102   1.393959    0.16501223  1.5153238
 -0.40905708  0.        ]","[-0.00023968 -0.0001712   0.0001712  -0.0001712   0.00013696 -0.00013696
 -0.00020544  0.        ]",18.4,552,124,74952,0
553,"[-0.8001855  -0.41770676  0.51666874  1.3939136   0.1650839   1.515294
 -0.40911442  0.        ]","[-3.9688165e-16 -1.3215750e+01 -3.9010806e+00  1.5283435e+01
 -2.1700720e-01 -4.7600002e+00  1.2302542e-03  0.0000000e+00]","[-0.8000822  -0.4176531   0.516616    1.3939513   0.16501607  1.51532
 -0.4090609   0.        ]","[-1.02721926e-04 -6.84812840e-05  1.02721926e-04 -1.02721926e-04
  3.42406420e-05 -6.84812840e-05 -6.84812840e-05  0.00000000e+00]",18.433332,553,124,74953,0
554,"[-0.80019724 -0.41770995  0.51667464  1.3939122   0.16508847  1.5152917
 -0.4091189   0.        ]","[-3.9688165e-16 -1.3182250e+01 -3.9010806e+00  1.5283435e+01
 -2.1700720e-01 -4.7600002e+00  1.2302542e-03  0.0000000e+00]","[-0.8000822  -0.4176531   0.516616    1.3939494   0.16501798  1.515318
 -0.40906283  0.        ]","[-6.84812840e-05 -3.42406420e-05  6.84812840e-05 -1.02721926e-04
  6.84812840e-05 -6.84812840e-05 -6.84812840e-05  0.00000000e+00]",18.466667,554,124,74954,0
555,"[-0.80024064 -0.4177298   0.5166972   1.3939027   0.16511288  1.5152886
 -0.40913457  0.        ]","[-5.0796675e-06 -8.7254658e+00 -3.9019234e+00  1.5283298e+01
 -2.1697094e-01 -3.2769492e+00  1.2303566e-03  0.0000000e+00]","[-0.80009943 -0.41765696  0.5166179   1.3939456   0.16502182  1.5153141
 -0.40906665  0.        ]","[-2.7392514e-04 -3.4240642e-05  3.4240642e-05 -6.8481284e-05
  6.8481284e-05 -6.8481284e-05 -6.8481284e-05  0.0000000e+00]",18.5,555,124,74955,0
556,"[-0.80027246 -0.41774338  0.5167144   1.3938919   0.1651303   1.515281
 -0.40915558  0.        ]","[-5.0796675e-06 -8.8092165e+00 -3.9019234e+00  1.5283298e+01
 -2.1697094e-01 -3.3609493e+00  1.2303566e-03  0.0000000e+00]","[-0.80016273 -0.41768762  0.516639    1.3939341   0.1650525   1.5153046
 -0.40908775  0.        ]","[-0.00095874 -0.00041089  0.00034241 -0.00020544  0.00051361 -0.0001712
 -0.00037665  0.        ]",18.533333,556,124,74956,0
557,"[-0.8002837  -0.4177491   0.51672065  1.3938868   0.16513608  1.5152781
 -0.40916294  0.        ]","[-5.0796675e-06 -8.8929663e+00 -3.9019234e+00  1.5283298e+01
 -2.1697094e-01 -3.4309492e+00  1.2303566e-03  0.0000000e+00]","[-0.80018383 -0.41769722  0.5166543   1.3939207   0.16506591  1.5152988
 -0.40910885  0.        ]","[-0.00034241 -0.0001712   0.00023968 -0.00020544  0.00020544 -0.00010272
 -0.00034241  0.        ]",18.566668,557,124,74957,0
558,"[-0.80028975 -0.4177535   0.51672405  1.3938822   0.16514042  1.5152749
 -0.40916818  0.        ]","[-5.0796675e-06 -8.7924662e+00 -3.9019234e+00  1.5283298e+01
 -2.1697094e-01 -3.4309492e+00  1.2303566e-03  0.0000000e+00]","[-0.80018765 -0.41770107  0.5166581   1.3939168   0.16506976  1.5152969
 -0.40911266  0.        ]","[-0.00023968 -0.00013696  0.00020544 -0.00020544  0.0001712  -0.00010272
 -0.00027393  0.        ]",18.6,558,124,74958,0
559,"[-0.8002939  -0.41775578  0.51672673  1.3938797   0.16514343  1.5152719
 -0.40916988  0.        ]","[-5.0796675e-06 -8.7422161e+00 -3.9019234e+00  1.5283298e+01
 -2.1697094e-01 -3.3889492e+00  1.2303566e-03  0.0000000e+00]","[-0.80019146 -0.41770682  0.5166639   1.3939111   0.16507359  1.5152931
 -0.4091184   0.        ]","[-1.02721926e-04 -1.36962568e-04  1.36962568e-04 -1.36962568e-04
  1.02721926e-04 -6.84812840e-05 -1.36962568e-04  0.00000000e+00]",18.633333,559,124,74959,0
560,"[-0.80031806 -0.41776577  0.5167395   1.3938744   0.16515547  1.5152688
 -0.4091793   0.        ]","[-3.3109653e-05 -8.7924089e+00 -3.9028091e+00  1.5283189e+01
 -2.1694985e-01 -4.8020000e+00  1.2304498e-03  0.0000000e+00]","[-0.80019146 -0.41770682  0.5166658   1.3939092   0.16507551  1.5152911
 -0.40912035  0.        ]","[-6.84812840e-05 -1.02721926e-04  1.02721926e-04 -1.36962568e-04
  1.02721926e-04 -6.84812840e-05 -1.02721926e-04  0.00000000e+00]",18.666666,560,124,74960,0
561,"[-0.80035263 -0.41778037  0.51675826  1.393867    0.16517672  1.5152662
 -0.40919432  0.        ]","[-3.3109653e-05 -8.7589092e+00 -3.9028091e+00  1.5283189e+01
 -2.1694985e-01 -4.7600002e+00  1.2304498e-03  0.0000000e+00]","[-0.80020297 -0.41770872  0.5166677   1.3939073   0.16507742  1.5152892
 -0.40912226  0.        ]","[-2.0544385e-04 -3.4240642e-05  6.8481284e-05 -6.8481284e-05
  6.8481284e-05 -3.4240642e-05 -6.8481284e-05  0.0000000e+00]",18.7,561,124,74961,0
562,"[-0.80038655 -0.41779262  0.51677835  1.3938591   0.16519614  1.5152601
 -0.40921378  0.        ]","[-3.3109653e-05 -8.8761587e+00 -3.9028091e+00  1.5283189e+01
 -2.1694985e-01 -4.8720002e+00  1.2304498e-03  0.0000000e+00]","[-0.8002586  -0.41773748  0.51669264  1.3938957   0.16511194  1.5152816
 -0.40914145  0.        ]","[-0.00099298 -0.00051361  0.00044513 -0.00020544  0.00061633 -0.00013696
 -0.00034241  0.        ]",18.733334,562,124,74962,0
563,"[-0.8003918  -0.41779524  0.516782    1.3938564   0.16519879  1.5152586
 -0.40921658  0.        ]","[-3.3109653e-05 -8.8259087e+00 -3.9028091e+00  1.5283189e+01
 -2.1694985e-01 -4.8020000e+00  1.2304498e-03  0.0000000e+00]","[-0.80027586 -0.41774514  0.51670414  1.3938919   0.16512153  1.5152777
 -0.40915295  0.        ]","[-0.00075329 -0.00034241  0.00044513 -0.0001712   0.00047937 -0.00013696
 -0.00041089  0.        ]",18.766666,563,124,74963,0
564,"[-0.80039704 -0.4177981   0.51678467  1.3938546   0.1652022   1.5152566
 -0.4092198   0.        ]","[-3.3109653e-05 -8.8259087e+00 -3.9028091e+00  1.5283189e+01
 -2.1694985e-01 -4.7880001e+00  1.2304498e-03  0.0000000e+00]","[-0.8002912  -0.4177509   0.51672333  1.3938823   0.16513687  1.515272
 -0.40916827  0.        ]","[-0.00027393 -0.00010272  0.00034241 -0.0001712   0.00027393 -0.00010272
 -0.00027393  0.        ]",18.8,564,124,74964,0
565,"[-0.8004225  -0.41780657  0.5167984   1.3938496   0.16521372  1.5152538
 -0.4092292   0.        ]","[-3.3109653e-05 -8.7924089e+00 -3.9028091e+00  1.5283189e+01
 -2.1694985e-01 -4.8020000e+00  1.2304498e-03  0.0000000e+00]","[-0.8002931  -0.41775283  0.51672524  1.3938823   0.16513878  1.515272
 -0.4091702   0.        ]","[-2.05443852e-04 -1.02721926e-04  2.73925136e-04 -1.36962568e-04
  2.05443852e-04 -6.84812840e-05 -2.05443852e-04  0.00000000e+00]",18.833334,565,124,74965,0
566,"[-0.8004598  -0.41782355  0.51681864  1.3938404   0.16523606  1.5152493
 -0.40924552  0.        ]","[ 2.5719606e-05 -8.9433298e+00 -3.9037023e+00  1.5283168e+01
 -2.1690995e-01 -4.7880001e+00  1.2305852e-03  0.0000000e+00]","[-0.8003257  -0.4177605   0.51673484  1.3938727   0.16515028  1.5152662
 -0.40917978  0.        ]","[-5.47850272e-04 -1.02721926e-04  1.02721926e-04 -1.02721926e-04
  1.71203210e-04 -6.84812840e-05 -1.36962568e-04  0.00000000e+00]",18.866667,566,124,74966,0
567,"[-0.8004794  -0.41782975  0.51682997  1.3938367   0.16524741  1.5152466
 -0.40925676  0.        ]","[ 2.5719606e-05 -8.9433298e+00 -3.9037023e+00  1.5283168e+01
 -2.1690995e-01 -4.8579998e+00  1.2305852e-03  0.0000000e+00]","[-0.8003641  -0.4177816   0.5167521   1.3938651   0.16517521  1.5152605
 -0.40919513  0.        ]","[-0.00095874 -0.00044513  0.00037665 -0.00020544  0.00058209 -0.00013696
 -0.00037665  0.        ]",18.9,567,124,74967,0
568,"[-0.8004906  -0.41783518  0.5168368   1.3938323   0.16525333  1.5152441
 -0.4092643   0.        ]","[ 2.5719606e-05 -8.8595791e+00 -3.9037023e+00  1.5283168e+01
 -2.1690995e-01 -4.8579998e+00  1.2305852e-03  0.0000000e+00]","[-0.8003737  -0.4177854   0.51675975  1.3938632   0.16518289  1.5152586
 -0.40920278  0.        ]","[-0.00071905 -0.00034241  0.00041089 -0.0001712   0.00047937 -0.00010272
 -0.00037665  0.        ]",18.933332,568,124,74968,0
569,"[-0.80049765 -0.41784033  0.51684093  1.3938273   0.1652572   1.5152406
 -0.4092684   0.        ]","[ 2.5719606e-05 -8.9098291e+00 -3.9037023e+00  1.5283168e+01
 -2.1690995e-01 -4.7880001e+00  1.2305852e-03  0.0000000e+00]","[-0.800389   -0.41779116  0.5167732   1.3938555   0.16519056  1.5152547
 -0.40921623  0.        ]","[-0.00030817 -0.00013696  0.00030817 -0.00013696  0.00020544 -0.00010272
 -0.00030817  0.        ]",18.966667,569,124,74969,0
570,"[-0.80050147 -0.41784224  0.51684326  1.3938249   0.16525899  1.5152388
 -0.40927017  0.        ]","[ 2.5719606e-05 -8.8260794e+00 -3.9037023e+00  1.5283168e+01
 -2.1690995e-01 -4.8160000e+00  1.2305852e-03  0.0000000e+00]","[-0.8003967  -0.41779885  0.51678085  1.3938478   0.16519631  1.5152509
 -0.40922198  0.        ]","[-1.36962568e-04 -1.02721926e-04  1.02721926e-04 -1.02721926e-04
  6.84812840e-05 -6.84812840e-05 -1.02721926e-04  0.00000000e+00]",19.0,570,124,74970,0
571,"[-0.8005357  -0.41785324  0.5168614   1.3938212   0.16527417  1.515237
 -0.40928125  0.        ]","[ 2.5719606e-05 -8.8260794e+00 -3.9037023e+00  1.5283168e+01
 -2.1690995e-01 -4.7459998e+00  1.2305852e-03  0.0000000e+00]","[-0.8003986  -0.41779885  0.51678276  1.3938478   0.16519631  1.515249
 -0.40922388  0.        ]","[-1.36962568e-04 -1.02721926e-04  1.36962568e-04 -6.84812840e-05
  6.84812840e-05 -6.84812840e-05 -1.02721926e-04  0.00000000e+00]",19.033333,571,124,74971,0
572,"[-0.8005689  -0.41786602  0.5168805   1.3938164   0.16529249  1.5152359
 -0.40929532  0.        ]","[-1.6626947e-05 -8.7926702e+00 -3.9044681e+00  1.5282981e+01
 -2.1688877e-01 -4.7600002e+00  1.2306265e-03  0.0000000e+00]","[-0.8004043  -0.41780075  0.5167847   1.393844    0.16519822  1.515249
 -0.40922582  0.        ]","[-1.3696257e-04 -3.4240642e-05  6.8481284e-05 -6.8481284e-05
  3.4240642e-05 -3.4240642e-05 -6.8481284e-05  0.0000000e+00]",19.066668,572,124,74972,0
573,"[-0.8005861  -0.4178719   0.5168911   1.3938133   0.16530234  1.5152341
 -0.40930566  0.        ]","[-1.6626947e-05 -8.8429203e+00 -3.9044681e+00  1.5282981e+01
 -2.1688877e-01 -4.8160000e+00  1.2306265e-03  0.0000000e+00]","[-0.8004753  -0.4178276   0.51680964  1.3938363   0.16523083  1.5152432
 -0.40924498  0.        ]","[-9.92978690e-04 -4.45128360e-04  4.45128360e-04 -1.02721926e-04
  5.82090928e-04 -6.84812840e-05 -3.42406420e-04  0.00000000e+00]",19.1,573,124,74973,0
574,"[-0.800598   -0.41787633  0.51689816  1.3938091   0.1653082   1.5152309
 -0.4093136   0.        ]","[-1.6626947e-05 -8.8094206e+00 -3.9044681e+00  1.5282981e+01
 -2.1688877e-01 -4.8020000e+00  1.2306265e-03  0.0000000e+00]","[-0.8004829  -0.41783145  0.51681733  1.3938344   0.16523658  1.5152413
 -0.40925074  0.        ]","[-7.19053496e-04 -3.42406420e-04  4.45128360e-04 -1.02721926e-04
  4.45128360e-04 -6.84812840e-05 -3.42406420e-04  0.00000000e+00]",19.133333,574,124,74974,0
575,"[-0.80060637 -0.4178808   0.5169029   1.3938062   0.1653137   1.5152296
 -0.40931946  0.        ]","[-1.6626947e-05 -8.8261700e+00 -3.9044681e+00  1.5282981e+01
 -2.1688877e-01 -4.7880001e+00  1.2306265e-03  0.0000000e+00]","[-0.80049443 -0.4178372   0.51683074  1.3938286   0.16524616  1.5152394
 -0.40926415  0.        ]","[-3.4240642e-04 -1.7120321e-04  3.7664708e-04 -1.3696257e-04
  2.7392514e-04 -6.8481284e-05 -3.4240642e-04  0.0000000e+00]",19.166666,575,124,74975,0
576,"[-0.8006089  -0.41788286  0.51690465  1.3938042   0.16531526  1.5152276
 -0.40932095  0.        ]","[-1.6626947e-05 -8.7256699e+00 -3.9044681e+00  1.5282981e+01
 -2.1688877e-01 -4.7600002e+00  1.2306265e-03  0.0000000e+00]","[-0.800504   -0.41784295  0.51684225  1.3938229   0.16525383  1.5152355
 -0.40927565  0.        ]","[-1.02721926e-04 -6.84812840e-05  1.02721926e-04 -6.84812840e-05
  6.84812840e-05 -3.42406420e-05 -1.02721926e-04  0.00000000e+00]",19.2,576,124,74976,0
577,"[-0.8006127  -0.417884    0.516906    1.3938034   0.16531722  1.5152276
 -0.40932217  0.        ]","[-3.9645779e-16 -1.3249250e+01 -3.9045768e+00  1.5283035e+01
 -2.1688879e-01 -4.7600002e+00  1.2306572e-03  0.0000000e+00]","[-0.800504   -0.41784295  0.51684415  1.393821    0.16525576  1.5152355
 -0.40927565  0.        ]","[-6.84812840e-05 -6.84812840e-05  1.02721926e-04 -6.84812840e-05
  6.84812840e-05 -3.42406420e-05 -6.84812840e-05  0.00000000e+00]",19.233334,577,124,74977,0
578,"[-0.8006547  -0.41789734  0.5169296   1.3937995   0.16533692  1.5152267
 -0.40933546  0.        ]","[-1.7952480e-05 -8.7090645e+00 -3.9053240e+00  1.5282869e+01
 -2.1686748e-01 -4.7459998e+00  1.2306997e-03  0.0000000e+00]","[-0.8005117  -0.41784486  0.51684415  1.3938191   0.16525766  1.5152336
 -0.4092776   0.        ]","[-1.3696257e-04 -3.4240642e-05  3.4240642e-05 -6.8481284e-05
  3.4240642e-05 -3.4240642e-05 -3.4240642e-05  0.0000000e+00]",19.266666,578,124,74978,0
579,"[-0.800682   -0.41790658  0.5169456   1.3937955   0.16535175  1.5152241
 -0.40934694  0.        ]","[-1.7952480e-05 -8.7593136e+00 -3.9053240e+00  1.5282869e+01
 -2.1686748e-01 -4.7459998e+00  1.2306997e-03  0.0000000e+00]","[-0.8005232  -0.41784677  0.51684797  1.3938191   0.16525958  1.5152317
 -0.4092814   0.        ]","[-3.0816579e-04 -6.8481284e-05  6.8481284e-05 -3.4240642e-05
  6.8481284e-05 -6.8481284e-05 -6.8481284e-05  0.0000000e+00]",19.3,579,124,74979,0
580,"[-0.8006972  -0.41791213  0.5169547   1.393792    0.16536076  1.5152223
 -0.40935674  0.        ]","[-1.7952480e-05 -8.8263140e+00 -3.9053240e+00  1.5282869e+01
 -2.1686748e-01 -4.7740002e+00  1.2306997e-03  0.0000000e+00]","[-0.80058646 -0.41786978  0.51687485  1.3938113   0.16529219  1.5152279
 -0.40929866  0.        ]","[-8.56016064e-04 -3.42406420e-04  4.10887704e-04 -1.02721926e-04
  4.79368988e-04 -6.84812840e-05 -2.73925136e-04  0.00000000e+00]",19.333334,580,124,74980,0
581,"[-0.8007111  -0.41791815  0.5169633   1.3937877   0.1653676   1.5152205
 -0.4093653   0.        ]","[-1.7952480e-05 -8.8765640e+00 -3.9053240e+00  1.5282869e+01
 -2.1686748e-01 -4.7880001e+00  1.2306997e-03  0.0000000e+00]","[-0.80059993 -0.41787553  0.51688635  1.3938075   0.16530177  1.515226
 -0.40931016  0.        ]","[-3.76647076e-04 -1.71203210e-04  3.08165792e-04 -1.02721926e-04
  2.73925136e-04 -6.84812840e-05 -3.08165792e-04  0.00000000e+00]",19.366667,581,124,74981,0
582,"[-0.80071557 -0.4179194   0.5169664   1.3937867   0.16537012  1.5152189
 -0.40936697  0.        ]","[-1.7952480e-05 -8.7760639e+00 -3.9053240e+00  1.5282869e+01
 -2.1686748e-01 -4.7740002e+00  1.2306997e-03  0.0000000e+00]","[-0.80060756 -0.41787937  0.5168959   1.3938037   0.16530752  1.515224
 -0.40931976  0.        ]","[-2.05443852e-04 -1.02721926e-04  2.39684494e-04 -1.02721926e-04
  1.36962568e-04 -6.84812840e-05 -2.05443852e-04  0.00000000e+00]",19.4,582,124,74982,0
583,"[-0.8007191  -0.4179217   0.51696855  1.3937856   0.16537194  1.5152185
 -0.4093688   0.        ]","[ 4.7732497e-17 -1.3266000e+01 -3.9054234e+00  1.5282909e+01
 -2.1686693e-01 -4.7600002e+00  1.2307232e-03  0.0000000e+00]","[-0.80061334 -0.41788322  0.5169036   1.3937999   0.16531135  1.5152221
 -0.4093236   0.        ]","[-6.84812840e-05 -3.42406420e-05  1.02721926e-04 -6.84812840e-05
  6.84812840e-05 -3.42406420e-05 -6.84812840e-05  0.00000000e+00]",19.433332,583,124,74983,0
584,"[-0.80075026 -0.41793084  0.5169851   1.393783    0.16538572  1.515218
 -0.40937957  0.        ]","[-1.4108953e-05 -8.7425890e+00 -3.9062040e+00  1.5282734e+01
 -2.1684040e-01 -4.7600002e+00  1.2307642e-03  0.0000000e+00]","[-0.80061716 -0.41788512  0.5169055   1.393798    0.16531327  1.5152221
 -0.4093255   0.        ]","[-1.02721926e-04 -6.84812840e-05  6.84812840e-05 -6.84812840e-05
  3.42406420e-05 -3.42406420e-05 -3.42406420e-05  0.00000000e+00]",19.466667,584,124,74984,0
585,"[-0.8007964  -0.41794455  0.5170134   1.3937784   0.16541041  1.5152155
 -0.409397    0.        ]","[-1.4108953e-05 -8.7425890e+00 -3.9062040e+00  1.5282734e+01
 -2.1684040e-01 -4.7319999e+00  1.2307642e-03  0.0000000e+00]","[-0.80061907 -0.41788512  0.5169055   1.393798    0.16531327  1.5152202
 -0.4093255   0.        ]","[-1.3696257e-04 -3.4240642e-05  3.4240642e-05 -3.4240642e-05
  3.4240642e-05 -3.4240642e-05 -3.4240642e-05  0.0000000e+00]",19.5,585,124,74985,0
586,"[-0.8008131  -0.41795063  0.5170233   1.393775    0.16541964  1.5152149
 -0.40940773  0.        ]","[-1.4108953e-05 -9.0105886e+00 -3.9062040e+00  1.5282734e+01
 -2.1684040e-01 -4.7319999e+00  1.2307642e-03  0.0000000e+00]","[-0.80069965 -0.41790813  0.5169439   1.3937902   0.16535354  1.5152164
 -0.40935045  0.        ]","[-8.21775408e-04 -2.39684494e-04  5.13609615e-04 -1.02721926e-04
  4.79368988e-04 -6.84812840e-05 -3.08165792e-04  0.00000000e+00]",19.533333,586,124,74986,0
587,"[-0.8008212  -0.41795516  0.5170283   1.3937718   0.1654236   1.5152133
 -0.40941387  0.        ]","[-1.4108953e-05 -9.0105886e+00 -3.9062040e+00  1.5282734e+01
 -2.1684040e-01 -4.7600002e+00  1.2307642e-03  0.0000000e+00]","[-0.80071306 -0.41791388  0.5169573   1.3937864   0.16536313  1.5152164
 -0.40936387  0.        ]","[-4.10887704e-04 -1.36962568e-04  3.76647076e-04 -1.02721926e-04
  2.73925136e-04 -3.42406420e-05 -3.42406420e-04  0.00000000e+00]",19.566668,587,124,74987,0
588,"[-0.8008265  -0.41795805  0.51703095  1.3937696   0.16542692  1.5152113
 -0.4094172   0.        ]","[-1.4108953e-05 -8.9603386e+00 -3.9062040e+00  1.5282734e+01
 -2.1684040e-01 -4.7600002e+00  1.2307642e-03  0.0000000e+00]","[-0.8007169  -0.41791773  0.516963    1.3937845   0.16536504  1.5152144
 -0.4093677   0.        ]","[-2.73925136e-04 -1.36962568e-04  3.08165792e-04 -1.02721926e-04
  1.71203210e-04 -3.42406420e-05 -2.73925136e-04  0.00000000e+00]",19.6,588,124,74988,0
589,"[-0.80086815 -0.41797075  0.5170545   1.3937664   0.16544682  1.5152113
 -0.4094297   0.        ]","[-1.4108953e-05 -8.9268389e+00 -3.9062040e+00  1.5282734e+01
 -2.1684040e-01 -4.7600002e+00  1.2307642e-03  0.0000000e+00]","[-0.8007207  -0.41792157  0.5169669   1.3937826   0.16536888  1.5152125
 -0.40937346  0.        ]","[-1.36962568e-04 -1.02721926e-04  1.71203210e-04 -6.84812840e-05
  1.02721926e-04 -6.84812840e-05 -1.71203210e-04  0.00000000e+00]",19.633333,589,124,74989,0
590,"[-0.800901   -0.4179811   0.51707405  1.3937631   0.1654625   1.5152112
 -0.40944368  0.        ]","[-6.7024353e-06 -8.9606533e+00 -3.9070752e+00  1.5282636e+01
 -2.1681674e-01 -4.7600002e+00 -5.6345034e-01  0.0000000e+00]","[-0.8007706  -0.4179369   0.5169841   1.3937769   0.16538997  1.5152106
 -0.40938497  0.        ]","[-8.5601606e-04 -2.3968449e-04  2.7392514e-04 -6.8481284e-05
  3.4240642e-04 -3.4240642e-05 -1.7120321e-04  0.0000000e+00]",19.666666,590,124,74990,0
591,"[-0.80091745 -0.4179861   0.517085    1.3937608   0.16547066  1.5152099
 -0.40945137  0.        ]","[-6.7024353e-06 -8.9271536e+00 -3.9070752e+00  1.5282636e+01
 -2.1681674e-01 -4.7600002e+00  1.2308531e-03  0.0000000e+00]","[-0.8007917  -0.41794458  0.5169956   1.393775    0.16539957  1.5152106
 -0.40939072  0.        ]","[-1.0272192e-03 -3.4240642e-04  4.4512836e-04 -6.8481284e-05
  5.1360962e-04 -3.4240642e-05 -2.7392514e-04  0.0000000e+00]",19.7,591,124,74991,0
592,"[-0.80092716 -0.41798913  0.51709116  1.3937588   0.16547452  1.5152085
 -0.40945664  0.        ]","[-6.7024353e-06 -8.9104033e+00 -3.9070752e+00  1.5282636e+01
 -2.1681674e-01 -4.7600002e+00  1.2308531e-03  0.0000000e+00]","[-0.8008108  -0.41795224  0.517011    1.393771    0.16541107  1.5152087
 -0.40940413  0.        ]","[-5.4785027e-04 -2.0544385e-04  4.1088770e-04 -6.8481284e-05
  3.0816579e-04 -3.4240642e-05 -3.0816579e-04  0.0000000e+00]",19.733334,592,124,74992,0
593,"[-0.8009314  -0.41799158  0.51709384  1.3937573   0.16547696  1.5152085
 -0.4094582   0.        ]","[-6.7024353e-06 -8.9941530e+00 -3.9070752e+00  1.5282636e+01
 -2.1681674e-01 -4.7459998e+00  1.2308531e-03  0.0000000e+00]","[-0.8008243  -0.41795608  0.5170263   1.3937672   0.16541873  1.5152068
 -0.40941373  0.        ]","[-2.39684494e-04 -6.84812840e-05  2.39684494e-04 -6.84812840e-05
  1.02721926e-04 -3.42406420e-05 -1.71203210e-04  0.00000000e+00]",19.766666,593,124,74993,0
594,"[-0.8009792  -0.4180037   0.5171215   1.3937557   0.16549784  1.5152078
 -0.40947294  0.        ]","[-6.7024353e-06 -8.8769035e+00 -3.9070752e+00  1.5282636e+01
 -2.1681674e-01 -4.7600002e+00  1.2308531e-03  0.0000000e+00]","[-0.8008243  -0.417958    0.5170282   1.3937672   0.16542065  1.5152068
 -0.40941563  0.        ]","[-1.36962568e-04 -6.84812840e-05  1.71203210e-04 -6.84812840e-05
  1.02721926e-04 -3.42406420e-05 -1.36962568e-04  0.00000000e+00]",19.8,594,124,74994,0
595,"[-0.80100036 -0.41800994  0.5171338   1.3937539   0.16550818  1.515208
 -0.4094816   0.        ]","[ 9.6502272e-06 -8.8935041e+00 -3.9078450e+00  1.5282484e+01
 -2.1679753e-01 -4.7040000e+00  1.2308746e-03  0.0000000e+00]","[-0.8008511  -0.41796184  0.517034    1.3937653   0.16542448  1.5152049
 -0.40942138  0.        ]","[-4.79368988e-04 -6.84812840e-05  6.84812840e-05 -3.42406420e-05
  6.84812840e-05 -3.42406420e-05 -1.02721926e-04  0.00000000e+00]",19.833334,595,124,74995,0
596,"[-0.80102265 -0.41801643  0.5171477   1.3937508   0.16552094  1.515206
 -0.4094947   0.        ]","[ 9.6502272e-06 -8.9772539e+00 -3.9078450e+00  1.5282484e+01
 -2.1679753e-01 -4.7600002e+00 -5.4943275e-01  0.0000000e+00]","[-0.8009048  -0.41797715  0.5170608   1.3937615   0.16545133  1.5152049
 -0.40943673  0.        ]","[-1.0272192e-03 -3.0816579e-04  5.1360962e-04 -6.8481284e-05
  5.1360962e-04 -5.1387465e-15 -3.4240642e-04  0.0000000e+00]",19.866667,596,124,74996,0
597,"[-0.8010305  -0.41802108  0.5171525   1.3937474   0.16552508  1.5152048
 -0.40950072  0.        ]","[ 9.6502272e-06 -9.0610037e+00 -3.9078450e+00  1.5282484e+01
 -2.1679753e-01 -4.7319999e+00 -5.4943275e-01  0.0000000e+00]","[-0.8009144 -0.4179791  0.5170704  1.3937596  0.165459   1.515203
 -0.4094444  0.       ]","[-6.1633158e-04 -1.3696257e-04  4.1088770e-04 -6.8481284e-05
  3.4240642e-04 -3.4240642e-05 -3.0816579e-04  0.0000000e+00]",19.9,597,124,74997,0
598,"[-0.801035   -0.41802242  0.51715577  1.3937466   0.165527    1.5152041
 -0.40950257  0.        ]","[ 9.6502272e-06 -9.0610037e+00 -3.9078450e+00  1.5282484e+01
 -2.1679753e-01 -4.7319999e+00  1.2308746e-03  0.0000000e+00]","[-0.8009259  -0.41798484  0.51708573  1.3937558   0.16546859  1.515201
 -0.40945783  0.        ]","[-1.71203210e-04 -1.02721926e-04  2.39684494e-04 -6.84812840e-05
  1.36962568e-04 -3.42406420e-05 -2.05443852e-04  0.00000000e+00]",19.933332,598,124,74998,0
599,"[-0.80107224 -0.4180335   0.5171758   1.3937442   0.16554317  1.515204
 -0.40951476  0.        ]","[-1.9617442e-05 -9.0277119e+00 -3.9086299e+00  1.5282324e+01
 -2.1677756e-01 -4.7040000e+00  1.2309278e-03  0.0000000e+00]","[-0.80093163 -0.4179906   0.5170915   1.393752    0.16547242  1.515201
 -0.40946165  0.        ]","[-1.02721926e-04 -6.84812840e-05  1.02721926e-04 -6.84812840e-05
  6.84812840e-05 -5.13874645e-15 -6.84812840e-05  0.00000000e+00]",19.966667,599,124,74999,0
