,action,observation.effort,observation.force_torque,observation.state,observation.qvel,timestamp,frame_index,episode_index,index,task_index,next.done
0,"[ 0.05407721  0.7753147  -0.01885837  2.5004294   0.5590841   2.0729187
 -1.9291364   0.        ]","[ 4.6279751e-05 -4.8734661e+01  1.3287346e-01  1.4728542e+01
  1.0503244e+00 -8.5513753e-01 -6.2710714e-01  0.0000000e+00]",[0. 0. 0. 0. 0. 0.],"[ 0.05400571  0.7756382  -0.01876442  2.500985    0.5591034   2.073175
 -1.9289694   0.        ]","[ 0.00030817 -0.00205444 -0.00044513 -0.00373223 -0.00013696 -0.00188324
 -0.00089026  0.        ]",0.0,0,24,14400,0,False
1,"[ 0.0541058   0.7751417  -0.01890405  2.5001168   0.55907357  2.0727828
 -1.9292325   0.        ]","[ 2.33239168e-03 -4.91090813e+01  1.32453486e-01  1.47339115e+01
  1.05029559e+00 -8.54812562e-01 -5.83068311e-01  0.00000000e+00]",[0. 0. 0. 0. 0. 0.],"[ 0.05403256  0.7755117  -0.01879702  2.500749    0.55909574  2.073083
 -1.9290498   0.        ]","[ 0.00047937 -0.00225988 -0.00058209 -0.0042116  -0.00013696 -0.00164355
 -0.00143811  0.        ]",0.033333335,1,24,14401,0,False
2,"[ 0.05411715  0.7750473  -0.01892234  2.4999516   0.55906653  2.0727165
 -1.9292779   0.        ]","[-5.5930531e-03 -4.9077793e+01  1.3156915e-01  1.4728399e+01
  1.0502137e+00 -8.5566670e-01 -5.5846018e-01  0.0000000e+00]",[0. 0. 0. 0. 0. 0.],"[ 0.05403831  0.7754561  -0.0188066   2.5006628   0.55909383  2.0730505
 -1.9290786   0.        ]","[ 0.00044513 -0.00256805 -0.00058209 -0.00434856 -0.00013696 -0.00160931
 -0.00147235  0.        ]",0.06666667,2,24,14402,0,False
3,"[ 0.05506232  0.7752442  -0.01971661  2.5010996   0.55642426  2.0718362
 -1.9323807   0.        ]","[-5.5930531e-03 -4.8960545e+01  1.3156915e-01  1.4728399e+01
  1.0502137e+00 -8.5566670e-01 -5.0246018e-01  0.0000000e+00]",[0. 0. 0. 0. 0. 0.],"[ 0.05404598  0.7753621  -0.01882003  2.5005114   0.55908996  2.072989
 -1.9291112   0.        ]","[ 0.00020544 -0.00249957 -0.00034241 -0.00393767 -0.00010272 -0.00157507
 -0.00099298  0.        ]",0.1,3,24,14403,0,False
4,"[ 0.05554463  0.775546   -0.02020874  2.5021706   0.5554018   2.068967
 -1.9343082   0.        ]","[ 2.5559359e-03 -4.8864899e+01  1.3187844e-01  1.4734919e+01
  1.0501176e+00 -8.5451758e-01 -5.6983101e-01  0.0000000e+00]",[0. 0. 0. 0. 0. 0.],"[ 0.05405556  0.77531606 -0.01883537  2.5004308   0.55908614  2.0729392
 -1.9291323   0.        ]","[ 0.00030817 -0.00229412 -0.00047937 -0.00386919 -0.00010272 -0.00188324
 -0.00085602  0.        ]",0.13333334,4,24,14404,0,False
5,"[ 0.05556674  0.7758311  -0.01977039  2.5021799   0.55622774  2.0673862
 -1.9350162   0.        ]","[-2.3961749e-03 -4.8870342e+01  1.2955318e-01  1.4733048e+01
  1.0489570e+00 -8.5608959e-01 -6.6924530e-01  0.0000000e+00]",[0. 0. 0. 0. 0. 0.],"[ 0.0540709   0.7752413  -0.01886029  2.500289    0.55907464  2.0728586
 -1.9291687   0.        ]","[ 0.00044513 -0.00198596 -0.00065057 -0.00373223 -0.00023968 -0.00215716
 -0.00095874  0.        ]",0.16666667,5,24,14405,0,False
6,"[ 0.05490574  0.77592725 -0.01781669  2.5011213   0.55915844  2.0679917
 -1.9360693   0.        ]","[  0.5236919 -56.987106    0.2665108  14.951285    1.0536628  -0.8870052
  -0.5411053   0.       ]",[0. 0. 0. 0. 0. 0.],"[ 0.05418979  0.7752106  -0.01895425  2.5002718   0.5586758   2.072709
 -1.9296807   0.        ]","[ 0.00232836 -0.00160931 -0.0020202  -0.00232836 -0.00729326 -0.00383495
 -0.0096901   0.        ]",0.2,6,24,14406,0,False
7,"[ 0.05276199  0.7773755  -0.01060417  2.4983146   0.57177895  2.0667486
 -1.9369311   0.        ]","[ 9.8458147e+00 -5.4273399e+01  1.6568679e-01  1.8859766e+01
 -4.2133946e+00 -1.5751903e+00  3.8716603e-02  0.0000000e+00]",[0. 0. 0. 0. 0. 0.],"[ 0.05481105  0.77519333 -0.01949306  2.5006015   0.55708814  2.0713496
 -1.93193     0.        ]","[ 0.01047764 -0.00023968 -0.00903953  0.00588939 -0.02643378 -0.0235918
 -0.03773319  0.        ]",0.23333333,7,24,14407,0,False
8,"[ 0.05020404  0.7789475  -0.00400843  2.4956849   0.58379793  2.0654974
 -1.9374071   0.        ]","[  0.0584629  -51.44265      0.16568679  19.031666    -4.184745
  -0.72119033  -0.2552834    0.        ]",[0. 0. 0. 0. 0. 0.],"[ 0.05500088  0.77519333 -0.01958702  2.500914    0.55681396  2.0703084
 -1.9327295   0.        ]","[ 9.7928233e-03 -6.3441317e-16 -7.1220538e-03  1.0820043e-02
 -1.9893814e-02 -3.7904393e-02 -3.7630465e-02  0.0000000e+00]",0.26666668,8,24,14408,0,False
9,"[ 4.8431881e-02  7.7992475e-01 -7.1166694e-05  2.4942844e+00
  5.9171474e-01  2.0640621e+00 -1.9378184e+00  0.0000000e+00]","[ -0.6738232  -36.83878     -0.18970574  22.491163     2.8749974
   0.2123863   -0.3905816    0.        ]",[0. 0. 0. 0. 0. 0.],"[ 0.05516962  0.7752202  -0.01914216  2.5012765   0.5576672   2.0688243
 -1.9340028   0.        ]","[ 0.00575243  0.00047937  0.00664268  0.01105973  0.01143637 -0.04191055
 -0.03441185  0.        ]",0.3,9,24,14409,0,False
10,"[ 0.04745262  0.7812322   0.00347034  2.4939568   0.59841645  2.060146
 -1.9389594   0.        ]","[ -0.6738232 -36.83878     0.7619523  15.575498    3.8061225  -0.2076137
  -0.2925816   0.       ]",[0. 0. 0. 0. 0. 0.],"[ 0.05489734  0.77538896 -0.01770022  2.5010445   0.560204    2.0683622
 -1.9346489   0.        ]","[-0.00246533  0.00349255  0.03393248  0.00119842  0.06125651 -0.03095354
 -0.03153563  0.        ]",0.33333334,10,24,14410,0,False
11,"[ 0.04778694  0.7813332   0.00426894  2.492533    0.6004144   2.0610044
 -1.9360926   0.        ]","[  1.8852279  -39.90878     -0.4071526   16.349367     3.565138
  -0.7752236    0.43617186   0.        ]",[0. 0. 0. 0. 0. 0.],"[ 0.05377753  0.7762288  -0.01354122  2.4996734   0.56746167  2.067438
 -1.9357821   0.        ]","[-0.02424238  0.01770241  0.09621621 -0.02821429  0.16801883 -0.02321516
 -0.02978936  0.        ]",0.36666667,11,24,14411,0,False
12,"[ 0.0471197   0.7812932   0.00542015  2.49136     0.6030209   2.06153
 -1.9345752   0.        ]","[  1.167353   -39.70873     -1.0149676   16.356915     1.998491
  -1.0996885    0.76851577   0.        ]",[0. 0. 0. 0. 0. 0.],"[ 0.05286865  0.77687496 -0.01084333  2.4986227   0.57217485  2.0669127
 -1.9362692   0.        ]","[-0.03485698  0.025612    0.11638395 -0.0417051   0.20332094 -0.02431086
 -0.02660498  0.        ]",0.4,12,24,14412,0,False
13,"[ 0.0455399   0.7815487   0.00777399  2.489853    0.6082512   2.0606139
 -1.9334062   0.        ]","[-11.423112  -35.118702   10.109355   18.16542    10.0040865  -3.739753
  -3.12784     0.       ]",[0. 0. 0. 0. 0. 0.],"[ 0.05045071  0.7788289  -0.00448306  2.496157    0.5837334   2.0647151
 -1.9372759   0.        ]","[-0.04317745  0.03489121  0.11357621 -0.04403347  0.2064026  -0.03923978
 -0.01797634  0.        ]",0.43333334,13,24,14413,0,False
14,"[ 0.04555678  0.7818385   0.00821783  2.4901712   0.6087852   2.059924
 -1.9342735   0.        ]","[-11.423112  -35.118702   10.109355   18.16542    10.0040865  -3.739753
  -3.12784     0.       ]",[0. 0. 0. 0. 0. 0.],"[ 0.05045071  0.7788289  -0.00448306  2.496157    0.5837334   2.0647151
 -1.9372759   0.        ]","[-0.04317745  0.03489121  0.11357621 -0.04403347  0.2064026  -0.03923978
 -0.01797634  0.        ]",0.46666667,14,24,14414,0,False
15,"[ 0.04270003  0.78400993  0.01586573  2.4886453   0.62506723  2.0516908
 -1.9321728   0.        ]","[ 2.0230737e+00 -3.3710621e+01  9.7477999e+00  9.3310404e+00
  9.5625029e+00 -2.9965770e+00  2.9382549e-02  0.0000000e+00]",[0. 0. 0. 0. 0. 0.],"[ 4.8767168e-02  7.8006375e-01  3.1446607e-04  2.4939997e+00
  5.9306383e-01  2.0629165e+00 -1.9364935e+00  0.0000000e+00]","[-0.03006328  0.02205097  0.08567009 -0.03852072  0.16661496 -0.03211772
  0.01397018  0.        ]",0.5,15,24,14415,0,False
16,"[ 0.04206804  0.78434575  0.01777586  2.4877276   0.62965     2.0500803
 -1.9297237   0.        ]","[  2.4124649  -41.47198     -1.4826486   17.78114      0.78678507
  -0.25838906   0.13979511   0.        ]",[0. 0. 0. 0. 0. 0.],"[ 4.8147824e-02  7.8034371e-01  1.8561168e-03  2.4931943e+00
  5.9619504e-01  2.0624468e+00 -1.9359623e+00  0.0000000e+00]","[-0.02752948  0.01581918  0.07378858 -0.03821256  0.14744021 -0.02362604
  0.0223249   0.        ]",0.53333336,16,24,14416,0,False
17,"[ 0.04215704  0.7842684   0.01774984  2.4875758   0.6303224   2.0489373
 -1.9284129   0.        ]","[ 3.3656044e+00 -4.0939243e+01 -2.7980018e+00  1.7569653e+01
 -3.1649016e-02  1.1470886e-02 -2.8487977e-01  0.0000000e+00]",[0. 0. 0. 0. 0. 0.],"[ 0.04702802  0.78090745  0.00456743  2.4918866   0.6017001   2.0613825
 -1.9351896   0.        ]","[-0.0268789   0.01338809  0.06536539 -0.03304222  0.13288793 -0.02482447
  0.0201335   0.        ]",0.56666666,17,24,14417,0,False
18,"[ 0.04193077  0.78437555  0.01818152  2.4874196   0.6320031   2.046708
 -1.9276348   0.        ]","[-11.180978   -31.113783    12.564889     8.891757    13.773002
  -5.3084564   -0.28066754   0.        ]",[0. 0. 0. 0. 0. 0.],"[ 0.04642401  0.78131205  0.00619345  2.4913132   0.6050634   2.0601323
 -1.9347045   0.        ]","[-0.02848822  0.01646975  0.07193959 -0.03133019  0.14699508 -0.03978763
  0.02112648  0.        ]",0.6,18,24,14418,0,False
19,"[ 0.04078032  0.78498876  0.02054114  2.4866862   0.63778526  2.0427766
 -1.9257666   0.        ]","[  1.0122478  -41.010326    -0.5276614   18.093018     2.906195
  -0.8631965   -0.54254633   0.        ]",[0. 0. 0. 0. 0. 0.],"[ 0.04423809  0.78288627  0.0122124   2.489411    0.6178894   2.0545774
 -1.9319069   0.        ]","[-0.03564451  0.02629681  0.0984076  -0.0318438   0.21044299 -0.09357968
  0.04790266  0.        ]",0.6333333,19,24,14419,0,False
20,"[ 0.03926505  0.7863581   0.0246822   2.4852931   0.64632505  2.0400302
 -1.9241017   0.        ]","[  0.8335813  -41.23966     -1.6913075   18.116306     0.39664775
  -0.41332978  -0.17790745   0.        ]",[0. 0. 0. 0. 0. 0.],"[ 0.04366668  0.78329086  0.01382692  2.4888973   0.621429    2.052869
 -1.9309481   0.        ]","[-0.03180956  0.02352332  0.08875175 -0.02924151  0.19407596 -0.0907377
  0.0502995   0.        ]",0.6666667,20,24,14420,0,False
21,"[ 0.03713176  0.7884756   0.02985274  2.4853318   0.6561454   2.0337536
 -1.9269464   0.        ]","[  0.10653547 -40.643993     0.40291712  17.740866     3.6078591
  -4.2569785    3.141462     0.        ]",[0. 0. 0. 0. 0. 0.],"[ 0.04281532  0.7838277   0.01597258  2.4881783   0.6266369   2.049868
 -1.9293259   0.        ]","[-0.02239338  0.01520285  0.05865422 -0.01996229  0.13747618 -0.07755505
  0.04228719  0.        ]",0.7,21,24,14421,0,False
22,"[ 0.03732996  0.7883141   0.02862533  2.48508     0.65563196  2.0319698
 -1.9239987   0.        ]","[  0.2511699 -40.245792    1.3699759   9.277574    5.052113   -3.9244757
   2.8608842   0.       ]",[0. 0. 0. 0. 0. 0.],"[ 0.04223241  0.7841959   0.01732056  2.4877276   0.62990427  2.0480964
 -1.9283884   0.        ]","[-0.02362604  0.01506588  0.05680523 -0.01961989  0.13860612 -0.08008886
  0.04293777  0.        ]",0.73333335,22,24,14422,0,False
23,"[ 0.03841245  0.78698236  0.02460562  2.484032    0.65108365  2.0331426
 -1.9169203   0.        ]","[-11.570614   -31.425306    11.71295      9.775085    11.865152
  -3.994813    -0.22678672   0.        ]",[0. 0. 0. 0. 0. 0.],"[ 0.04047216  0.78546333  0.02158695  2.4866557   0.63926923  2.043431
 -1.9271573   0.        ]","[-0.03787015  0.02715283  0.09104587 -0.02448206  0.20277308 -0.10385187
  0.03273406  0.        ]",0.76666665,23,24,14423,0,False
24,"[ 0.03883875  0.7867743   0.02317943  2.4842677   0.64926904  2.0321076
 -1.9159567   0.        ]","[-10.821797   -32.69024     11.475966    18.0767      10.0758705
  -0.45925432  -0.24785449   0.        ]",[0. 0. 0. 0. 0. 0.],"[ 0.03967258  0.7861767   0.02348716  2.4863048   0.64331514  2.0410821
 -1.9269253   0.        ]","[-0.04016427  0.03235741  0.09724343 -0.02187977  0.20979242 -0.11285716
  0.0201335   0.        ]",0.8,24,24,14424,0,False
25,"[ 0.03854483  0.7881155   0.02319365  2.4853036   0.65183014  2.0232973
 -1.9152436   0.        ]","[ -9.443177   -43.98812      8.068238    10.499987    -0.11598366
   0.99086666   1.076602     0.        ]",[0. 0. 0. 0. 0. 0.],"[ 0.03873877  0.78709894  0.02542573  2.485718    0.6481932   2.0374122
 -1.9253166   0.        ]","[-0.02807733  0.02674194  0.06159892 -0.01544253  0.14487216 -0.09919515
  0.03225468  0.        ]",0.8333333,25,24,14425,0,False
26,"[ 0.04108259  0.7890438   0.02028039  2.4864945   0.6486401   2.0155354
 -1.9116763   0.        ]","[  1.9185452  -44.457516    -5.2687397   18.715252     0.33972168
   0.1518545   -0.05691677   0.        ]",[0. 0. 0. 0. 0. 0.],"[ 0.03869275  0.78714496  0.02529726  2.4854305   0.6486534   2.036327
 -1.9235506   0.        ]","[-0.01520285  0.01510012  0.02705011 -0.01455227  0.08354717 -0.07745233
  0.0587227   0.        ]",0.8666667,26,24,14426,0,False
27,"[ 0.04241882  0.7892582   0.01861935  2.4873137   0.64608353  2.0127733
 -1.9116031   0.        ]","[  3.3426232 -35.89818    -7.1973405  14.611947    1.6722164  -0.6609542
   3.2726655   0.       ]",[0. 0. 0. 0. 0. 0.],"[ 0.03868891  0.78717184  0.02391476  2.4850662   0.6489621   2.0318093
 -1.9190139   0.        ]","[-6.8481284e-05  4.7936899e-04 -2.4687503e-02 -6.5057222e-03
  5.5127433e-03 -8.0670953e-02  8.1013359e-02  0.0000000e+00]",0.9,27,24,14427,0,False
28,"[ 0.04298747  0.7892659   0.01796761  2.4870794   0.6456206   2.0116122
 -1.9106288   0.        ]","[  3.3426232 -35.89818    -6.2805405  14.611947    1.4481702  -1.2349542
   2.8666654   0.       ]",[0. 0. 0. 0. 0. 0.],"[ 0.03868508  0.7873521   0.02350442  2.4850662   0.6497866   2.0288105
 -1.9175622   0.        ]","[-6.8481284e-05  3.6637487e-03 -2.1503124e-02 -1.3696257e-04
  1.5716456e-02 -1.0217408e-01  5.9749920e-02  0.0000000e+00]",0.93333334,28,24,14428,0,False
29,"[ 0.04330687  0.7892782   0.01756498  2.4869313   0.64512026  2.011346
 -1.9101368   0.        ]","[ -1.0373044 -32.776505   -6.059616   22.89135     5.46571    -3.97779
   3.746336    0.       ]",[0. 0. 0. 0. 0. 0.],"[ 0.03884998  0.7878909   0.02273935  2.485183    0.650335    2.0241816
 -1.9156007   0.        ]","[ 0.00287621  0.01194998 -0.01677791  0.00208868  0.01992805 -0.11206962
  0.04968317  0.        ]",0.96666664,29,24,14429,0,False
30,"[ 0.04423528  0.7892186   0.01597766  2.4873364   0.6427803   2.0099046
 -1.9092013   0.        ]","[  1.2887089 -33.92019     4.0572357  18.860441    1.2545018  -3.4581642
   3.9572296   0.       ]",[0. 0. 0. 0. 0. 0.],"[ 0.03918746  0.7881574   0.0222408   2.485329    0.6500838   2.0223446
 -1.9148241   0.        ]","[ 0.00897105  0.01438107 -0.02256458  0.00469097  0.0053073  -0.11545945
  0.04889564  0.        ]",1.0,30,24,14430,0,False
31,"[ 0.04607851  0.7890441   0.01251746  2.4885318   0.6378972   2.006432
 -1.9073495   0.        ]","[ -2.421643  -43.126163    3.2883065  20.154593    3.8431642  -0.3202358
  -0.5999542   0.       ]",[0. 0. 0. 0. 0. 0.],"[ 0.0409803   0.78873456  0.02012583  2.4860077   0.6478614   2.0171003
 -1.9125941   0.        ]","[ 0.032015    0.01030643 -0.03776743  0.01212119 -0.03968491 -0.09364816
  0.03982187  0.        ]",1.0333333,31,24,14431,0,False
32,"[ 0.04771141  0.78914785  0.01081282  2.4889183   0.6359594   2.0027242
 -1.9055578   0.        ]","[ -3.951088  -37.2273      3.076953   19.364738    3.2952497  -0.8846641
  -0.3087898   0.       ]",[0. 0. 0. 0. 0. 0.],"[ 0.04198889  0.78880167  0.01891974  2.4864142   0.646362    2.015016
 -1.9116162   0.        ]","[ 0.03769895  0.00568395 -0.04379378  0.01468924 -0.05204578 -0.08840934
  0.04030124  0.        ]",1.0666667,32,24,14432,0,False
33,"[ 0.04862126  0.78878105  0.00934615  2.4892287   0.6336268   2.002573
 -1.9043274   0.        ]","[ -4.1012993  -34.654327     3.5737712   19.159283     3.1274154
   0.19285877   0.08590275   0.        ]",[0. 0. 0. 0. 0. 0.],"[ 0.04342891  0.7888669   0.01683544  2.4871466   0.64372927  2.0117314
 -1.9100841   0.        ]","[ 0.04026699  0.00208868 -0.05492199  0.01934596 -0.06902914 -0.09036106
  0.04225295  0.        ]",1.1,33,24,14433,0,False
34,"[ 0.05107034  0.7870763   0.00527155  2.4898362   0.62660474  2.0045497
 -1.9009768   0.        ]","[  8.98212   -34.8656     -7.145668   27.571846   -3.684488   -3.5916946
   3.6069884   0.       ]",[0. 0. 0. 0. 0. 0.],"[ 0.04407127  0.7889187   0.01574248  2.4874744   0.6422797   2.0103548
 -1.9093996   0.        ]","[ 0.03718534  0.00208868 -0.05673674  0.01893508 -0.07289833 -0.083239
  0.03958218  0.        ]",1.1333333,34,24,14434,0,False
35,"[ 0.05191566  0.7867698   0.00475672  2.489894    0.6252481   2.0050488
 -1.9006627   0.        ]","[ -1.7450022 -37.31751     4.230205   19.82749     3.8735971  -0.8916145
  -0.591119    0.       ]",[0. 0. 0. 0. 0. 0.],"[ 0.04528119  0.7890049   0.01383842  2.4879866   0.63971984  2.0078983
 -1.9078676   0.        ]","[ 0.0299948   0.00232836 -0.04831355  0.0137305  -0.06485178 -0.06331095
  0.0371511   0.        ]",1.1666666,35,24,14435,0,False
36,"[ 0.05209959  0.7851126   0.00520883  2.4889817   0.6247388   2.0111976
 -1.8992501   0.        ]","[ -1.2090021  -37.31751      4.602655    19.82749      3.816297
  -0.0516145   -0.85711896   0.        ]",[0. 0. 0. 0. 0. 0.],"[ 0.04628979  0.7890068   0.01236964  2.4883604   0.63775826  2.0061707
 -1.9067036   0.        ]","[ 0.03533634  0.00119842 -0.05276483  0.01400442 -0.07060421 -0.06676925
  0.04375954  0.        ]",1.2,36,24,14436,0,False
37,"[ 0.05274328  0.78370684  0.00377201  2.4900424   0.62233806  2.0121984
 -1.8978411   0.        ]","[ -1.2657943  -44.28157      5.4149137   18.70282      3.6527102
  -3.488246    -0.33059305   0.        ]",[0. 0. 0. 0. 0. 0.],"[ 0.04763777  0.788957    0.01036971  2.4888916   0.6348092   2.0048516
 -1.90507     0.        ]","[ 0.03872617 -0.00085602 -0.05697643  0.01520285 -0.0810476  -0.04975165
  0.04677272  0.        ]",1.2333333,37,24,14437,0,False
38,"[ 0.05213943  0.7833245   0.00409276  2.4904995   0.6235697   2.0110476
 -1.8973486   0.        ]","[ 11.340001  -57.569134   -7.0924525  18.774393   -4.5508003   2.6820245
   3.0890732   0.       ]",[0. 0. 0. 0. 0. 0.],"[ 0.04932132  0.7882897   0.00815886  2.4891734   0.6309033   2.0057068
 -1.9030278   0.        ]","[ 0.03810984 -0.012806   -0.05166913  0.00818351 -0.08916263  0.01164182
  0.04749177  0.        ]",1.2666667,38,24,14438,0,False
39,"[ 5.3118724e-02  7.8028858e-01  1.3617465e-03  2.4918411e+00
  6.1933118e-01  2.0141134e+00 -1.8927678e+00  0.0000000e+00]","[ 10.189079  -60.453117   -7.3517575  28.60927    -3.2866685   1.878545
   2.7866335   0.       ]",[0. 0. 0. 0. 0. 0.],"[ 0.05050056  0.7870223   0.0067476   2.4893305   0.6280884   2.0077355
 -1.9011679   0.        ]","[ 0.03112474 -0.02869366 -0.03653476  0.00321862 -0.0726244   0.0490326
  0.0468412   0.        ]",1.3,39,24,14439,0,False
40,"[ 5.3424463e-02  7.7950978e-01  7.2887854e-04  2.4923239e+00
  6.1780632e-01  2.0156343e+00 -1.8926548e+00  0.0000000e+00]","[  9.813392   -60.11741     -7.5761733   20.475851    -3.4214919
   1.5090512   -0.27486938   0.        ]",[0. 0. 0. 0. 0. 0.],"[ 0.05083037  0.78639144  0.0062759   2.4895127   0.6272467   2.0084105
 -1.9004277   0.        ]","[ 0.02694739 -0.03389823 -0.03362431  0.00606059 -0.0652969   0.04827931
  0.04643031  0.        ]",1.3333334,40,24,14440,0,False
41,"[ 5.4119155e-02  7.7739090e-01 -1.8364897e-03  2.4943111e+00
  6.1478108e-01  2.0144382e+00 -1.8892902e+00  0.0000000e+00]","[ -1.636021   -49.407864     3.3453124   19.51868      3.773558
  -1.9932442    0.15082905   0.        ]",[0. 0. 0. 0. 0. 0.],"[ 0.0512503   0.7853886   0.00548206  2.4898636   0.62595236  2.0093672
 -1.8992331   0.        ]","[ 0.02098951 -0.03985611 -0.03269981  0.01164182 -0.05731884  0.04290352
  0.04834779  0.        ]",1.3666667,41,24,14441,0,False
42,"[ 5.4180291e-02  7.7648193e-01 -1.9318768e-03  2.4945884e+00
  6.1429387e-01  2.0168378e+00 -1.8881769e+00  0.0000000e+00]","[ -1.4697162 -49.024715    3.9894974  19.48654     3.62131     2.1815193
  -0.8344691   0.       ]",[0. 0. 0. 0. 0. 0.],"[ 0.05211316  0.7830358   0.00357609  2.4907956   0.62272906  2.0117333
 -1.8964432   0.        ]","[ 0.01914052 -0.05221698 -0.04177358  0.01992805 -0.06998787  0.05184033
  0.06207829  0.        ]",1.4,42,24,14442,0,False
43,"[ 0.05447403  0.77456176 -0.00277751  2.4954507   0.6128472   2.0194774
 -1.885477    0.        ]","[ -2.3754723  -45.620083     4.621081    18.382875     3.9455626
  -1.1643672   -0.48798335   0.        ]",[0. 0. 0. 0. 0. 0.],"[ 5.3010542e-02  7.8035522e-01  1.2329371e-03  2.4923449e+00
  6.1913383e-01  2.0132809e+00 -1.8933944e+00  0.0000000e+00]","[ 0.01602462 -0.04786842 -0.04184207  0.02766644 -0.06420121  0.0276322
  0.05444262  0.        ]",1.4333333,43,24,14443,0,False
44,"[ 0.05484427  0.7743151  -0.00319184  2.4959807   0.6123079   2.0192707
 -1.884684    0.        ]","[ -2.157535   -46.427353     4.021878    18.393242     3.4467425
  -1.2681367   -0.69728136   0.        ]",[0. 0. 0. 0. 0. 0.],"[ 5.3225297e-02  7.7956712e-01  6.4810686e-04  2.4927917e+00
  6.1820960e-01  2.0140133e+00 -1.8923302e+00  0.0000000e+00]","[ 0.01277176 -0.04191055 -0.03461729  0.02502991 -0.05221698  0.02718707
  0.05036798  0.        ]",1.4666667,44,24,14444,0,False
45,"[ 0.05221688  0.7743936   0.00298649  2.4983795   0.62340826  2.0125475
 -1.8886298   0.        ]","[ -2.157535   -46.427353     4.021878    18.393242     3.4467425
  -1.2681367   -0.69728136   0.        ]",[0. 0. 0. 0. 0. 0.],"[ 5.3225297e-02  7.7956712e-01  6.4810686e-04  2.4927917e+00
  6.1820960e-01  2.0140133e+00 -1.8923302e+00  0.0000000e+00]","[ 0.01277176 -0.04191055 -0.03461729  0.02502991 -0.05221698  0.02718707
  0.05036798  0.        ]",1.5,45,24,14445,0,False
46,"[ 0.05234179  0.7744375   0.004404    2.500229    0.62559956  2.0102658
 -1.8895538   0.        ]","[ -2.586311   -49.5961       3.808972    20.224176     4.3736773
  -1.3708029    0.27652642   0.        ]",[0. 0. 0. 0. 0. 0.],"[ 5.3879157e-02  7.7734095e-01 -9.8366523e-04  2.4940763e+00
  6.1564785e-01  2.0164657e+00 -1.8890110e+00  0.0000000e+00]","[ 0.01167606 -0.03975338 -0.02913879  0.02294123 -0.0457455   0.04379378
  0.05927055  0.        ]",1.5333333,46,24,14446,0,False
47,"[ 0.05401623  0.7729579   0.00267695  2.5016336   0.6229303   2.01126
 -1.8859612   0.        ]","[  2.4965982 -57.548088   -9.225729   19.57245    -4.671866    2.4297934
   3.8566487   0.       ]",[0. 0. 0. 0. 0. 0.],"[ 5.4074742e-02  7.7635151e-01 -1.5224760e-03  2.4947762e+00
  6.1494797e-01  2.0171022e+00 -1.8876880e+00  0.0000000e+00]","[ 0.00972434 -0.03968491 -0.02502991  0.02615985 -0.03612388  0.0331107
  0.05553832  0.        ]",1.5666667,47,24,14447,0,False
48,"[ 5.4232165e-02  7.7289081e-01  2.4077054e-03  2.5022397e+00
  6.2273502e-01  2.0110636e+00 -1.8856200e+00  0.0000000e+00]","[ -1.3434587 -55.95329    10.477503   28.222738   10.287255   -3.963676
  -2.7454405   0.       ]",[0. 0. 0. 0. 0. 0.],"[ 5.3953938e-02  7.7550209e-01 -5.2922335e-04  2.4962909e+00
  6.1712432e-01  2.0158060e+00 -1.8875844e+00  0.0000000e+00]","[-3.4240642e-05 -2.7187070e-02  1.1881503e-02  3.5678748e-02
  3.1467151e-02 -1.5682215e-02  1.7873615e-02  0.0000000e+00]",1.6,48,24,14448,0,False
49,"[ 0.05481842  0.772258    0.00347415  2.5050855   0.6250381   2.0054355
 -1.88633     0.        ]","[ 3.1539834e+00 -4.8131161e+01 -1.1041788e+00  1.9513943e+01
  1.3893068e+00 -6.6891474e-01  4.7403686e-03  0.0000000e+00]",[0. 0. 0. 0. 0. 0.],"[ 5.3800542e-02  7.7526623e-01  4.0075247e-04  2.4971328e+00
  6.1875802e-01  2.0147572e+00 -1.8879008e+00  0.0000000e+00]","[-0.0051361  -0.0170176   0.03489121  0.04013003  0.06817312 -0.0424584
 -0.00619756  0.        ]",1.6333333,49,24,14449,0,False
50,"[ 0.05412993  0.7728603   0.00524387  2.5065444   0.628834    2.0020108
 -1.8856492   0.        ]","[ 2.7663023e+00 -4.8037376e+01 -1.9778051e+00  1.8749235e+01
  7.0698476e-01  2.7872300e-01  3.8050415e-03  0.0000000e+00]",[0. 0. 0. 0. 0. 0.],"[ 5.3530175e-02  7.7435923e-01  2.3450730e-03  2.4995604e+00
  6.2204647e-01  2.0123661e+00 -1.8880984e+00  0.0000000e+00]","[-0.00431432 -0.01523709  0.03163835  0.04036972  0.05338116 -0.03917129
 -0.00246533  0.        ]",1.6666666,50,24,14450,0,False
51,"[ 5.6850601e-02  7.7072489e-01  7.3920219e-04  2.5090413e+00
  6.2415409e-01  1.9970767e+00 -1.8765566e+00  0.0000000e+00]","[ 6.4908147e+00 -4.9178638e+01 -2.4941754e+00  1.8761921e+01
  1.0710337e+00  3.1633660e-02  2.8096790e+00  0.0000000e+00]",[0. 0. 0. 0. 0. 0.],"[ 5.3597290e-02  7.7398729e-01  2.4735441e-03  2.5004060e+00
  6.2237817e-01  2.0117602e+00 -1.8875211e+00  0.0000000e+00]","[ 0.00030817 -0.01564797  0.01338809  0.03482273  0.02523535 -0.02639954
  0.01444955  0.        ]",1.7,51,24,14451,0,False
52,"[ 5.7547860e-02  7.7072847e-01 -2.3590773e-04  2.5102019e+00
  6.2262863e-01  1.9959661e+00 -1.8763040e+00  0.0000000e+00]","[  8.9344225 -61.8581     -2.1887457  29.917997    1.9111313  -1.6352731
  -0.4921444   0.       ]",[0. 0. 0. 0. 0. 0.],"[ 0.05395394  0.77339286  0.00285896  2.502448    0.62353826  2.0090086
 -1.886923    0.        ]","[ 0.00756718 -0.01486044  0.00838896  0.04588246  0.02472174 -0.05742156
  0.01736001  0.        ]",1.7333333,52,24,14452,0,False
53,"[ 5.8824155e-02  7.7073652e-01 -2.3795329e-03  2.5126557e+00
  6.2004679e-01  1.9910448e+00 -1.8754143e+00  0.0000000e+00]","[  3.5949366 -51.200848   -1.3014822  19.666832    1.754182   -0.6016833
  -0.6781493   0.       ]",[0. 0. 0. 0. 0. 0.],"[ 0.05402872  0.7731608   0.00311973  2.5032094   0.6242017   2.0078678
 -1.8867389   0.        ]","[ 0.00770414 -0.01475772  0.0115391   0.05005982  0.03256285 -0.06950851
  0.01397018  0.        ]",1.7666667,53,24,14453,0,False
54,"[ 5.8954064e-02  7.7172995e-01 -1.1852804e-03  2.5140266e+00
  6.2249541e-01  1.9871798e+00 -1.8748821e+00  0.0000000e+00]","[  3.797672   -46.246975     7.7147603   17.622122     6.975603
  -0.13521932   0.26989788   0.        ]",[0. 0. 0. 0. 0. 0.],"[ 0.05415911  0.7726719   0.00365854  2.504751    0.6256034   2.0053387
 -1.8858031   0.        ]","[ 0.00434856 -0.01403866  0.01510012  0.04475252  0.03927402 -0.07067268
  0.02081831  0.        ]",1.8,54,24,14454,0,False
55,"[ 5.9667051e-02  7.7214193e-01 -1.4606075e-03  2.5146604e+00
  6.2283432e-01  1.9853872e+00 -1.8718247e+00  0.0000000e+00]","[ -0.28671023 -51.172962    -1.0765306   21.873283     4.1126823
  -1.6566366    0.90604454   0.        ]",[0. 0. 0. 0. 0. 0.],"[ 0.05494336  0.7722769   0.00298359  2.5061104   0.6252525   2.0027978
 -1.8833603   0.        ]","[ 0.0160931  -0.01393594 -0.0053073   0.04458132  0.0118815  -0.07895892
  0.05868846  0.        ]",1.8333334,55,24,14455,0,False
56,"[ 0.06172504  0.7727804  -0.00366332  2.5174892   0.61940515  1.9801848
 -1.8726577   0.        ]","[ -1.716933  -53.2307      4.4250503  20.729435    4.224315    0.4432344
  -1.1986349   0.       ]",[0. 0. 0. 0. 0. 0.],"[ 5.6101512e-02  7.7173424e-01  1.6451944e-03  2.5079916e+00
  6.2419403e-01  1.9994596e+00 -1.8798993e+00  0.0000000e+00]","[ 0.0329395  -0.01571646 -0.03489121  0.05481927 -0.02520111 -0.09936634
  0.10053053  0.        ]",1.8666667,56,24,14456,0,False
57,"[ 0.06517193  0.7715265  -0.01137523  2.5204785   0.60708785  1.97771
 -1.8706701   0.        ]","[-2.8984656e+00 -5.3138325e+01 -7.9659557e+00  1.7108099e+01
 -3.5338113e+00  2.6510179e-02 -1.6222800e-01  0.0000000e+00]",[0. 0. 0. 0. 0. 0.],"[ 5.7545371e-02  7.7092314e-01 -2.3009712e-04  2.5104766e+00
  6.2229955e-01  1.9952315e+00 -1.8774890e+00  0.0000000e+00]","[ 0.03345311 -0.01879811 -0.04228719  0.05776396 -0.04122574 -0.09775703
  0.06533115  0.        ]",1.9,57,24,14457,0,False
58,"[ 0.06501769  0.7718541  -0.01049677  2.5207617   0.6089189   1.9760764
 -1.870079    0.        ]","[ -2.3627238  -37.30183      3.6003473   19.227663    -1.6142218
  -1.796278    -0.64201516   0.        ]",[0. 0. 0. 0. 0. 0.],"[ 5.8231827e-02  7.7085030e-01 -8.3410204e-04  2.5119414e+00
  6.2211168e-01  1.9918606e+00 -1.8758265e+00  0.0000000e+00]","[ 0.02259882 -0.00725902 -0.02448206  0.0449922  -0.01725728 -0.09296335
  0.04533461  0.        ]",1.9333333,58,24,14458,0,False
59,"[ 0.06502828  0.7721562  -0.01013024  2.5210106   0.61003006  1.9744191
 -1.8688282   0.        ]","[ -1.7165893  -35.8322       4.3041368   20.791553     0.97139806
  -1.0198423    2.8026586    0.        ]",[0. 0. 0. 0. 0. 0.],"[ 5.8646005e-02  7.7092892e-01 -1.0622817e-03  2.5127277e+00
  6.2218070e-01  1.9897686e+00 -1.8745878e+00  0.0000000e+00]","[ 0.01965413  0.00010272 -0.01486044  0.04019852 -0.00212292 -0.09755159
  0.05180609  0.        ]",1.9666667,59,24,14459,0,False
60,"[ 0.07412279  0.7687303  -0.02774479  2.5265589   0.58051383  1.9756347
 -1.8625191   0.        ]","[ 12.301366  -34.43018    -8.275747   29.45477    -4.298967   -4.1581855
   3.3919122   0.       ]",[0. 0. 0. 0. 0. 0.],"[ 0.06127103  0.77137756 -0.00471316  2.516319    0.6173678   1.9834372
 -1.8725706   0.        ]","[ 0.04088333  0.00599211 -0.06094834  0.05334692 -0.08515648 -0.08827238
  0.02643378  0.        ]",2.0,60,24,14460,0,False
61,"[ 0.07650609  0.76821744 -0.03177366  2.528082    0.57307833  1.976023
 -1.8621858   0.        ]","[ 12.224525   -39.79081      2.6887853   30.234007     3.8140492
  -4.136436    -0.44229662   0.        ]",[0. 0. 0. 0. 0. 0.],"[ 0.06228921  0.7715751  -0.00627973  2.5175233   0.6150918   1.9810288
 -1.8716061   0.        ]","[ 0.04074636  0.00585515 -0.06440665  0.04851899 -0.09416176 -0.08481407
  0.0307481   0.        ]",2.0333333,61,24,14461,0,False
62,"[ 0.07749765  0.768823   -0.03151254  2.530389    0.5746362   1.9702559
 -1.8597058   0.        ]","[ -1.4458934  -48.204815     0.80898696  19.846207     1.3845001
  -0.56058437  -0.1382418    0.        ]",[0. 0. 0. 0. 0. 0.],"[ 0.06780003  0.7711245  -0.0157233   2.522338    0.59995717  1.9765688
 -1.8668796   0.        ]","[ 0.08159545 -0.0087656  -0.14302316  0.06803615 -0.23475385 -0.04851899
  0.06666653  0.        ]",2.0666666,62,24,14462,0,False
63,"[ 0.07987814  0.7684123  -0.03404434  2.5314872   0.5695606   1.9716036
 -1.8585653   0.        ]","[ -1.5370054  -57.678085     2.7821007   20.427254     3.974474
  -0.51315683   2.5461671    0.        ]",[0. 0. 0. 0. 0. 0.],"[ 0.06919212  0.770833   -0.01839435  2.5232527   0.5956102   1.9762831
 -1.86594     0.        ]","[ 0.09224429 -0.01397018 -0.16846396  0.06854977 -0.27909547 -0.03300798
  0.06848129  0.        ]",2.1,63,24,14463,0,False
64,"[ 0.08252856  0.7683601  -0.03624859  2.5333374   0.5651448   1.9713365
 -1.8573403   0.        ]","[ 11.550703  -55.833267   -8.708119   27.633411   -5.271376   -3.9620779
   3.8901277   0.       ]",[0. 0. 0. 0. 0. 0.],"[ 0.07397239  0.7696825  -0.02607     2.527168    0.5830469   1.973637
 -1.8625442   0.        ]","[ 0.06656381 -0.01660671 -0.10124958  0.05570953 -0.16726553 -0.04009579
  0.04879292  0.        ]",2.1333334,64,24,14464,0,False
65,"[ 0.08513083  0.76799625 -0.03923272  2.5355332   0.55882466  1.9727739
 -1.857419    0.        ]","[ -1.2646183  -48.641407     2.1650925   19.900196     2.4110925
  -1.6291649   -0.23280314   0.        ]",[0. 0. 0. 0. 0. 0.],"[ 0.07816399  0.76890403 -0.0314792   2.5302668   0.57371455  1.9722813
 -1.8597177   0.        ]","[ 0.05694219 -0.00866288 -0.07087813  0.04040396 -0.12398537 -0.01636703
  0.03711686  0.        ]",2.1666667,65,24,14465,0,False
66,"[ 0.08583553  0.7680809  -0.03997988  2.5360997   0.5573915   1.9727337
 -1.8573338   0.        ]","[ 10.290952  -50.474464   -8.091541   28.86275    -4.7879553  -1.0557287
   3.4714413   0.       ]",[0. 0. 0. 0. 0. 0.],"[ 0.08017926  0.7688158  -0.03357501  2.5315497   0.569918    1.9719726
 -1.8587015   0.        ]","[ 0.05187457 -0.00253381 -0.0552644   0.03372703 -0.09984571 -0.00945042
  0.02797461  0.        ]",2.2,66,24,14466,0,False
67,"[ 0.08659429  0.7682786  -0.04065977  2.5367508   0.55608976  1.97275
 -1.8568332   0.        ]","[ -2.8109004  -49.721264     3.2400267   19.567942     2.7221382
  -1.2436695    0.22058544   0.        ]",[0. 0. 0. 0. 0. 0.],"[ 0.08082353  0.76870656 -0.03425762  2.5320616   0.56860256  1.9719726
 -1.8584216   0.        ]","[ 0.04194479 -0.00335558 -0.04362258  0.02941271 -0.08039703 -0.00465673
  0.02095527  0.        ]",2.2333333,67,24,14467,0,False
68,"[ 0.08746489  0.76847255 -0.04139004  2.5376403   0.55424774  1.9730418
 -1.8568374   0.        ]","[ -0.7532879  -50.203102     3.0890126   19.735191     2.6397324
  -1.0947142    0.52496475   0.        ]",[0. 0. 0. 0. 0. 0.],"[ 0.08322038  0.7683825  -0.03710316  2.5340729   0.5629364   1.972266
 -1.8578483   0.        ]","[ 0.03989035 -0.00534154 -0.04742329  0.0340352  -0.09457266  0.00523882
  0.00948466  0.        ]",2.2666667,68,24,14468,0,False
69,"[ 0.0893965   0.7680863  -0.04462571  2.5396876   0.54799557  1.9738336
 -1.8574973   0.        ]","[-1.4982140e+00 -5.7307728e+01  3.9489124e+00  1.8847670e+01
  3.5905628e+00 -1.1254538e+00  3.3975602e-03  0.0000000e+00]",[0. 0. 0. 0. 0. 0.],"[ 0.0854504   0.76821184 -0.03955369  2.5358524   0.5582367   1.9725363
 -1.8572903   0.        ]","[ 0.03526786 -0.00270501 -0.03855496  0.02913879 -0.07382283  0.00434856
  0.00927921  0.        ]",2.3,69,24,14469,0,False
70,"[ 0.08977441  0.768506   -0.04458664  2.54038     0.54779273  1.9738648
 -1.8575898   0.        ]","[-1.3233838e+00 -4.8293919e+01  3.2076447e+00  1.9898781e+01
  2.7189996e+00 -1.1424307e+00  2.8725846e-03  0.0000000e+00]",[0. 0. 0. 0. 0. 0.],"[ 0.08593552  0.76821184 -0.04001389  2.5362415   0.5572626   1.9726322
 -1.8571675   0.        ]","[ 0.02417389 -0.00099298 -0.02502991  0.02061287 -0.04879292  0.00349255
  0.00725902  0.        ]",2.3333333,70,24,14470,0,False
71,"[ 0.08976152  0.7687838  -0.04417872  2.5409918   0.5479921   1.973947
 -1.8584253   0.        ]","[-1.9767724e+00 -4.8120083e+01  2.6141286e+00  2.0489807e+01
  2.0964289e+00 -1.1053594e+00  3.5025552e-03  0.0000000e+00]",[0. 0. 0. 0. 0. 0.],"[ 0.08673703  0.76821184 -0.04084607  2.536953    0.5554487   1.97287
 -1.8571004   0.        ]","[ 2.1640087e-02 -6.3441317e-16 -2.1297680e-02  1.8524189e-02
 -4.6293348e-02  5.7866685e-03  2.9789358e-03  0.0000000e+00]",2.3666666,71,24,14471,0,False
72,"[ 0.09016258  0.7690284  -0.04447511  2.541456    0.5470034   1.9742745
 -1.8589032   0.        ]","[ 1.07566395e+01 -5.67783051e+01 -8.56520081e+00  2.85501957e+01
 -4.38477278e+00 -1.12633693e+00  2.95516662e-03  0.00000000e+00]",[0. 0. 0. 0. 0. 0.],"[ 0.08732761  0.76821184 -0.04166292  2.5375724   0.5537594   1.9730655
 -1.8571004   0.        ]","[ 2.4858706e-02 -6.3441317e-16 -2.9446952e-02  2.3763007e-02
 -6.2557653e-02  7.7383853e-03  1.1984225e-03  0.0000000e+00]",2.4,72,24,14472,0,False
73,"[ 0.09048107  0.76921344 -0.04483644  2.5418282   0.54614824  1.9744916
 -1.8590008   0.        ]","[ 1.3792608e-03 -5.3227409e+01  3.2184877e+00  1.9705368e+01
  3.7388921e+00 -1.1230757e+00  3.6413919e-03  0.0000000e+00]",[0. 0. 0. 0. 0. 0.],"[ 0.0885452   0.76821184 -0.0432736   2.539139    0.55045366  1.9734682
 -1.857342    0.        ]","[ 2.0065017e-02 -6.3441317e-16 -2.5577759e-02  2.6091369e-02
 -5.2696347e-02  6.6426848e-03 -4.3143211e-03  0.0000000e+00]",2.4333334,73,24,14473,0,False
74,"[ 0.09118173  0.7698032  -0.04589374  2.542756    0.5438247   1.9754156
 -1.8593643   0.        ]","[-1.5250193e-01 -5.0480911e+01  2.8448348e+00  1.9503439e+01
  3.3856099e+00 -1.1077700e+00  2.8077762e-03  0.0000000e+00]",[0. 0. 0. 0. 0. 0.],"[ 0.08888844  0.76821184 -0.04356314  2.539647    0.54968095  1.9736121
 -1.8576316   0.        ]","[ 1.8592669e-02 -6.3441317e-16 -1.9859573e-02  2.5646241e-02
 -4.4547077e-02  6.7111659e-03 -9.3134549e-03  0.0000000e+00]",2.4666667,74,24,14474,0,False
75,"[ 0.09159076  0.7701583  -0.04627479  2.5433583   0.54274976  1.9757292
 -1.8597667   0.        ]","[  9.907499  -34.210957   -7.9287853  26.982508   -3.9145954  -1.2063019
  -2.7390487   0.       ]",[0. 0. 0. 0. 0. 0.],"[ 0.08987977  0.7683499  -0.04430712  2.5409894   0.5475602   1.9741489
 -1.858387    0.        ]","[ 0.01653823  0.00246533 -0.01215543  0.02218794 -0.0343776   0.00907377
 -0.01239511  0.        ]",2.5,75,24,14475,0,False
76,"[ 0.09212565  0.7708578  -0.04676385  2.5440693   0.5414668   1.9758025
 -1.8603144   0.        ]","[-3.4278598e+00 -3.2249264e+01  2.5449142e+00  1.9057203e+01
  3.2057629e+00 -1.0649562e+00  2.5677162e-03  0.0000000e+00]",[0. 0. 0. 0. 0. 0.],"[ 0.0905854   0.7688273  -0.04502617  2.5418081   0.5457808   1.9746993
 -1.8588395   0.        ]","[ 0.01506588  0.00945042 -0.01489468  0.01756545 -0.03711686  0.01160758
 -0.00975858  0.        ]",2.5333333,76,24,14476,0,False
77,"[ 0.09264591  0.77163655 -0.04727747  2.5445988   0.54008335  1.9762862
 -1.8609327   0.        ]","[-3.2938597e+00 -4.1881062e+01  2.6165392e+00  1.9300730e+01
  3.2057629e+00 -8.5495621e-01  2.5677162e-03  0.0000000e+00]",[0. 0. 0. 0. 0. 0.],"[ 0.09072154  0.76898074 -0.04519874  2.5420249   0.5453666   1.9748468
 -1.8589661   0.        ]","[ 0.01393594  0.01082004 -0.01465499  0.01722304 -0.03584995  0.01174454
 -0.0096901   0.        ]",2.5666666,77,24,14477,0,False
78,"[ 0.09389589  0.7729758  -0.04969348  2.5456645   0.5352705   1.9762895
 -1.8625976   0.        ]","[-1.7627211e+00 -4.1297451e+01  3.3921814e+00  2.0093437e+01
  3.2277024e+00 -1.1092166e+00 -2.7839173e-02  0.0000000e+00]",[0. 0. 0. 0. 0. 0.],"[ 0.09154031  0.77011204 -0.04626678  2.5432923   0.54279524  1.9755161
 -1.8598251   0.        ]","[ 0.01010099  0.01492892 -0.0126348   0.01561373 -0.03064537  0.0073275
 -0.01116245  0.        ]",2.6,78,24,14478,0,False
79,"[ 0.09467637  0.77383935 -0.05077235  2.5467553   0.53257823  1.9777533
 -1.8629951   0.        ]","[ -1.7486323  -40.748505     2.6393287   20.07315      3.1232731
  -1.0845339   -0.35341072   0.        ]",[0. 0. 0. 0. 0. 0.],"[ 0.09211938  0.77090204 -0.04691872  2.5439959   0.5410389   1.9758899
 -1.8604714   0.        ]","[ 0.01229239  0.01732576 -0.01386746  0.01544253 -0.0369799   0.00821775
 -0.01386746  0.        ]",2.6333334,79,24,14479,0,False
80,"[ 0.09489981  0.77411354 -0.05104197  2.5471013   0.5320159   1.977639
 -1.8631214   0.        ]","[ -2.0428092 -40.526752    2.1082916  19.770874    2.8434253  -1.1094885
  -0.3474959   0.       ]",[0. 0. 0. 0. 0. 0.],"[ 0.09243193  0.77125484 -0.0473118   2.5443103   0.54013574  1.9760127
 -1.8608222   0.        ]","[ 0.0151686   0.0193802  -0.01766817  0.01725728 -0.04471828  0.00835472
 -0.0170176   0.        ]",2.6666667,80,24,14480,0,False
81,"[ 0.09706777  0.7746891  -0.05445718  2.548044    0.52533793  1.978837
 -1.8640292   0.        ]","[ -3.0333884  -42.675426     2.558177    19.533173     3.2249405
  -1.451351     0.23569185   0.        ]",[0. 0. 0. 0. 0. 0.],"[ 0.0932296   0.77220976 -0.04855625  2.5450985   0.53745896  1.9765342
 -1.8617042   0.        ]","[ 0.01818178  0.02194825 -0.02759796  0.01838722 -0.06005809  0.01105973
 -0.02064711  0.        ]",2.7,81,24,14481,0,False
82,"[ 0.09827185  0.7760855  -0.05587807  2.5483842   0.5216045   1.9814829
 -1.8652654   0.        ]","[ -1.0955081  -34.713013     2.5457902   28.323269     1.9259076
  -2.0848541    0.54550004   0.        ]",[0. 0. 0. 0. 0. 0.],"[ 0.09458334  0.77341396 -0.05078819  2.5463428   0.5327477   1.9775332
 -1.8627589   0.        ]","[ 0.02174281  0.01862691 -0.0363978   0.01955141 -0.07656208  0.01599038
 -0.01646975  0.        ]",2.7333333,82,24,14482,0,False
83,"[ 0.10045751  0.7778917  -0.05776077  2.548709    0.51622736  1.9847132
 -1.8674413   0.        ]","[ 11.004952  -33.488026   -7.7264986  28.220812   -3.937242    1.5792798
  -2.807792    0.       ]",[0. 0. 0. 0. 0. 0.],"[ 0.09682487  0.77456635 -0.05420705  2.5474358   0.52547085  1.9801583
 -1.8640704   0.        ]","[ 0.03225468  0.0170176  -0.04803962  0.01468924 -0.10272193  0.03708262
 -0.01852419  0.        ]",2.7666667,83,24,14483,0,False
84,"[ 0.10066244  0.7788322  -0.05717018  2.548355    0.5165724   1.9859728
 -1.8678318   0.        ]","[ -2.4319942 -42.499245    3.4039087  19.86598     3.9330986  -1.4563329
   0.4670531   0.       ]",[0. 0. 0. 0. 0. 0.],"[ 0.09707606  0.7747792  -0.0544659   2.5475566   0.52485347  1.9803481
 -1.8642545   0.        ]","[ 0.02776916  0.01801058 -0.03745926  0.01277176 -0.08286235  0.03009753
 -0.01766817  0.        ]",2.8,84,24,14484,0,False
85,"[ 0.10178932  0.7802251  -0.05723314  2.5471675   0.5142747   1.9922775
 -1.8686328   0.        ]","[ -2.0819614  -41.0499      -8.480095    27.714064     2.8112688
  -1.3192141   -0.11330799   0.        ]",[0. 0. 0. 0. 0. 0.],"[ 0.09834159  0.775968   -0.05563748  2.5480494   0.52163976  1.9819473
 -1.8654453   0.        ]","[ 0.02437934  0.02253034 -0.02225642  0.00948466 -0.06077714  0.02972088
 -0.02229066  0.        ]",2.8333333,85,24,14485,0,False
86,"[ 0.10239197  0.7806231  -0.05793524  2.54753     0.5122613   1.9943601
 -1.8693025   0.        ]","[ 10.537299  -31.792986   -8.171737   22.14949    -4.2248397   1.4331234
  -3.636324    0.       ]",[0. 0. 0. 0. 0. 0.],"[ 0.09885547  0.7765471  -0.05605166  2.548153    0.52038956  1.9828312
 -1.8659611   0.        ]","[ 0.02595441  0.02540656 -0.02235914  0.00773839 -0.06409848  0.03793863
 -0.02509839  0.        ]",2.8666666,86,24,14486,0,False
87,"[ 0.10301986  0.782138   -0.05850875  2.5478904   0.51029277  1.9955764
 -1.8707253   0.        ]","[-1.3099266e+00 -4.1791573e+01  2.3047287e+00  2.6609066e+01
  3.0715661e+00 -1.8781955e+00 -3.7587672e-02  0.0000000e+00]",[0. 0. 0. 0. 0. 0.],"[ 0.09969533  0.7778088  -0.05651952  2.5481741   0.5185891   1.9845436
 -1.8668087   0.        ]","[ 0.01999654  0.02910455 -0.01215543  0.00133539 -0.0438965   0.04040396
 -0.02068135  0.        ]",2.9,87,24,14487,0,False
88,"[ 0.10327925  0.78279346 -0.05870332  2.5481439   0.5097083   1.9954374
 -1.8711476   0.        ]","[ -1.3090458  -41.890682     0.8850746   24.875864     3.1489534
  -1.6546346    0.24410656   0.        ]",[0. 0. 0. 0. 0. 0.],"[ 0.1001536   0.77847224 -0.05668442  2.5481741   0.5177415   1.9855675
 -1.8672247   0.        ]","[ 1.8900834e-02  2.9070305e-02 -8.4231980e-03  3.4240642e-05
 -3.7801668e-02  4.1225735e-02 -1.8626910e-02  0.0000000e+00]",2.9333334,88,24,14488,0,False
89,"[ 0.10408174  0.7839603  -0.0593129   2.548685    0.5079807   1.9959581
 -1.8717252   0.        ]","[ 10.501822   -42.643433    -1.0645431   17.603779    -3.6922276
   1.5542402    0.43542048   0.        ]",[0. 0. 0. 0. 0. 0.],"[ 0.10118329  0.77962464 -0.05714079  2.5480437   0.51528525  1.9896804
 -1.8681949   0.        ]","[ 0.01838722  0.02057863 -0.00814927 -0.00232836 -0.04386226  0.07344618
 -0.01732576  0.        ]",2.9666667,89,24,14489,0,False
90,"[ 0.1047153   0.784752   -0.05973095  2.5487156   0.5071645   1.99493
 -1.8719698   0.        ]","[ 10.501822   -42.643433    -1.0645431   17.603779    -3.6922276
   1.5542402    0.43542048   0.        ]",[0. 0. 0. 0. 0. 0.],"[ 0.10118329  0.77962464 -0.05714079  2.5480437   0.51528525  1.9896804
 -1.8681949   0.        ]","[ 0.01838722  0.02057863 -0.00814927 -0.00232836 -0.04386226  0.07344618
 -0.01732576  0.        ]",3.0,90,24,14490,0,False
91,"[ 0.10502499  0.785349   -0.05990031  2.5490882   0.5064857   1.9952407
 -1.872425    0.        ]","[ -2.7047803  -39.266056     1.7481955   16.317717     2.675982
   1.5258261   -0.14762823   0.        ]",[0. 0. 0. 0. 0. 0.],"[ 0.10212669  0.7806984  -0.05776588  2.5479517   0.51291907  1.9923803
 -1.8693359   0.        ]","[ 0.01520285  0.0181133  -0.01051188 -0.00136963 -0.03937674  0.04375954
 -0.01934596  0.        ]",3.0333333,91,24,14491,0,False
92,"[ 0.10524432  0.7857435  -0.05995565  2.549116    0.5059679   1.9959096
 -1.8729019   0.        ]","[  9.602651  -29.673212   -8.257978   19.48491    -4.7660866   1.7016034
  -3.4857814   0.       ]",[0. 0. 0. 0. 0. 0.],"[ 0.10242006  0.7811375  -0.05799406  2.5479574   0.5121847   1.9929843
 -1.8697213   0.        ]","[ 0.01595614  0.02167433 -0.01198423 -0.00013696 -0.04139694  0.03855496
 -0.02177705  0.        ]",3.0666666,92,24,14492,0,False
93,"[ 0.10623277  0.78735566 -0.06039949  2.5495827   0.5042469   1.9955105
 -1.8747774   0.        ]","[ -2.0413535  -40.728123     2.8093374   20.400698     3.5996084
  -1.3872097   -0.27682114   0.        ]",[0. 0. 0. 0. 0. 0.],"[ 0.10368176  0.78324294 -0.05897006  2.5481148   0.5092452   1.9943553
 -1.871123    0.        ]","[ 0.02129768  0.03571299 -0.01605886  0.00277349 -0.04838203  0.02235914
 -0.0235918   0.        ]",3.1,93,24,14493,0,False
94,"[ 0.10656948  0.7880809  -0.06053028  2.5501187   0.5034813   1.9956979
 -1.8755563   0.        ]","[ -2.0413535  -40.728123     2.8093374   20.400698     3.5996084
  -1.3872097   -0.27682114   0.        ]",[0. 0. 0. 0. 0. 0.],"[ 0.10368176  0.78324294 -0.05897006  2.5481148   0.5092452   1.9943553
 -1.871123    0.        ]","[ 0.02129768  0.03571299 -0.01605886  0.00277349 -0.04838203  0.02235914
 -0.0235918   0.        ]",3.1333334,94,24,14494,0,False
95,"[ 0.10679006  0.7892261  -0.06005254  2.5504153   0.5037175   1.9955438
 -1.8765136   0.        ]","[  9.652157  -32.464172   -7.8281713  22.54978    -4.8448033   1.9123144
  -3.1071196   0.       ]",[0. 0. 0. 0. 0. 0.],"[ 0.10477664  0.78509134 -0.05961049  2.5486822   0.506996    1.9950398
 -1.8727087   0.        ]","[ 0.01835298  0.03078234 -0.01027219  0.00979282 -0.03653476  0.01109397
 -0.0268789   0.        ]",3.1666667,95,24,14495,0,False
96,"[ 0.10784247  0.79084605 -0.0603895   2.5512137   0.5022599   1.9948329
 -1.8779417   0.        ]","[  9.534906  -31.526173   -8.071696   20.28655    -5.0310283  -1.4732698
  -2.7851195   0.       ]",[0. 0. 0. 0. 0. 0.],"[ 0.10524067  0.7858085  -0.05982717  2.549083    0.50609285  1.995199
 -1.8734871   0.        ]","[ 0.0204759   0.03263133 -0.01023795  0.01479196 -0.03968491  0.00873136
 -0.03314494  0.        ]",3.2,96,24,14496,0,False
97,"[ 0.10821418  0.7915463  -0.06044571  2.5514393   0.5018345   1.99488
 -1.8781613   0.        ]","[ -3.3985274  -41.505276    -0.35177895  20.617369     3.0958276
  -1.0819625    0.30237648   0.        ]",[0. 0. 0. 0. 0. 0.],"[ 0.10600191  0.78718907 -0.06012629  2.549666    0.5047276   1.9954214
 -1.8747201   0.        ]","[ 0.01831874  0.03280254 -0.00753294  0.01496316 -0.03359007  0.00575243
 -0.03085082  0.        ]",3.2333333,97,24,14497,0,False
98,"[ 0.10836539  0.7920677  -0.06035569  2.5516176   0.5017795   1.9948723
 -1.8784087   0.        ]","[-2.8716078e+00 -4.1884167e+01 -5.1136374e-01  2.1022659e+01
  2.9717219e+00 -1.2103454e+00 -3.8311251e-02  0.0000000e+00]",[0. 0. 0. 0. 0. 0.],"[ 0.10616106  0.78763777 -0.06014547  2.5497944   0.50447834  1.9954425
 -1.8750749   0.        ]","[ 0.0148262   0.03009753 -0.00465673  0.01133365 -0.02455054  0.00380071
 -0.02564624  0.        ]",3.2666667,98,24,14498,0,False
99,"[ 0.10848108  0.79361415 -0.05952242  2.5514555   0.50204694  1.9965872
 -1.8799233   0.        ]","[ 10.369505  -32.926506   -2.1114748  28.593285   -3.9778376  -1.309714
  -3.4490533   0.       ]",[0. 0. 0. 0. 0. 0.],"[ 0.1066922   0.7888707  -0.06024518  2.5503101   0.5036404   1.9954214
 -1.8761237   0.        ]","[ 0.01140213  0.02814581 -0.0020202   0.01099125 -0.01797634 -0.00013696
 -0.0235918   0.        ]",3.3,99,24,14499,0,False
100,"[ 0.10901988  0.79418004 -0.06027682  2.5518265   0.5006197   1.9961451
 -1.880198    0.        ]","[ -1.5090088  -41.367737     1.1984819   20.404001     3.523691
  -0.9140037   -0.14608262   0.        ]",[0. 0. 0. 0. 0. 0.],"[ 0.1069338   0.7893443  -0.06027777  2.5505192   0.50331634  1.9953754
 -1.8764919   0.        ]","[ 0.01318265  0.02876214 -0.00222564  0.01239511 -0.01944868 -0.00119842
 -0.02393421  0.        ]",3.3333333,100,24,14500,0,False
101,"[ 0.10953402  0.7954739  -0.060644    2.5525992   0.4998105   1.9949307
 -1.8813113   0.        ]","[ -1.8015301  -39.988026     0.13766065  18.63803      0.8922979
  -1.0484697    0.91440177   0.        ]",[0. 0. 0. 0. 0. 0.],"[ 0.10771421  0.791396   -0.06008027  2.5509698   0.50286764  1.9955537
 -1.8781486   0.        ]","[ 0.01157334  0.03263133  0.00373223  0.00636876 -0.0051361   0.00362951
 -0.02650226  0.        ]",3.3666666,101,24,14501,0,False
102,"[ 0.11036154  0.7965482  -0.0614467   2.5528276   0.49834383  1.9940732
 -1.8817805   0.        ]","[  9.302419  -32.449524   -2.0918608  20.441368    0.7382359  -1.4457407
  -2.4391544   0.       ]",[0. 0. 0. 0. 0. 0.],"[ 0.10790596  0.79191756 -0.05998632  2.5510368   0.5027143   1.9957205
 -1.878532    0.        ]","[ 0.01016947  0.03043993  0.00510186  0.00441704 -0.0042116   0.00667693
 -0.02386573  0.        ]",3.4,102,24,14502,0,False
103,"[ 0.1113153   0.7982989  -0.06198598  2.5538418   0.4969185   1.9911226
 -1.883622    0.        ]","[ -2.4900672 -41.993645   -1.7931918  20.215134    3.0033967  -1.2953045
  -2.6893733   0.       ]",[0. 0. 0. 0. 0. 0.],"[ 0.10842177  0.79311603 -0.06000357  2.5513859   0.501861    1.9957148
 -1.8793911   0.        ]","[ 0.01184726  0.02893334  0.00102722  0.00715629 -0.01763393  0.00229412
 -0.02074983  0.        ]",3.4333334,103,24,14503,0,False
104,"[ 0.1114017   0.79856735 -0.06178007  2.5537918   0.49669763  1.9921759
 -1.8839126   0.        ]","[  9.883298  -32.817673   -1.9368151  20.208601   -4.2494903  -1.5800655
  -2.936776    0.       ]",[0. 0. 0. 0. 0. 0.],"[ 0.10874774  0.7937545  -0.06014163  2.5516715   0.5011726   1.9954597
 -1.8798512   0.        ]","[ 0.01417563  0.03119322 -0.0029447   0.01116245 -0.02677618 -0.0051361
 -0.0224961   0.        ]",3.4666667,104,24,14504,0,False
105,"[ 0.1117281   0.7992793  -0.0619365   2.5542533   0.49580956  1.9920056
 -1.8847145   0.        ]","[ 10.697017  -31.002821   -8.471587   27.363377   -4.6578875  -4.0147405
  -3.544631    0.       ]",[0. 0. 0. 0. 0. 0.],"[ 0.10950514  0.79509103 -0.06063059  2.552381    0.49983996  1.9942709
 -1.8809711   0.        ]","[ 0.01934596  0.03526786 -0.01119669  0.01777089 -0.03608964 -0.0257832
 -0.02821429  0.        ]",3.5,105,24,14505,0,False
106,"[ 0.11252909  0.80100906 -0.06203036  2.5546377   0.4945428   1.9914525
 -1.8873783   0.        ]","[ -1.4250766  -39.504852     2.1887429   18.830034     3.0450711
  -0.85772026  -0.17398687   0.        ]",[0. 0. 0. 0. 0. 0.],"[ 0.10990014  0.79579854 -0.06089904  2.5527205   0.4991516   1.9937513
 -1.8815924   0.        ]","[ 0.02057863  0.03650052 -0.01352505  0.01872963 -0.03608964 -0.03050841
 -0.0310905   0.        ]",3.5333333,106,24,14506,0,False
107,"[ 0.11302196  0.8021925  -0.06225538  2.5549784   0.49314898  1.9922373
 -1.8894619   0.        ]","[ -1.899838   -43.35114      0.984125    20.514412     3.4389153
  -1.1481363    0.68790823   0.        ]",[0. 0. 0. 0. 0. 0.],"[ 0.11089531  0.79779464 -0.06147236  2.5533857   0.4974278   1.9927503
 -1.8832395   0.        ]","[ 0.01653823  0.03335039 -0.00917649  0.01092277 -0.02859094 -0.01640127
 -0.02742676  0.        ]",3.5666666,107,24,14507,0,False
108,"[ 0.11302329  0.8034038  -0.06160598  2.5547006   0.49348408  1.9926223
 -1.890941    0.        ]","[ -2.2094812 -44.285526    0.4544066  21.195417    3.331606   -1.2730669
   0.9769898   0.       ]",[0. 0. 0. 0. 0. 0.],"[ 0.11114841  0.7983181  -0.06158166  2.5535603   0.49696952  1.9925394
 -1.8837208   0.        ]","[ 0.01455227  0.02992632 -0.00708781  0.00938194 -0.0254408  -0.01318265
 -0.02523535  0.        ]",3.6,108,24,14508,0,False
109,"[ 0.11369388  0.80386615 -0.0627855   2.5547981   0.49094766  1.9935781
 -1.8918848   0.        ]","[ 10.209922  -33.410805   -0.8928569  27.398088   -4.342449   -1.133113
  -2.6559012   0.       ]",[0. 0. 0. 0. 0. 0.],"[ 0.11168339  0.7993919  -0.06176382  2.554057    0.49597242  1.9921175
 -1.8852202   0.        ]","[ 0.01194998  0.02475598 -0.00424584  0.01075156 -0.02222218 -0.00975858
 -0.03211772  0.        ]",3.6333334,109,24,14509,0,False
110,"[ 0.11349091  0.804519   -0.06226179  2.555104    0.49154714  1.9926199
 -1.8932563   0.        ]","[-1.0664567e+00 -4.0357613e+01 -1.7985778e-01  1.9132174e+01
  2.4117813e+00 -1.0114597e+00  3.0534782e-02  0.0000000e+00]",[0. 0. 0. 0. 0. 0.],"[ 0.11189431  0.79982716 -0.06184435  2.554266    0.49552947  1.9920332
 -1.8859181   0.        ]","[ 0.01147061  0.02372877 -0.00400616  0.01140213 -0.0223249  -0.00770414
 -0.03526786  0.        ]",3.6666667,110,24,14510,0,False
111,"[ 0.1133829   0.80516136 -0.06173827  2.5550396   0.49159944  1.9932976
 -1.895243    0.        ]","[  0.5150279  -40.439407    -0.4974866   19.074768     2.9794538
  -1.0757675    0.12394208   0.        ]",[0. 0. 0. 0. 0. 0.],"[ 0.11229506  0.8008492  -0.06198433  2.5545497   0.49458992  1.992037
 -1.8874809   0.        ]","[ 0.00996403  0.02461902 -0.00369799  0.00804655 -0.02287275 -0.0009245
 -0.0382468   0.        ]",3.7,111,24,14511,0,False
112,"[ 0.11356048  0.805293   -0.06215005  2.5551155   0.49083847  1.9935576
 -1.8953013   0.        ]","[ 11.935363   -40.72396     -0.842755    17.792524    -5.313432
  -1.4102998    0.47371805   0.        ]",[0. 0. 0. 0. 0. 0.],"[ 0.11250599  0.80142826 -0.06208212  2.554592    0.49401084  1.9921981
 -1.8883553   0.        ]","[ 0.00989555  0.0268789  -0.00390343  0.00510186 -0.02472174  0.00301318
 -0.04074636  0.        ]",3.7333333,112,24,14512,0,False
113,"[ 0.11394335  0.80642855 -0.06289638  2.5557587   0.48869678  1.9937626
 -1.898029    0.        ]","[  0.5866131  -43.014683    -0.11031819  20.184692     2.6539054
  -1.0660768    0.4541731    0.        ]",[0. 0. 0. 0. 0. 0.],"[ 0.11308506  0.8031578  -0.06221059  2.5547702   0.4926571   1.992547
 -1.8911049   0.        ]","[ 0.00927921  0.02883062 -0.00188324  0.00304742 -0.02133192  0.00554698
 -0.0459167   0.        ]",3.7666667,113,24,14513,0,False
114,"[ 0.11393243  0.8072152  -0.06274968  2.555231    0.48817673  1.9949125
 -1.8998551   0.        ]","[ -1.4293749  -34.361523    -0.74232686  18.425636    -4.604731
  -1.2726038   -3.3701622    0.        ]",[0. 0. 0. 0. 0. 0.],"[ 0.11319052  0.8035394  -0.06221059  2.5548182   0.49236947  1.9926928
 -1.8918029   0.        ]","[ 0.00821775  0.02646802 -0.00054785  0.00308166 -0.01879811  0.0062318
 -0.0437253   0.        ]",3.8,114,24,14514,0,False
115,"[ 0.11402501  0.8074733  -0.06282935  2.555371    0.48765093  1.9952258
 -1.9005924   0.        ]","[ -0.6043846  -41.547577    -0.40415952  18.857273     2.8715246
  -1.2089642    0.34882298   0.        ]",[0. 0. 0. 0. 0. 0.],"[ 0.11343788  0.8043946  -0.06227579  2.5550041   0.49137047  1.9930878
 -1.8935478   0.        ]","[ 0.00630028  0.02208521 -0.00116418  0.00417736 -0.02297547  0.00965586
 -0.04362258  0.        ]",3.8333333,115,24,14515,0,False
116,"[ 0.11414163  0.80772084 -0.06284376  2.5552826   0.48701173  1.9961308
 -1.9016235   0.        ]","[  0.7919968  -42.341156    -0.0494386   19.605247     3.2186668
  -0.97168136   0.61958796   0.        ]",[0. 0. 0. 0. 0. 0.],"[ 0.11356252  0.80489314 -0.06240042  2.555125    0.4907128   1.993272
 -1.8946235   0.        ]","[ 0.00571819  0.02116072 -0.00338982  0.00496489 -0.0267077   0.00903953
 -0.04468404  0.        ]",3.8666666,116,24,14516,0,False
117,"[ 0.11420358  0.8082632  -0.06284754  2.55535     0.48586062  1.9975528
 -1.9041975   0.        ]","[  0.75353485 -43.13173     -0.2070949   19.920341     3.469457
  -1.570477     0.30042887   0.        ]",[0. 0. 0. 0. 0. 0.],"[ 0.11369674  0.80579245 -0.06257875  2.5552418   0.48958147  1.9938414
 -1.8966618   0.        ]","[ 0.00335558  0.02078407 -0.00431432  0.00301318 -0.025612    0.01181302
 -0.04649879  0.        ]",3.9,117,24,14517,0,False
118,"[ 0.11403827  0.8086029  -0.06206575  2.5545835   0.48576683  2.0007353
 -1.9065117   0.        ]","[ -0.94223714 -33.239376    -0.49172002  21.898594    -3.999174
  -1.0732018   -0.36216924   0.        ]",[0. 0. 0. 0. 0. 0.],"[ 0.11374659  0.80613756 -0.0626286   2.5552783   0.48911744  1.9942402
 -1.8976377   0.        ]","[ 0.0029447   0.02074983 -0.00373223  0.00246533 -0.02615985  0.01681216
 -0.05084736  0.        ]",3.9333334,118,24,14518,0,False
119,"[ 0.11385159  0.80926025 -0.06152318  2.554848    0.4852019   2.00224
 -1.9102956   0.        ]","[  0.7109167  -41.75519     -0.18823431  25.04364      3.277207
  -1.1382828    0.42950973   0.        ]",[0. 0. 0. 0. 0. 0.],"[ 0.11399203  0.8071289  -0.06268421  2.5553339   0.4875988   1.9961846
 -1.9011027   0.        ]","[ 0.0043828   0.01770241 -0.00099298  0.00099298 -0.02711859  0.03472001
 -0.06187284  0.        ]",3.9666667,119,24,14519,0,False
120,"[ 0.11341389  0.80952406 -0.06062948  2.5542674   0.48606896  2.0044374
 -1.9114987   0.        ]","[ -0.19371258 -41.4296      -0.36679435  16.24368      2.9524148
  -1.6185462   -0.22892642   0.        ]",[0. 0. 0. 0. 0. 0.],"[ 0.11403038  0.8074741  -0.06263243  2.5553339   0.48713285  1.997337
 -1.9025849   0.        ]","[ 0.00342406  0.01732576  0.00061633  0.00027393 -0.02479023  0.04519765
 -0.06594748  0.        ]",4.0,120,24,14520,0,False
121,"[ 0.11294135  0.8099999  -0.05971284  2.5540845   0.4866344   2.0069027
 -1.9141102   0.        ]","[ -0.27460065 -32.85574     -0.32857183  17.864473    -4.0448303
  -1.3476319   -2.9976113    0.        ]",[0. 0. 0. 0. 0. 0.],"[ 0.1140438   0.80814517 -0.06234865  2.5552707   0.4863716   1.9994903
 -1.9056854   0.        ]","[ 0.00054785  0.01581918  0.00575243 -0.00112994 -0.01835298  0.05170337
 -0.07252168  0.        ]",4.0333333,121,24,14521,0,False
122,"[ 0.11275193  0.8103159  -0.05944788  2.5542576   0.48674     2.0070693
 -1.9154176   0.        ]","[ -0.4582527  -41.662285    -0.41333446  15.403992    -3.9073234
  -1.0587904   -0.17308038   0.        ]",[0. 0. 0. 0. 0. 0.],"[ 0.1140438   0.8084098  -0.06207062  2.5552018   0.48626807  2.0003493
 -1.9067861   0.        ]","[ 6.8481284e-05  1.4449551e-02  9.1422517e-03 -2.2598824e-03
 -1.1881503e-02  4.5711257e-02 -6.4440891e-02  0.0000000e+00]",4.0666666,122,24,14522,0,False
123,"[ 0.11214625  0.8109212  -0.05846349  2.5543778   0.4883499   2.0062084
 -1.9162182   0.        ]","[ -0.44991702 -41.087395    -2.5392299    9.010322     0.5723678
  -1.7114297    0.7330395    0.        ]",[0. 0. 0. 0. 0. 0.],"[ 0.11377152  0.8091288  -0.06104093  2.5547836   0.48626617  2.003262
 -1.9102777   0.        ]","[-4.8621711e-03  1.2840241e-02  1.8387225e-02 -7.4644601e-03
 -3.4240642e-05  5.2011535e-02 -6.2352210e-02  0.0000000e+00]",4.1,123,24,14523,0,False
124,"[ 0.11163547  0.811155   -0.0579779   2.5546525   0.48823953  2.0076177
 -1.9184593   0.        ]","[ -0.3507455  -41.150063    -2.3771155   12.963645     0.77665156
   0.98431224  -2.599857     0.        ]",[0. 0. 0. 0. 0. 0.],"[ 0.11358744  0.8094299  -0.06064018  2.5546687   0.48631027  2.0042074
 -1.9115337   0.        ]","[-0.0074987   0.01355929  0.01924324 -0.00681389  0.00078753  0.0513952
 -0.06426968  0.        ]",4.133333,124,24,14524,0,False
125,"[ 0.11191367  0.8112371  -0.05827616  2.5548494   0.48772475  2.0071168
 -1.9185643   0.        ]","[ -1.0176015  -42.45994     -2.5674214   11.135692     0.63047576
  -1.9438816    0.06900252   0.        ]",[0. 0. 0. 0. 0. 0.],"[ 0.11334584  0.8097808  -0.06018382  2.5545688   0.4865921   2.0047863
 -1.9126152   0.        ]","[-0.00917649  0.01479196  0.01941444 -0.00534154  0.00582091  0.0393425
 -0.05749004  0.        ]",4.1666665,125,24,14525,0,False
126,"[ 0.11149149  0.8115505  -0.05803516  2.5551226   0.4875487   2.0078046
 -1.9202328   0.        ]","[  3.0130103  -42.67321     -2.4362054   14.21038      7.30877
  -1.3711731    0.68164766   0.        ]",[0. 0. 0. 0. 0. 0.],"[ 0.11281853  0.8103618  -0.05934205  2.5544748   0.4873476   2.0055091
 -1.9144675   0.        ]","[-0.01232663  0.01479196  0.02061287 -0.00284197  0.01729153  0.01958565
 -0.04656727  0.        ]",4.2,126,24,14526,0,False
127,"[ 0.11127193  0.81183606 -0.05736056  2.5550244   0.48848826  2.0077431
 -1.9207683   0.        ]","[  3.107068   -33.554623    -2.170575    13.708835     0.743157
  -1.0204426    0.83387375   0.        ]",[0. 0. 0. 0. 0. 0.],"[ 0.11242353  0.8106858  -0.05888185  2.5544653   0.4876007   2.0061285
 -1.9160571   0.        ]","[-0.01030643  0.00914225  0.01342233 -0.00068481  0.00873136  0.01554525
 -0.04006155  0.        ]",4.233333,127,24,14527,0,False
128,"[ 0.11073823  0.8120872  -0.05680322  2.5552013   0.4890154   2.0077043
 -1.922522    0.        ]","[-2.3128739e-02 -3.7470371e+01  8.1882887e+00  1.5620162e+01
  8.1820142e-01 -7.4374610e-01  5.1168424e-01  0.0000000e+00]",[0. 0. 0. 0. 0. 0.],"[ 0.11229315  0.8107913  -0.05877064  2.5544653   0.48761797  2.0063396
 -1.9166074   0.        ]","[-0.00938194  0.0076699   0.01020371 -0.0001712   0.00482793  0.0148262
 -0.03821256  0.        ]",4.266667,128,24,14528,0,False
129,"[ 0.11039729  0.81236005 -0.05625839  2.555366    0.48967093  2.0073676
 -1.923615    0.        ]","[  2.609757  -37.309086    0.6076128  15.574398    1.0814029   2.1589725
  -3.3401687   0.       ]",[0. 0. 0. 0. 0. 0.],"[ 0.11212633  0.81091785 -0.05860765  2.554473    0.48763523  2.0066233
 -1.9173437   0.        ]","[-0.00753294  0.00616332  0.0074987   0.00013696  0.00136963  0.01290872
 -0.03362431  0.        ]",4.3,129,24,14529,0,False
130,"[ 0.10972338  0.8125902  -0.05572362  2.5554235   0.49022317  2.0080905
 -1.9250602   0.        ]","[ -2.0723908  -31.388866    -2.2567594   18.803513     0.5222411
  -0.94696677   0.17818338   0.        ]",[0. 0. 0. 0. 0. 0.],"[ 0.11157025  0.8114241  -0.05782916  2.5545976   0.4882009   2.007183
 -1.919821    0.        ]","[-0.00992979  0.00903953  0.0139017   0.00222564  0.01010099  0.00999827
 -0.04423891  0.        ]",4.3333335,130,24,14530,0,False
131,"[ 0.10975102  0.8126016  -0.05570523  2.5554423   0.4902687   2.0079784
 -1.9250219   0.        ]","[ -2.0723908  -31.388866    -2.2567594   18.803513     0.5222411
  -0.94696677   0.17818338   0.        ]",[0. 0. 0. 0. 0. 0.],"[ 0.11157025  0.8114241  -0.05782916  2.5545976   0.4882009   2.007183
 -1.919821    0.        ]","[-0.00992979  0.00903953  0.0139017   0.00222564  0.01010099  0.00999827
 -0.04423891  0.        ]",4.366667,131,24,14531,0,False
132,"[ 0.1094537   0.8128035  -0.05540675  2.5556247   0.49091214  2.007387
 -1.9249293   0.        ]","[  2.1728215  -34.522278    -2.5453856   19.87965      0.9581384
  -1.0253285    0.31837735   0.        ]",[0. 0. 0. 0. 0. 0.],"[ 0.11089914  0.81200695 -0.05691069  2.5549102   0.4889717   2.0074515
 -1.9221872   0.        ]","[-0.01102549  0.00962162  0.01462075  0.00520458  0.012806    0.00414312
 -0.03831528  0.        ]",4.4,132,24,14532,0,False
133,"[ 0.10910878  0.8131357  -0.05518823  2.5562441   0.4912691   2.006429
 -1.9255574   0.        ]","[  1.345164  -37.12634     7.46975    27.650799    8.121089   -1.0553083
  -3.4452224   0.       ]",[0. 0. 0. 0. 0. 0.],"[ 0.11061344  0.81213546 -0.05659239  2.5550387   0.48929003  2.0075667
 -1.9228776   0.        ]","[-0.0096901   0.00636876  0.01194998  0.00458825  0.01147061  0.00297894
 -0.02735827  0.        ]",4.4333334,133,24,14533,0,False
134,"[ 0.10895612  0.81354487 -0.05486109  2.5567749   0.49231052  2.0043614
 -1.9250689   0.        ]","[ -9.5507765 -37.511684    7.94893    19.557188    8.391586   -1.0357231
  -3.606085    0.       ]",[0. 0. 0. 0. 0. 0.],"[ 0.11020693  0.8123061  -0.05619355  2.5552285   0.4897924   2.0076241
 -1.9236771   0.        ]","[-0.01020371  0.00428008  0.01030643  0.00462249  0.01215543  0.0023626
 -0.02150312  0.        ]",4.4666667,134,24,14534,0,False
135,"[ 0.10870453  0.81390804 -0.05461906  2.5572796   0.49290594  2.0032341
 -1.9252111   0.        ]","[ -9.467027  -37.511684    0.1691993  19.714762    8.520511   -1.0357231
  -3.592085    0.       ]",[0. 0. 0. 0. 0. 0.],"[ 0.11009572  0.8123751  -0.05609001  2.555292    0.4899381   2.0076241
 -1.9238957   0.        ]","[-0.01016947  0.00458825  0.0096901   0.00482793  0.01260056  0.00136963
 -0.01982533  0.        ]",4.5,135,24,14535,0,False
136,"[ 0.10875135  0.81404686 -0.05473498  2.557586    0.49281523  2.0024817
 -1.9252222   0.        ]","[  1.3341327  -36.114243     0.11395729  20.343212     1.418689
  -0.9100914    0.31982768   0.        ]",[0. 0. 0. 0. 0. 0.],"[ 0.10956649  0.8127548  -0.05560297  2.5557003   0.49063993  2.0072331
 -1.924866    0.        ]","[-0.00879985  0.006403    0.00790959  0.00695085  0.01167606 -0.00698509
 -0.01616158  0.        ]",4.5333333,136,24,14536,0,False
137,"[ 0.10921889  0.8145644  -0.05610609  2.5589137   0.4925308   1.99665
 -1.9221379   0.        ]","[ 6.8870229e-01 -3.5782719e+01 -1.8861929e-02  2.0247936e+01
  1.2242239e+00 -1.8007649e-01 -2.7147918e+00  0.0000000e+00]",[0. 0. 0. 0. 0. 0.],"[ 0.10942844  0.81287557 -0.05547066  2.555867    0.49084893  2.0069454
 -1.9251095   0.        ]","[-0.00773839  0.00633452  0.00712205  0.00777263  0.01095701 -0.01160758
 -0.01424411  0.        ]",4.5666666,137,24,14537,0,False
138,"[ 0.10955476  0.8148175  -0.05646903  2.5593407   0.49233505  1.9950839
 -1.9213848   0.        ]","[ 3.3878505e-01 -3.6154411e+01 -1.9526426e-01  2.0483828e+01
  1.3807234e+00 -3.9350122e-01  3.0811587e-03  0.0000000e+00]",[0. 0. 0. 0. 0. 0.],"[ 0.10923669  0.8131095  -0.05524823  2.5561988   0.49138772  2.0060039
 -1.9251862   0.        ]","[-0.00537578  0.00588939  0.00568395  0.00835472  0.0126348  -0.021058
 -0.00475945  0.        ]",4.6,138,24,14538,0,False
139,"[ 0.10918881  0.8154762  -0.05496929  2.559467    0.49438095  1.9942391
 -1.9228599   0.        ]","[ 3.1293666e-01 -3.5935654e+01 -1.6291918e-01  2.0292742e+01
  1.0038776e+00 -6.1869323e-01  3.0544286e-03  0.0000000e+00]",[0. 0. 0. 0. 0. 0.],"[ 0.10912547  0.81327826 -0.05511209  2.5564673   0.4917482   2.0052965
 -1.9252034   0.        ]","[-0.00469097  0.00650572  0.00561547  0.00975858  0.01448379 -0.02718707
 -0.00112994  0.        ]",4.633333,139,24,14539,0,False
140,"[ 0.10923981  0.8156453  -0.05503834  2.559663    0.49435836  1.9937136
 -1.9227409   0.        ]","[-1.6316310e-01 -3.6281891e+01 -4.3369615e-01  1.9783905e+01
  7.7632346e+00 -6.9738889e-01  3.6101099e-03  0.0000000e+00]",[0. 0. 0. 0. 0. 0.],"[ 0.10897016  0.8135793  -0.05496637  2.5569465   0.49221224  2.0040903
 -1.9252168   0.        ]","[-0.0040404   0.00746446  0.00407464  0.01198423  0.01218967 -0.03033721
 -0.00044513  0.        ]",4.6666665,140,24,14540,0,False
141,"[ 0.10950349  0.81597054 -0.05529614  2.5600846   0.49408284  1.9920564
 -1.9224478   0.        ]","[ -0.6986294  -35.741943    -0.4901148   20.602715     0.80463564
  -1.8127578    0.48750928   0.        ]",[0. 0. 0. 0. 0. 0.],"[ 0.10895674  0.8137442  -0.05499129  2.5572343   0.49230236  2.0030298
 -1.924935    0.        ]","[-0.00263653  0.00780687  0.00188324  0.01284024  0.00869712 -0.03834952
  0.00482793  0.        ]",4.7,141,24,14541,0,False
142,"[ 0.10955042  0.8163291  -0.05515482  2.560371    0.49451688  1.9902679
 -1.9218524   0.        ]","[ -1.2369778 -32.090473   -0.8725056  28.215199    0.5697116  -3.5159554
   2.7276778   0.       ]",[0. 0. 0. 0. 0. 0.],"[ 0.10895674  0.8142293  -0.05514661  2.5580356   0.49261108  1.9999198
 -1.923867    0.        ]","[-6.8481284e-05  1.1128209e-02 -3.2528611e-03  1.8661151e-02
  6.5399627e-03 -7.1905352e-02  2.4036931e-02  0.0000000e+00]",4.733333,142,24,14542,0,False
143,"[ 0.10954764  0.81666887 -0.05494005  2.5606148   0.49510708  1.988809
 -1.9215093   0.        ]","[  0.90987235 -40.04019      0.1002332   19.265125     0.49613857
  -0.81880885  -0.55595475   0.        ]",[0. 0. 0. 0. 0. 0.],"[ 0.10895674  0.81448627 -0.05514661  2.5584116   0.49297157  1.9985776
 -1.9235908   0.        ]","[ 1.0329040e-15  1.2566316e-02 -2.3968450e-03  1.9859573e-02
  1.1778781e-02 -7.4747324e-02  2.2119455e-02  0.0000000e+00]",4.766667,143,24,14543,0,False
144,"[ 0.10972792  0.81720936 -0.05494752  2.560957    0.49554053  1.9869313
 -1.9209149   0.        ]","[ -1.2297764  -32.40781     -0.69031847  28.24609      7.4788737
  -4.238132     2.9018528    0.        ]",[0. 0. 0. 0. 0. 0.],"[ 0.10908329  0.8153415  -0.05514853  2.5593224   0.49373856  1.9946717
 -1.9228085   0.        ]","[ 2.25988240e-03  1.52713265e-02 -3.42406420e-05  1.62643045e-02
  1.36962570e-02 -6.97481856e-02  1.39701823e-02  0.00000000e+00]",4.8,144,24,14544,0,False
145,"[ 0.11022644  0.8177538  -0.05481971  2.5615962   0.49594626  1.9842619
 -1.9207734   0.        ]","[  1.3406041  -41.263638     0.24882689  19.78301      0.26295793
  -0.5421608   -0.28979892   0.        ]",[0. 0. 0. 0. 0. 0.],"[ 0.10915424  0.8157154  -0.05514853  2.5596635   0.49407795  1.9930629
 -1.9224691   0.        ]","[ 3.1158985e-03  1.5990380e-02  3.2711929e-17  1.5100123e-02
  1.3216888e-02 -7.0672683e-02  1.4586514e-02  0.0000000e+00]",4.8333335,145,24,14545,0,False
146,"[ 0.11026569  0.8180553  -0.05460849  2.5617423   0.4965383   1.9831096
 -1.9205693   0.        ]","[  1.0465137  -41.609406     0.14139628  19.84042      0.46502084
  -0.83919793  -0.10563974   0.        ]",[0. 0. 0. 0. 0. 0.],"[ 0.10927887  0.8161583  -0.05514853  2.560051    0.4944979   1.9912183
 -1.922053    0.        ]","[ 3.2528611e-03  1.3490813e-02  3.2711929e-17  1.1984225e-02
  1.2669038e-02 -5.6839466e-02  1.2497835e-02  0.0000000e+00]",4.866667,146,24,14546,0,False
147,"[ 0.11017652  0.8181634  -0.05425237  2.5617201   0.49715337  1.9828061
 -1.9205455   0.        ]","[  0.71035814 -41.335598     0.10198224  19.992653     0.40337524
  -0.85962075   0.05899096   0.        ]",[0. 0. 0. 0. 0. 0.],"[ 0.10938242  0.81640184 -0.05514469  2.5602582   0.49470496  1.9902078
 -1.9217807   0.        ]","[ 4.0746364e-03  1.2258150e-02  6.8481284e-05  1.0614599e-02
  1.1196690e-02 -5.0984316e-02  1.2292391e-02  0.0000000e+00]",4.9,147,24,14547,0,False
148,"[ 0.11057427  0.81819826 -0.05469795  2.5619535   0.49641755  1.9822882
 -1.9203546   0.        ]","[ 7.9995519e-01 -4.1643013e+01  3.8818620e-02  1.9856251e+01
  8.9319056e-01 -9.0219164e-01  1.6953558e-01  0.0000000e+00]",[0. 0. 0. 0. 0. 0.],"[ 0.10962402  0.81682944 -0.05511593  2.5606818   0.49500984  1.9883076
 -1.9213628   0.        ]","[ 0.0054785   0.01037491  0.00054785  0.00996403  0.0073275  -0.04519765
  0.01064884  0.        ]",4.9333334,148,24,14548,0,False
149,"[ 0.11077251  0.8182962  -0.05491259  2.5620482   0.49615693  1.9817873
 -1.9201286   0.        ]","[ 2.8762239e-01 -3.3180073e+01 -9.1456234e-02  2.7441349e+01
  6.7702025e-01 -3.6326115e+00  2.8277342e-03  0.0000000e+00]",[0. 0. 0. 0. 0. 0.],"[ 0.10983111  0.81727237 -0.0550028   2.5610998   0.49559277  1.9862808
 -1.921077    0.        ]","[ 0.00503337  0.0106146   0.00243109  0.01020371  0.012806   -0.04869019
  0.00705357  0.        ]",4.9666667,149,24,14549,0,False
150,"[ 0.11104688  0.81876755 -0.0551288   2.5622876   0.49634022  1.9798764
 -1.9197528   0.        ]","[  0.13169007 -35.361763    -0.1549762   19.843784     0.6821955
  -0.83974665   0.5802125    0.        ]",[0. 0. 0. 0. 0. 0.],"[ 0.11000559  0.81759834 -0.05490692  2.5613375   0.49599352  1.9849577
 -1.9208642   0.        ]","[ 0.00431432  0.00883409  0.00239685  0.00701933  0.01109397 -0.03670597
  0.00561547  0.        ]",5.0,150,24,14550,0,False
151,"[ 0.11124293  0.81895655 -0.05528089  2.5623074   0.4960759   1.9793305
 -1.9196675   0.        ]","[  4.3444853 -33.291374    1.2649343  20.042513    1.1777009  -0.8249223
   0.5263365   0.       ]",[0. 0. 0. 0. 0. 0.],"[ 0.1101379   0.8177556  -0.0548935   2.5614622   0.49605104  1.9842962
 -1.9207203   0.        ]","[ 0.00517034  0.00801231  0.00184899  0.00599211  0.00688237 -0.03297374
  0.00606059  0.        ]",5.0333333,151,24,14551,0,False
152,"[ 0.11133364  0.8191326  -0.05522943  2.5623136   0.49604777  1.9789487
 -1.9198128   0.        ]","[ -2.993812   -38.13431     -1.2857744   27.78842      0.59705865
  -4.3748126    3.712139     0.        ]",[0. 0. 0. 0. 0. 0.],"[ 0.11045045  0.8180988  -0.05489159  2.5617728   0.4961354   1.9827449
 -1.9203867   0.        ]","[ 0.00739598  0.00838896  0.00020544  0.00736174  0.0021914  -0.03728806
  0.00804655  0.        ]",5.0666666,152,24,14552,0,False
153,"[ 0.11100847  0.81972766 -0.0538204   2.562357    0.49810407  1.9773232
 -1.9207426   0.        ]","[-7.6703930e-01 -3.7080452e+01 -4.8316431e-01  1.9676044e+01
  8.1585646e-01 -9.1155422e-01  2.7825253e-03  0.0000000e+00]",[0. 0. 0. 0. 0. 0.],"[ 0.11061919  0.8182714  -0.05489159  2.561909    0.49615267  1.9819492
 -1.9202218   0.        ]","[ 7.4987006e-03  8.0465507e-03  3.2711929e-17  7.0193317e-03
  1.5065883e-03 -3.6877170e-02  7.8068664e-03  0.0000000e+00]",5.1,153,24,14553,0,False
154,"[ 0.11107783  0.81975126 -0.05388191  2.5622993   0.49805737  1.9770926
 -1.9204996   0.        ]","[ 2.3075981e+00 -3.2401123e+01  5.8051604e-01  1.9669792e+01
  9.8452789e-01 -4.0809906e-01  2.6089200e-03  0.0000000e+00]",[0. 0. 0. 0. 0. 0.],"[ 0.11087997  0.8186242  -0.05495295  2.5620759   0.49615648  1.9805974
 -1.9200051   0.        ]","[ 0.00564971  0.0073275  -0.0010957   0.00362951  0.00010272 -0.0285567
  0.00479369  0.        ]",5.133333,154,24,14554,0,False
155,"[ 0.11113555  0.819848   -0.05381488  2.5622733   0.4981493   1.976709
 -1.9205312   0.        ]","[-8.5709685e-01 -3.8278030e+01 -8.5151714e-01  2.7830015e+01
  1.4868393e+00 -7.3431623e-01  3.7849215e-03  0.0000000e+00]",[0. 0. 0. 0. 0. 0.],"[ 0.11095858  0.8188332  -0.05492226  2.5621257   0.4963329   1.9799492
 -1.9199917   0.        ]","[ 0.0043828   0.00794383 -0.0001712   0.00256805  0.00318438 -0.02663922
  0.00229412  0.        ]",5.1666665,155,24,14555,0,False
156,"[ 0.11116692  0.820011   -0.05378513  2.5622525   0.4985155   1.9759858
 -1.9203968   0.        ]","[ 2.2022276e+00 -3.1980600e+01  6.3319755e-01  1.9641888e+01
  1.0869977e+00 -8.2828522e-01  2.4105757e-03  0.0000000e+00]",[0. 0. 0. 0. 0. 0.],"[ 0.11098543  0.81917065 -0.05468833  2.5621927   0.49696758  1.9788908
 -1.9200627   0.        ]","[ 0.00130114  0.00856016  0.00475945  0.00181475  0.01431259 -0.02715283
 -0.00123266  0.        ]",5.2,156,24,14556,0,False
157,"[ 0.11123159  0.8200418  -0.05385736  2.5621758   0.4985292   1.9758143
 -1.9201343   0.        ]","[ 2.2022276e+00 -3.1980600e+01  6.3319755e-01  1.9627562e+01
  1.1156478e+00 -1.2762852e+00  2.4105757e-03  0.0000000e+00]",[0. 0. 0. 0. 0. 0.],"[ 0.11100077  0.81932217 -0.05452918  2.56221     0.4972341   1.9784057
 -1.9201528   0.        ]","[ 0.00065057  0.00808079  0.00660844  0.00133539  0.01503164 -0.02564624
 -0.00287621  0.        ]",5.233333,157,24,14557,0,False
158,"[ 0.11192556  0.82006013 -0.05415239  2.5621216   0.49748337  1.9762558
 -1.9207636   0.03125757]","[ 1.8910183e-01 -3.5612320e+01 -1.3772629e-01  2.7409840e+01
  1.1047922e+00 -1.4535725e+00  2.6483289e-03  0.0000000e+00]",[0. 0. 0. 0. 0. 0.],"[ 0.11104871  0.81956756 -0.05425498  2.562233    0.49766365  1.9775908
 -1.9202794   0.03125757]","[ 0.0010957   0.0065742   0.00708781  0.00065057  0.0115391  -0.02160585
 -0.00359527  0.        ]",5.266667,158,24,14558,0,False
159,"[ 0.11224475  0.82020795 -0.05381262  2.5619044   0.49776298  1.9763249
 -1.9209223   0.30158728]","[ 7.8847244e-02 -3.7619991e+01 -3.2207802e-01  2.7295935e+01
  7.8237814e-01 -4.3653579e+00  2.9599764e-03  0.0000000e+00]",[0. 0. 0. 0. 0. 0.],"[ 0.11109089  0.8196865  -0.05414569  2.5622406   0.49789372  1.9771267
 -1.9202908   0.30158728]","[ 0.00140387  0.00551274  0.00551274  0.00044513  0.00972434 -0.01955141
 -0.00184899  0.        ]",5.3,159,24,14559,0,False
160,"[ 0.11258313  0.8204078  -0.05342899  2.5620024   0.4975691   1.9768252
 -1.922529    0.976801  ]","[ 2.3225441e+00 -3.4192932e+01  5.3333014e-01  2.6921572e+01
  9.6126086e-01 -9.8395860e-01  2.7686774e-03  0.0000000e+00]",[0. 0. 0. 0. 0. 0.],"[ 0.11128072  0.8198053  -0.05408625  2.5622466   0.49795702  1.9766972
 -1.9203714   0.976801  ]","[ 0.00386919  0.00352679  0.00229412  0.00020544  0.00366375 -0.01335385
 -0.00154083  0.        ]",5.3333335,160,24,14560,0,False
161,"[ 0.11277174  0.8204871  -0.05354211  2.5620427   0.49751067  1.976329
 -1.9224709   1.        ]","[ 3.0807908e+00 -3.3414738e+01  7.7900678e-01  2.6282280e+01
  9.9650657e-01 -1.1164528e+00  2.6323490e-03  0.0000000e+00]",[0. 0. 0. 0. 0. 0.],"[ 0.11141494  0.8198552  -0.05408241  2.5622466   0.49795702  1.9765918
 -1.9204366   1.        ]","[ 0.00558122  0.00277349  0.0009245   0.00010272  0.00054785 -0.00845744
 -0.00260229  0.        ]",5.366667,161,24,14561,0,False
162,"[ 0.1130093   0.82055885 -0.05357184  2.5619378   0.49748835  1.9763722
 -1.9222026   1.        ]","[ 1.0628622e+01 -4.0033848e+01 -2.6770895e+00  1.6725172e+01
  3.9345130e-01 -1.4412988e+00  3.8738139e-03  0.0000000e+00]",[0. 0. 0. 0. 0. 0.],"[ 0.11181378  0.82002014 -0.05397311  2.5622466   0.49794167  1.9764959
 -1.9208872   1.        ]","[ 0.00712205  0.0029447   0.00195172  0.         -0.00027393 -0.00171203
 -0.00804655  0.        ]",5.4,162,24,14562,0,False
163,"[ 0.11335353  0.8207271  -0.05329375  2.5616698   0.49766073  1.9769846
 -1.9222685   1.        ]","[  3.2440462  -33.943607     0.87916446  23.957647     1.0291183
  -0.9891878    0.6614664    0.        ]",[0. 0. 0. 0. 0. 0.],"[ 0.11195759  0.8200872  -0.05389642  2.5622466   0.49789566  1.9764959
 -1.9211863   1.        ]","[ 0.00725902  0.00321862  0.00304742  0.         -0.0010957  -0.00047937
 -0.01215543  0.        ]",5.4333334,163,24,14563,0,False
164,"[ 0.1136573   0.8208339  -0.0533669   2.5617075   0.49730447  1.9770604
 -1.9225628   1.        ]","[  4.597839   -32.99625      1.3417569   13.638708     1.1092384
  -0.96325296   0.51290065   0.        ]",[0. 0. 0. 0. 0. 0.],"[ 0.11219152  0.8201908  -0.05380246  2.5622466   0.49782085  1.9764825
 -1.9215122   1.        ]","[ 0.00777263  0.00359527  0.00356103  0.         -0.00239685 -0.00023968
 -0.01359353  0.        ]",5.4666667,164,24,14564,0,False
165,"[ 0.11367945  0.8208878  -0.05324968  2.561721    0.49745047  1.9769903
 -1.9226328   1.        ]","[-2.4370224e+00 -3.7832237e+01 -1.0445573e+00  1.5708349e+01
  7.1333247e-01 -1.1394305e+00  3.1232410e-03  0.0000000e+00]",[0. 0. 0. 0. 0. 0.],"[ 0.11251174  0.820325   -0.05372192  2.5622349   0.49772882  1.9764576
 -1.9217807   1.        ]","[ 0.00804655  0.00349255  0.00232836 -0.00020544 -0.0023626  -0.00061633
 -0.00780687  0.        ]",5.5,165,24,14565,0,False
166,"[ 0.11384179  0.820987   -0.05320054  2.5617492   0.49740067  1.9767965
 -1.9229198   1.        ]","[ 1.1037669e+01 -4.0226238e+01 -2.3979638e+00  1.6861845e+01
  5.0111455e-01 -1.4042578e+00  2.9063604e-03  0.0000000e+00]",[0. 0. 0. 0. 0. 0.],"[ 0.11298344  0.8205052  -0.05358962  2.562168    0.49756008  1.9765362
 -1.9221106   1.        ]","[ 0.00910801  0.00338982  0.00249957 -0.0012669  -0.00321862  0.00140387
 -0.0062318   0.        ]",5.5333333,166,24,14566,0,False
167,"[ 0.11411662  0.82098    -0.05343742  2.561792    0.49694142  1.9769427
 -1.922735    1.        ]","[ 1.0880931e+01 -3.8409958e+01 -1.3537729e+00  1.6032080e+01
  6.5770012e-01 -1.2588382e+00  2.8688009e-03  0.0000000e+00]",[0. 0. 0. 0. 0. 0.],"[ 0.11313108  0.8205819  -0.05352251  2.5621142   0.49752557  1.9766148
 -1.9222121   1.        ]","[ 0.00914225  0.00383495  0.00304742 -0.00181475 -0.00301318  0.00280773
 -0.00616332  0.        ]",5.5666666,167,24,14567,0,False
168,"[ 0.11425151  0.82112354 -0.05317477  2.5618122   0.4971044   1.9769789
 -1.9231391   1.        ]","[ 2.8579080e+00 -3.4213367e+01  6.9160795e-01  1.4104382e+01
  9.6669018e-01 -9.7922832e-01  2.9483531e-03  0.0000000e+00]",[0. 0. 0. 0. 0. 0.],"[ 0.1134072   0.82072    -0.05341321  2.5619934   0.4974834   1.976701
 -1.9224538   1.        ]","[ 0.00705357  0.00359527  0.00291045 -0.00297894 -0.00123266  0.00267077
 -0.00582091  0.        ]",5.6,168,24,14568,0,False
169,"[ 0.11442006  0.82131386 -0.05295715  2.5619123   0.49720842  1.9765918
 -1.9237416   1.        ]","[ 4.3494096e+00 -3.2871986e+01  1.2241707e+00  1.3478070e+01
  1.0565337e+00 -8.9347208e-01  2.8612688e-03  0.0000000e+00]",[0. 0. 0. 0. 0. 0.],"[ 0.11356443  0.82077366 -0.05338253  2.5619397   0.49739328  1.9767529
 -1.9225401   1.        ]","[ 0.00664268  0.0029447   0.00205444 -0.00267077 -0.0021914   0.0020202
 -0.00520458  0.        ]",5.633333,169,24,14569,0,False
170,"[ 0.11456916  0.82144225 -0.05257568  2.56176     0.4977707   1.976564
 -1.9234399   1.        ]","[ 2.6407337e+00 -3.4103706e+01  6.4732301e-01  1.4043942e+01
  9.6732491e-01 -9.7382116e-01  2.8723755e-03  0.0000000e+00]",[0. 0. 0. 0. 0. 0.],"[ 0.11384822  0.82086766 -0.05333076  2.5618706   0.4972629   1.9768679
 -1.9227049   1.        ]","[ 0.00688237  0.00229412  0.00123266 -0.00188324 -0.00349255  0.00273925
 -0.00390343  0.        ]",5.6666665,170,24,14570,0,False
171,"[ 0.11476925  0.8214635  -0.0526133   2.561844    0.49752107  1.9766225
 -1.9238049   1.        ]","[-8.8573331e-01 -3.6568520e+01 -5.3364438e-01  1.5182370e+01
  7.9044932e-01 -1.1470517e+00  2.8364996e-03  0.0000000e+00]",[0. 0. 0. 0. 0. 0.],"[ 0.11396518  0.8209213  -0.05329433  2.5618515   0.49723795  1.9768928
 -1.9228296   1.        ]","[ 0.00653996  0.00249957  0.00147235 -0.00143811 -0.0023626   0.00229412
 -0.00496489  0.        ]",5.7,171,24,14571,0,False
172,"[ 0.11482861  0.8214525  -0.0526216   2.5618303   0.49750087  1.9766593
 -1.9237314   1.        ]","[ 1.2752460e+00 -3.5264011e+01  2.4434420e-01  1.4597962e+01
  9.4632107e-01 -1.0527433e+00  3.0164062e-03  0.0000000e+00]",[0. 0. 0. 0. 0. 0.],"[ 0.11417994  0.8210862  -0.05313709  2.56184     0.4972111   1.9768852
 -1.92324     1.        ]","[ 0.00383495  0.0029447   0.00280773 -0.00020544 -0.00047937 -0.00013696
 -0.0073275   0.        ]",5.733333,172,24,14572,0,False
173,"[ 0.11488977  0.82144254 -0.05254087  2.5617862   0.49760163  1.976696
 -1.923534    1.        ]","[ 1.2752460e+00 -3.5264011e+01  2.4434420e-01  1.4597962e+01
  9.4632107e-01 -1.0527433e+00  3.0164062e-03  0.0000000e+00]",[0. 0. 0. 0. 0. 0.],"[ 0.11417994  0.8210862  -0.05313709  2.56184     0.4972111   1.9768852
 -1.92324     1.        ]","[ 0.00383495  0.0029447   0.00280773 -0.00020544 -0.00047937 -0.00013696
 -0.0073275   0.        ]",5.766667,173,24,14573,0,False
174,"[ 0.11492111  0.8214267  -0.05259428  2.5619018   0.49729073  1.976718
 -1.9237871   1.        ]","[ 2.7313502e+00 -3.4377144e+01  7.3921770e-01  1.4260055e+01
  1.0317991e+00 -1.0319939e+00  2.7598431e-03  0.0000000e+00]",[0. 0. 0. 0. 0. 0.],"[ 0.11448099  0.82122236 -0.05285714  2.5618382   0.4972111   1.9767989
 -1.9235045   1.        ]","[ 4.8621711e-03  2.1914011e-03  4.2800806e-03 -3.4240642e-05
  1.7446362e-15 -1.4723476e-03 -4.2115990e-03  0.0000000e+00]",5.8,174,24,14574,0,False
175,"[ 0.1149276   0.82142526 -0.0525786   2.5619226   0.4972342   1.9767121
 -1.9238507   1.        ]","[-2.4759598e+00 -3.7039268e+01 -1.1141547e+00  1.5330271e+01
  6.4946848e-01 -1.1638371e+00  2.7609451e-03  0.0000000e+00]",[0. 0. 0. 0. 0. 0.],"[ 0.11457302  0.8212492  -0.0527862   2.5618382   0.49723604  1.9767759
 -1.9235295   1.        ]","[ 0.00486217  0.00167779  0.00390343  0.          0.00044513 -0.00150659
 -0.00280773  0.        ]",5.8333335,175,24,14575,0,False
176,"[ 0.11477073  0.8215309  -0.05211236  2.5620427   0.49780753  1.9764261
 -1.9244636   1.        ]","[ 7.6890039e-01 -3.5618683e+01  4.1363388e-02  1.4763659e+01
  8.9340407e-01 -1.0788964e+00  2.8668316e-03  0.0000000e+00]",[0. 0. 0. 0. 0. 0.],"[ 0.11471684  0.8212895  -0.05269416  2.5618382   0.49728397  1.9767337
 -1.9235812   1.        ]","[ 0.0031159   0.0009245   0.00208868  0.          0.00106146 -0.00089026
 -0.00106146  0.        ]",5.866667,176,24,14576,0,False
177,"[ 0.11474508  0.8215794  -0.05192606  2.5621324   0.49798483  1.976301
 -1.924828    1.        ]","[ 7.6890039e-01 -3.5618683e+01  4.1363388e-02  1.4763659e+01
  8.9340407e-01 -1.0788964e+00  2.8668316e-03  0.0000000e+00]",[0. 0. 0. 0. 0. 0.],"[ 0.11475711  0.821301   -0.05267115  2.5618382   0.49728397  1.9767183
 -1.9236196   1.        ]","[ 0.00270501  0.00078753  0.00164355  0.          0.00058209 -0.00089026
 -0.00154083  0.        ]",5.9,177,24,14577,0,False
178,"[ 0.11467193  0.8216898  -0.05168987  2.5621114   0.49836323  1.9761239
 -1.9248911   1.        ]","[ -0.564151   -36.00039     -0.39603266  14.91286      0.81553113
  -1.117738    -0.43869463   0.        ]",[0. 0. 0. 0. 0. 0.],"[ 0.11486256  0.8213681  -0.05259253  2.5618382   0.49729356  1.9766953
 -1.9238037   1.        ]","[ 0.00208868  0.0012669   0.00154083  0.          0.0001712  -0.00047937
 -0.0034583   0.        ]",5.9333334,178,24,14578,0,False
179,"[ 0.11467796  0.8220173  -0.05162217  2.562392    0.49826044  1.9754474
 -1.9260272   1.        ]","[-5.6415099e-01 -3.6000389e+01 -3.9603266e-01  1.4912860e+01
  8.1553113e-01 -1.1177380e+00  2.7965729e-03  0.0000000e+00]",[0. 0. 0. 0. 0. 0.],"[ 0.1148664   0.8213949  -0.052512    2.5618382   0.49738178  1.9766455
 -1.9239686   1.        ]","[ 0.00119842  0.00133539  0.00246533  0.          0.00174627 -0.00123266
 -0.00523882  0.        ]",5.9666667,179,24,14579,0,False
180,"[ 0.11451711  0.82212424 -0.05144034  2.5623198   0.49859092  1.9753295
 -1.9260707   1.        ]","[-3.9582768e-01 -3.5796326e+01 -3.8642582e-01  1.4769823e+01
  7.8553742e-01 -1.0881130e+00  3.0747668e-03  0.0000000e+00]",[0. 0. 0. 0. 0. 0.],"[ 0.1148664   0.82145053 -0.05230108  2.5618382   0.49760228  1.9765017
 -1.9243348   1.        ]","[ 3.4240642e-05  1.3696257e-03  4.9991338e-03  0.0000000e+00
  5.2730590e-03 -3.3213424e-03 -8.9710485e-03  0.0000000e+00]",6.0,180,24,14580,0,False
181,"[ 0.11449195  0.8221643  -0.05140319  2.562318    0.49865177  1.9752518
 -1.926113    1.        ]","[ 1.6234025e-01 -3.5919216e+01 -1.4533216e-01  1.4908483e+01
  8.6757761e-01 -1.1050800e+00  2.7438162e-03  0.0000000e+00]",[0. 0. 0. 0. 0. 0.],"[ 0.1148664   0.82148695 -0.05219945  2.5618439   0.49772117  1.9764307
 -1.9244479   1.        ]","[ 1.03290395e-15  1.54082896e-03  5.27305901e-03  1.02721926e-04
  5.64970588e-03 -3.59526742e-03 -7.90958852e-03  0.00000000e+00]",6.0333333,181,24,14581,0,False
182,"[ 0.11444634  0.82230926 -0.0513548   2.562415    0.49868834  1.9749633
 -1.9264498   1.        ]","[ 4.3761089e-02 -3.5283573e+01 -1.9342387e-01  1.4644418e+01
  8.3931273e-01 -1.1269662e+00  2.5053488e-03  0.0000000e+00]",[0. 0. 0. 0. 0. 0.],"[ 0.1148664   0.82160395 -0.05201537  2.5618823   0.49792442  1.9762025
 -1.9248276   1.        ]","[ 1.0329040e-15  2.6022887e-03  4.7936901e-03  7.8753475e-04
  5.4100216e-03 -5.1018558e-03 -8.3889570e-03  0.0000000e+00]",6.0666666,182,24,14582,0,False
183,"[ 0.11431913  0.822457   -0.05119082  2.562534    0.49893042  1.9745389
 -1.9269145   1.        ]","[  0.29775953 -36.91539     -0.17307155  25.211025     0.8447402
  -1.0749912   -2.9164295    0.        ]",[0. 0. 0. 0. 0. 0.],"[ 0.1148664   0.8216864  -0.05192717  2.5619013   0.49801835  1.9760453
 -1.9250596   1.        ]","[ 1.0329040e-15  3.4240643e-03  4.4512837e-03  9.9297869e-04
  4.8621711e-03 -6.6426848e-03 -1.0511877e-02  0.0000000e+00]",6.1,183,24,14583,0,False
184,"[ 0.1141326   0.82259095 -0.05087816  2.5625982   0.49933496  1.9742913
 -1.9275676   1.        ]","[ -0.1205323  -35.6656      -0.26210797  18.125156     0.82453436
  -1.1137162    0.47654268   0.        ]",[0. 0. 0. 0. 0. 0.],"[ 0.11485873  0.8218973  -0.05172008  2.5619934   0.49827147  1.975656
 -1.9255811   1.        ]","[-0.00013696  0.00469097  0.00458825  0.00181475  0.00551274 -0.00873136
 -0.01184726  0.        ]",6.133333,184,24,14584,0,False
185,"[ 0.11406759  0.8226224  -0.05077707  2.562669    0.49949273  1.9741918
 -1.9277725   1.        ]","[  0.4967042  -36.963127    -0.09598915  26.335245     0.8610571
  -3.67969     -2.8201056    0.        ]",[0. 0. 0. 0. 0. 0.],"[ 0.11479162  0.82205456 -0.05159736  2.5620835   0.49843064  1.9753953
 -1.925911    1.        ]","[-0.00133539  0.00575243  0.00482793  0.0031159   0.00616332 -0.01003251
 -0.01301144  0.        ]",6.1666665,185,24,14585,0,False
186,"[ 0.11376926  0.82281643 -0.05037536  2.5628188   0.5001399   1.973703
 -1.9282329   1.        ]","[ -0.8071335  -34.51603     -0.3957806   19.172966     0.8229226
  -0.60952103   0.3591968    0.        ]",[0. 0. 0. 0. 0. 0.],"[ 0.11455002  0.82234985 -0.05127906  2.5622828   0.4988333   1.9748257
 -1.9267297   1.        ]","[-0.00462249  0.00568395  0.00612907  0.00383495  0.00780687 -0.01092277
 -0.01554525  0.        ]",6.2,186,24,14586,0,False
187,"[ 0.11337508  0.8226291  -0.04977327  2.562932    0.5011368   1.9737723
 -1.9281739   1.        ]","[ -0.7068065  -35.020973    -0.3963782   19.08013      0.8133819
  -0.64210486   0.29335546   0.        ]",[0. 0. 0. 0. 0. 0.],"[ 0.11442155  0.82247066 -0.05110265  2.5623865   0.4990423   1.9746053
 -1.9270864   1.        ]","[-0.00517034  0.00534154  0.00681389  0.0040404   0.00835472 -0.01013523
 -0.01585342  0.        ]",6.233333,187,24,14587,0,False
188,"[ 0.11316971  0.82253355 -0.04941927  2.5630379   0.50175977  1.973672
 -1.9281509   1.        ]","[ 4.4819728e-02 -3.5972027e+01 -2.0850417e-01  1.9158573e+01
  8.3796859e-01 -1.0934832e+00 -2.1538818e-02  0.0000000e+00]",[0. 0. 0. 0. 0. 0.],"[ 0.11426048  0.8225608  -0.05089556  2.5625052   0.49933377  1.974379
 -1.927443    1.        ]","[-0.00475945  0.00335558  0.00633452  0.00366375  0.00828624 -0.00722478
 -0.01150486  0.        ]",6.266667,188,24,14588,0,False
189,"[ 0.11265528  0.822185   -0.04903297  2.563085    0.5026022   1.9738984
 -1.9278445   1.        ]","[-8.9345187e-02 -3.5797478e+01 -2.2817037e-01  1.9204884e+01
  8.4397525e-01 -1.1074753e+00  2.8629506e-03  0.0000000e+00]",[0. 0. 0. 0. 0. 0.],"[ 0.114132    0.8226183  -0.05075175  2.5625896   0.49956578  1.9742141
 -1.9276731   1.        ]","[-0.00448552  0.00225988  0.00527306  0.0031159   0.00804655 -0.00606059
 -0.00907377  0.        ]",6.3,189,24,14589,0,False
190,"[ 0.112418    0.822142   -0.04867732  2.5632012   0.5032089   1.9737859
 -1.9279282   1.        ]","[-4.7407344e-01 -3.5447357e+01 -3.3625364e-01  1.9272041e+01
  6.6387415e-01 -1.1389639e+00  2.5811158e-03  0.0000000e+00]",[0. 0. 0. 0. 0. 0.],"[ 0.11385205  0.822695   -0.05040278  2.5627239   0.50015634  1.9739935
 -1.9279377   1.        ]","[-0.00541002  0.00154083  0.00667693  0.00260229  0.01129941 -0.0043828
 -0.00527306  0.        ]",6.3333335,190,24,14590,0,False
191,"[ 0.11210344  0.82193863 -0.04830289  2.563307    0.5038405   1.9738998
 -1.9279487   1.        ]","[-4.7051036e-01 -3.6383598e+01 -3.0199096e-01  1.9432278e+01
  5.3796881e-01 -1.1326182e+00  2.7957882e-03  0.0000000e+00]",[0. 0. 0. 0. 0. 0.],"[ 0.1137255   0.82269883 -0.0502187   2.562766    0.5004516   1.9739437
 -1.9279952   1.        ]","[-0.00595787  0.00071905  0.00814927  0.00225988  0.01345657 -0.00304742
 -0.00373223  0.        ]",6.366667,191,24,14591,0,False
192,"[ 0.11171497  0.8217529  -0.04797132  2.5632465   0.50452733  1.9741935
 -1.9276224   1.        ]","[ 7.8300065e-01 -3.4745491e+01  4.7592573e-02  1.9281832e+01
  1.0943739e+00 -1.0853072e+00  2.7446987e-03  0.0000000e+00]",[0. 0. 0. 0. 0. 0.],"[ 0.1134398   0.82269883 -0.04985438  2.5628505   0.5010959   1.9738958
 -1.9280182   1.        ]","[-6.9166096e-03  3.4240642e-05  9.1422517e-03  2.0886792e-03
  1.5716456e-02 -1.5408290e-03 -1.1984225e-03  0.0000000e+00]",6.4,192,24,14592,0,False
193,"[ 0.11119235  0.82156575 -0.04758843  2.563397    0.50530064  1.9741924
 -1.9276656   1.        ]","[-4.9741560e-01 -3.7267517e+01 -2.6835304e-01  1.9352812e+01
  8.4190458e-01 -1.1382418e+00  2.8797996e-03  0.0000000e+00]",[0. 0. 0. 0. 0. 0.],"[ 0.11324038  0.82269883 -0.04963386  2.562906    0.5015082   1.9738785
 -1.9280182   1.        ]","[-8.3204759e-03 -6.3441317e-16  9.8955454e-03  2.3626043e-03
  1.8010577e-02 -1.0272192e-03 -2.7392514e-04  0.0000000e+00]",6.4333334,193,24,14593,0,False
194,"[ 0.11029337  0.82105315 -0.04653651  2.563549    0.50707364  1.9749225
 -1.9276028   1.        ]","[ 3.2967257e+00 -4.2554012e+01 -1.9573555e+00  1.9665161e+01
  1.1510729e+00 -1.2081221e+00  2.8644346e-03  0.0000000e+00]",[0. 0. 0. 0. 0. 0.],"[ 0.11278402  0.8226835  -0.04911423  2.5630193   0.5024247   1.973869
 -1.9280182   1.        ]","[-1.10597275e-02 -2.73925136e-04  1.24978349e-02  2.84197344e-03
  2.24276204e-02 -4.10887704e-04  1.14194367e-15  0.00000000e+00]",6.4666667,194,24,14594,0,False
195,"[ 0.11003044  0.82088286 -0.04644572  2.5636      0.5073045   1.9752253
 -1.9274377   1.        ]","[ 2.8505747e+00 -4.4689987e+01 -1.6648977e+00  1.9924313e+01
  1.4580202e+00 -1.0702523e+00  2.7605626e-03  0.0000000e+00]",[0. 0. 0. 0. 0. 0.],"[ 0.11250982  0.82262594 -0.04882469  2.563071    0.50295395  1.973869
 -1.9280049   1.        ]","[-0.01229239 -0.00130114  0.01355929  0.00273925  0.02427662 -0.00013696
  0.00023968  0.        ]",6.5,195,24,14595,0,False
196,"[ 0.1089477   0.8203523  -0.04533708  2.563675    0.5094283   1.975651
 -1.9268982   1.        ]","[ 2.3813250e+00 -4.7582695e+01 -1.6995734e+00  2.0244225e+01
  1.3488213e+00 -1.0874635e+00  2.8688125e-03  0.0000000e+00]",[0. 0. 0. 0. 0. 0.],"[ 0.11182337  0.82232493 -0.04809605  2.5631957   0.50429237  1.9740338
 -1.9278955   1.        ]","[-0.01510012 -0.00612907  0.01595614  0.00280773  0.02927575  0.0029447
  0.00215716  0.        ]",6.5333333,196,24,14596,0,False
197,"[ 0.10863932  0.82024336 -0.04502147  2.5637174   0.51002437  1.975816
 -1.9267635   1.        ]","[-9.7136192e+00 -5.6445808e+01  8.4339457e+00  2.8554510e+01
  8.1010323e+00 -1.0307460e+00  2.7573463e-03  0.0000000e+00]",[0. 0. 0. 0. 0. 0.],"[ 0.11143603  0.8220795  -0.04771447  2.5632665   0.50500375  1.9742601
 -1.927813    1.        ]","[-0.0170176  -0.00924497  0.01756545  0.00315014  0.03246013  0.00698509
  0.0032871   0.        ]",6.5666666,197,24,14597,0,False
198,"[ 0.10728685  0.81962585 -0.04368332  2.564071    0.5123311   1.9765201
 -1.9270202   1.        ]","[ 2.0104525e+00 -4.6616776e+01 -1.9514351e+00  1.9623375e+01
  3.4854192e-01 -8.8701820e-01  3.1598657e-03  0.0000000e+00]",[0. 0. 0. 0. 0. 0.],"[ 0.11041402  0.82129717 -0.04675765  2.5634947   0.50681573  1.9748622
 -1.9274833   1.        ]","[-0.01825026 -0.01397018  0.01708608  0.00407464  0.03235741  0.01075156
  0.00588939  0.        ]",6.6,198,24,14598,0,False
199,"[ 0.10671634  0.8192785  -0.04306675  2.5640037   0.5135099   1.9770846
 -1.9265257   1.        ]","[ 2.0104525e+00 -4.6616776e+01 -1.9514351e+00  1.9623375e+01
  3.4854192e-01 -8.8701820e-01  3.1598657e-03  0.0000000e+00]",[0. 0. 0. 0. 0. 0.],"[ 0.11041402  0.82129717 -0.04675765  2.5634947   0.50681573  1.9748622
 -1.9274833   1.        ]","[-0.01825026 -0.01397018  0.01708608  0.00407464  0.03235741  0.01075156
  0.00588939  0.        ]",6.633333,199,24,14599,0,False
200,"[ 0.10512897  0.81846315 -0.04180935  2.564134    0.51611614  1.9780754
 -1.9255074   1.        ]","[ 1.3987957e+00 -4.7715439e+01 -1.4922575e+00  2.7861032e+01
  1.0581944e+00 -7.6798469e-01  3.4072690e-03  0.0000000e+00]",[0. 0. 0. 0. 0. 0.],"[ 0.10920984  0.820626   -0.04559374  2.5637057   0.5089825   1.9754663
 -1.9271976   1.        ]","[-0.02023622 -0.01112821  0.01951717  0.00356103  0.03626084  0.01006675
  0.00465673  0.        ]",6.6666665,200,24,14600,0,False
201,"[ 0.10480727  0.8182625  -0.04155527  2.5641506   0.5165898   1.9785966
 -1.9251955   1.        ]","[ 1.4371923e+00 -4.8675522e+01 -1.8555340e+00  1.9876333e+01
  1.3637048e+00 -8.4198177e-01  2.6480532e-03  0.0000000e+00]",[0. 0. 0. 0. 0. 0.],"[ 0.10873431  0.82041895 -0.04510287  2.5637593   0.50984347  1.9757673
 -1.9271055   1.        ]","[-0.02201673 -0.01064884  0.02181129  0.0034583   0.03947946  0.01201847
  0.00390343  0.        ]",6.7,201,24,14601,0,False
202,"[ 0.10413548  0.81782    -0.04112873  2.5642962   0.5174944   1.9791234
 -1.9248388   1.        ]","[ 1.6004053e+00 -4.9110573e+01 -2.0526772e+00  2.0030895e+01
  7.9861188e-01  1.6922472e+00  2.8078330e-03  0.0000000e+00]",[0. 0. 0. 0. 0. 0.],"[ 0.10771038  0.8199108  -0.04405593  2.5638745   0.51171875  1.9764537
 -1.9268352   1.        ]","[-0.02307819 -0.01140213  0.02366028  0.00260229  0.04221871  0.0157507
  0.00588939  0.        ]",6.733333,202,24,14602,0,False
203,"[ 0.10348097  0.8175219  -0.04062473  2.5645618   0.51845866  1.9792415
 -1.924802    1.        ]","[ 2.2657945e+00 -4.8051971e+01 -2.4652991e+00  1.8078115e+01
  9.1289675e-01 -1.3519090e+00  3.5669331e-03  0.0000000e+00]",[0. 0. 0. 0. 0. 0.],"[ 0.10707953  0.8195139  -0.04346918  2.5639799   0.51284236  1.9768583
 -1.9266032   1.        ]","[-0.01934596 -0.01129941  0.01859267  0.0029447   0.03451457  0.01232663
  0.00619756  0.        ]",6.766667,203,24,14603,0,False
204,"[ 0.1020316   0.8166984  -0.03940027  2.5646398   0.5208797   1.9806393
 -1.9237778   1.        ]","[-10.752173  -57.335968    7.900164   24.32385     8.629696    1.0743617
   3.5793796   0.       ]",[0. 0. 0. 0. 0. 0.],"[ 0.10608819  0.8189598  -0.04261974  2.5640585   0.51449716  1.9776771
 -1.9259934   1.        ]","[-0.02150312 -0.0126348   0.01859267  0.00195172  0.03656901  0.01787362
  0.01321689  0.        ]",6.8,204,24,14604,0,False
205,"[ 0.10132467  0.8164127  -0.03888343  2.564747    0.5220082   1.9811262
 -1.9230819   1.        ]","[  1.7732396  -48.71689     -2.6693594   20.48062      1.2453284
  -1.874706     0.19936047   0.        ]",[0. 0. 0. 0. 0. 0.],"[ 0.10570662  0.81874883 -0.04231678  2.5640988   0.51510113  1.9779627
 -1.9257634   1.        ]","[-0.02294123 -0.01273752  0.01917476  0.00198596  0.03759623  0.01845571
  0.01403866  0.        ]",6.8333335,205,24,14605,0,False
206,"[ 0.10095845  0.8162834  -0.03856963  2.5648816   0.52259076  1.9813732
 -1.9228725   1.        ]","[  0.81042457 -49.852177    -1.9563662   20.043425     1.0199178
  -1.5951811    0.25779405   0.        ]",[0. 0. 0. 0. 0. 0.],"[ 0.1042129   0.81799716 -0.04112027  2.5643077   0.51752293  1.978933
 -1.9249618   1.        ]","[-0.02831701 -0.01462075  0.02277003  0.00393767  0.04601942  0.01893508
  0.01571646  0.        ]",6.866667,206,24,14606,0,False
207,"[ 0.09923039  0.81565267 -0.0369789   2.5651326   0.5256628   1.9819479
 -1.9224755   1.        ]","[  0.38616553 -49.66313     -1.5731391   20.069859     1.1203822
  -1.3983233    0.1607238    0.        ]",[0. 0. 0. 0. 0. 0.],"[ 0.10370669  0.81770957 -0.04073102  2.5643845   0.5183321   1.979305
 -1.9246627   1.        ]","[-0.02927575 -0.01557949  0.02304395  0.00431432  0.04742329  0.02020198
  0.01643551  0.        ]",6.9,207,24,14607,0,False
208,"[ 0.09860256  0.8153967  -0.03660616  2.5652254   0.5265187   1.9828569
 -1.9217302   1.        ]","[  2.2562902  -47.605534    -1.5840364   18.937284     0.18183555
  -1.05153     -0.47004083   0.        ]",[0. 0. 0. 0. 0. 0.],"[ 0.10235103  0.816933   -0.03976078  2.5646126   0.52036464  1.9802485
 -1.9237826   1.        ]","[-0.0268789  -0.01503164  0.01941444  0.0043828   0.04064364  0.01831874
  0.01698336  0.        ]",6.9333334,208,24,14608,0,False
209,"[ 0.09794052  0.814842   -0.03615648  2.565455    0.5273515   1.9837474
 -1.9213322   1.        ]","[  2.2562902  -47.605534    -1.5840364   18.937284     0.18183555
  -1.05153     -0.47004083   0.        ]",[0. 0. 0. 0. 0. 0.],"[ 0.10235103  0.816933   -0.03976078  2.5646126   0.52036464  1.9802485
 -1.9237826   1.        ]","[-0.0268789  -0.01503164  0.01941444  0.0043828   0.04064364  0.01831874
  0.01698336  0.        ]",6.9666667,209,24,14609,0,False
210,"[ 0.09629889  0.81390184 -0.03501976  2.5658255   0.529672    1.9848027
 -1.9205018   1.        ]","[-10.165394   -58.163258     9.569192    27.86778      9.083307
  -1.0736384   -0.48753873   0.        ]",[0. 0. 0. 0. 0. 0.],"[ 0.10120438  0.8165054  -0.03882505  2.5647795   0.5221824   1.9809291
 -1.9232035   1.        ]","[-0.02431086 -0.01006675  0.01934596  0.00376647  0.03787015  0.01492892
  0.01270328  0.        ]",7.0,210,24,14610,0,False
211,"[ 0.09582618  0.81337994 -0.03475138  2.565939    0.53022605  1.9851829
 -1.9204164   1.        ]","[-10.126925   -50.988335     9.168587    20.258762     8.597131
  -0.92874247   2.9074805    0.        ]",[0. 0. 0. 0. 0. 0.],"[ 0.100493    0.816304   -0.03820763  2.5648599   0.5233827   1.9813606
 -1.9228717   1.        ]","[-0.02879638 -0.00924497  0.0246875   0.00366375  0.04773146  0.01729153
  0.01359353  0.        ]",7.0333333,211,24,14611,0,False
212,"[ 0.09414131  0.81255263 -0.03336859  2.5662704   0.5326356   1.9870595
 -1.920202    1.        ]","[  1.7674583  -50.624115    -1.6228333   20.190872     1.3362521
  -1.6605725   -0.08453494   0.        ]",[0. 0. 0. 0. 0. 0.],"[ 0.09897819  0.8154603  -0.03699386  2.5651784   0.5257815   1.9827276
 -1.9220012   1.        ]","[-0.02526959 -0.01438107  0.0201335   0.00544426  0.03992459  0.02307819
  0.01458651  0.        ]",7.0666666,212,24,14612,0,False
213,"[ 0.09324401  0.81222415 -0.03247521  2.566383    0.534176    1.9879394
 -1.9200997   1.        ]","[  1.3152083  -51.076366    -1.7374333   20.420073     1.536802
  -1.8985726    0.06946506   0.        ]",[0. 0. 0. 0. 0. 0.],"[ 0.09861004  0.8152034  -0.03671391  2.5652626   0.5263395   1.9830997
 -1.9218018   1.        ]","[-0.02711859 -0.01660671  0.0212292   0.00599211  0.04235568  0.02554352
  0.01527133  0.        ]",7.1,213,24,14613,0,False
214,"[ 0.09122794  0.811478   -0.03065596  2.5667813   0.53738284  1.9892488
 -1.9200127   1.        ]","[  1.5140916  -49.4442      -1.7246816   19.962448     1.594172
  -1.7156113    0.19969673   0.        ]",[0. 0. 0. 0. 0. 0.],"[ 0.09728698  0.8143501  -0.03575134  2.5655618   0.52820325  1.9841831
 -1.9212036   1.        ]","[-0.0329395  -0.02109224  0.02427662  0.00725902  0.04728633  0.02783764
  0.01537405  0.        ]",7.133333,214,24,14614,0,False
215,"[ 0.08942575  0.810851   -0.02901607  2.5669348   0.54037553  1.9908674
 -1.9196708   1.        ]","[-1.1955422e+01 -5.7696434e+01  9.2981186e+00  2.7961246e+01
  8.7691097e+00  1.7305586e+00  2.9940428e-03  0.0000000e+00]",[0. 0. 0. 0. 0. 0.],"[ 0.0956763   0.8134374  -0.03445896  2.5658972   0.53066915  1.9856058
 -1.9208124   1.        ]","[-0.03533634 -0.02116072  0.02776916  0.00777263  0.05303875  0.03146715
  0.00941618  0.        ]",7.1666665,215,24,14615,0,False
216,"[ 0.08858     0.8105748  -0.02820816  2.5669992   0.5418666   1.9914054
 -1.9195244   1.        ]","[  1.1962359  -49.674126    -1.6017097   20.82555      0.91917175
  -1.3339298    0.5658833    0.        ]",[0. 0. 0. 0. 0. 0.],"[ 0.09419217  0.8127874  -0.03319151  2.56616     0.5329893   1.9868464
 -1.9205899   1.        ]","[-0.0404382  -0.01869539  0.03430912  0.00725902  0.06358487  0.0342064
  0.00643724  0.        ]",7.2,216,24,14616,0,False
217,"[ 0.08610202  0.809536   -0.02664673  2.5676918   0.54446596  1.9935476
 -1.9205048   1.        ]","[  1.1124859 -49.322376   -1.6876597  20.82555     1.2486467  -1.5439298
   0.5518833   0.       ]",[0. 0. 0. 0. 0. 0.],"[ 0.09327178  0.8123809  -0.03238809  2.566346    0.5343986   1.9876326
 -1.9204327   1.        ]","[-0.04293777 -0.01886659  0.0369799   0.00801231  0.06659805  0.03619236
  0.00677965  0.        ]",7.233333,217,24,14617,0,False
218,"[ 0.0846282   0.8089309  -0.02534722  2.5677748   0.5465728   1.9952157
 -1.9205133   1.        ]","[  0.84749484 -48.79006     -2.2816377   19.958052     1.0846318
  -1.4668262    0.5764724    0.        ]",[0. 0. 0. 0. 0. 0.],"[ 0.0922306   0.8119264  -0.03145428  2.5665512   0.5359959   1.9885031
 -1.9202256   1.        ]","[-0.04382802 -0.01958565  0.03848648  0.00886833  0.06721438  0.03776743
  0.00814927  0.        ]",7.266667,218,24,14618,0,False
219,"[ 0.08369529  0.80861473 -0.02456014  2.5678146   0.54805017  1.9962167
 -1.9200621   1.        ]","[ 2.2503294e-01 -4.8407871e+01 -1.7541959e+00  1.9531021e+01
  1.0577216e+00 -1.4236082e+00  2.7283370e-03  0.0000000e+00]",[0. 0. 0. 0. 0. 0.],"[ 0.09059882  0.81126875 -0.03001042  2.5667813   0.53863627  1.9898338
 -1.91994     1.        ]","[-0.0404382  -0.01712032  0.03591843  0.00643724  0.06464633  0.03396672
  0.00743022  0.        ]",7.3,219,24,14619,0,False
220,"[ 0.08073405  0.80745924 -0.02239145  2.5683475   0.55181503  1.9981539
 -1.9209809   1.        ]","[-1.1833702e+01 -5.7449501e+01  8.7469349e+00  2.8150291e+01
  8.9943027e+00  1.8239658e+00  3.3697302e-03  0.0000000e+00]",[0. 0. 0. 0. 0. 0.],"[ 0.08958639  0.81093127 -0.02923576  2.566925    0.5399996   1.9906124
 -1.9199303   1.        ]","[-0.04105453 -0.01547677  0.0340352   0.00575243  0.06149619  0.03317918
  0.00424584  0.        ]",7.3333335,220,24,14620,0,False
221,"[ 0.07918151  0.8065275  -0.02129723  2.568251    0.5533471   2.001127
 -1.9213943   1.        ]","[ 2.5802855e+00 -4.9863098e+01 -1.2930721e+00  2.0307182e+01
  1.5108174e+00 -1.6093730e+00  2.8971932e-03  0.0000000e+00]",[0. 0. 0. 0. 0. 0.],"[ 0.08733336  0.81010675 -0.02758097  2.5672588   0.54294485  1.992666
 -1.9199955   1.        ]","[-0.04420467 -0.0157507   0.03246013  0.006403    0.05749004  0.03900009
 -0.00116418  0.        ]",7.366667,221,24,14621,0,False
222,"[ 0.07682709  0.8058141  -0.01931181  2.5685856   0.556825    2.0033967
 -1.921604    1.        ]","[ 2.3290565e+00 -5.0378029e+01 -1.3899846e+00  2.0381411e+01
  1.0706716e+00 -1.6803385e+00  3.4307782e-03  0.0000000e+00]",[0. 0. 0. 0. 0. 0.],"[ 0.08615411  0.8096504  -0.02664141  2.5674293   0.54462457  1.993711
 -1.9201585   1.        ]","[-0.04612214 -0.01766817  0.03561027  0.00667693  0.06389304  0.04266384
 -0.00407464  0.        ]",7.4,222,24,14622,0,False
223,"[ 0.07564776  0.80505294 -0.01860025  2.5685496   0.55791974  2.0055592
 -1.9216987   1.        ]","[-6.6146986e-03 -4.9835899e+01 -1.1020050e+00  2.0625603e+01
  2.1514897e+00 -7.8888917e-01  3.3320142e-03  0.0000000e+00]",[0. 0. 0. 0. 0. 0.],"[ 0.0839797   0.8086993  -0.02486775  2.567738    0.54757744  1.9958068
 -1.9205247   1.        ]","[-0.05252514 -0.02270155  0.04266384  0.0076699   0.07211079  0.05036798
 -0.0087656   0.        ]",7.4333334,223,24,14623,0,False
224,"[ 0.0729427   0.80410206 -0.01652862  2.5688684   0.5611102   2.0087686
 -1.9227463   1.        ]","[ 6.1453336e-01 -4.8249474e+01 -1.2359459e+00  2.0296652e+01
  1.7825727e+00 -1.4174838e+00  3.1948118e-03  0.0000000e+00]",[0. 0. 0. 0. 0. 0.],"[ 0.08273909  0.80811834 -0.02390517  2.5678973   0.5491747   1.9971298
 -1.920728    1.        ]","[-0.05612041 -0.02592017  0.04488948  0.00777263  0.0743022   0.0577982
 -0.00958738  0.        ]",7.4666667,224,24,14624,0,False
225,"[ 0.07193676  0.8038076  -0.01573988  2.5689049   0.5624454   2.0100877
 -1.9225895   1.        ]","[ 1.3694047e+00 -4.6928474e+01 -1.5872960e+00  1.9415113e+01
  1.6419280e+00 -1.0733658e+00  3.0563178e-03  0.0000000e+00]",[0. 0. 0. 0. 0. 0.],"[ 0.08037101  0.80705607 -0.02211233  2.5681677   0.5521679   1.999799
 -1.9210597   1.        ]","[-0.05896239 -0.02739251  0.04495796  0.00715629  0.07495277  0.06704318
 -0.00886833  0.        ]",7.5,225,24,14625,0,False
226,"[ 0.0696372   0.80269605 -0.0143132   2.5690675   0.56440353  2.0141823
 -1.9236588   1.        ]","[-1.1967814e+01 -5.5846466e+01  9.4919291e+00  2.7656199e+01
  9.7154398e+00  2.5422788e+00  3.1857237e-03  0.0000000e+00]",[0. 0. 0. 0. 0. 0.],"[ 0.07937008  0.80663615 -0.02135877  2.5682578   0.553397    2.0010319
 -1.9212074   1.        ]","[-0.06016081 -0.02646802  0.04547158  0.00643724  0.07539789  0.06967971
 -0.00856016  0.        ]",7.5333333,226,24,14626,0,False
227,"[ 0.06838689  0.80245405 -0.01326986  2.5693352   0.5659609   2.015574
 -1.9243611   1.        ]","[  1.4587718  -49.321247    -1.1016945   20.294302     1.2542989
  -1.6311045    0.36249763   0.        ]",[0. 0. 0. 0. 0. 0.],"[ 0.07676232  0.80570996 -0.01942403  2.568459    0.5565263   2.0042648
 -1.921752    1.        ]","[-0.05920207 -0.02229066  0.04399922  0.00479369  0.07122054  0.07478157
 -0.01177878  0.        ]",7.5666666,227,24,14627,0,False
228,"[ 0.06443451  0.8014999  -0.00952205  2.5698018   0.5717659   2.0194755
 -1.9259764   1.        ]","[  2.723762   -50.1062      -2.028613    20.920824     0.77531797
  -1.4251657    0.1788515    0.        ]",[0. 0. 0. 0. 0. 0.],"[ 0.07450353  0.8048989  -0.01775391  2.5686567   0.55915326  2.007145
 -1.9221661   1.        ]","[-0.0609141  -0.02153736  0.04488948  0.00523882  0.07125477  0.07710993
 -0.01140213  0.        ]",7.6,228,24,14628,0,False
229,"[ 0.0620611   0.80030173 -0.00753674  2.5700445   0.5747987   2.0230646
 -1.926619    1.        ]","[-11.203201   -57.95152      9.368607    28.034313     9.07348
   1.4557316   -0.20885766   0.        ]",[0. 0. 0. 0. 0. 0.],"[ 0.07237896  0.8040073  -0.01620843  2.5688732   0.56153095  2.010207
 -1.9228641   1.        ]","[-0.04971741 -0.02078407  0.03632932  0.00496489  0.05567528  0.07173415
 -0.01489468  0.        ]",7.633333,229,24,14629,0,False
230,"[ 0.0599186   0.7992282  -0.00569921  2.5701115   0.577724    2.0264182
 -1.9268323   1.        ]","[  0.92050594 -49.8726      -0.76504683  20.195414     2.152349
  -1.1245056   -0.33607215   0.        ]",[0. 0. 0. 0. 0. 0.],"[ 0.07081239  0.8034704  -0.01496974  2.5690153   0.56347525  2.0120976
 -1.9235065   1.        ]","[-0.05091584 -0.01979109  0.03879465  0.00503337  0.06077714  0.06878945
 -0.01999654  0.        ]",7.6666665,230,24,14630,0,False
231,"[ 0.05769707  0.7972208  -0.00457492  2.5704367   0.579307    2.030591
 -1.9275513   1.        ]","[  0.11650593 -50.09035     -0.7220719   20.797064     2.5677738
  -1.4605057   -0.16807215   0.        ]",[0. 0. 0. 0. 0. 0.],"[ 0.06884506  0.8028165  -0.01327469  2.5692165   0.5660945   2.014577
 -1.9243156   1.        ]","[-0.0631055  -0.02126344  0.05238818  0.00612907  0.08149273  0.07803442
 -0.02592017  0.        ]",7.7,231,24,14631,0,False
232,"[ 0.05595161  0.7964915  -0.00323687  2.5706713   0.58103293  2.0333085
 -1.9287791   1.        ]","[  2.428782  -48.331997   -2.4542627  21.033777    0.5709104  -2.2247305
   0.5260219   0.       ]",[0. 0. 0. 0. 0. 0.],"[ 0.06727848  0.80227965 -0.0119152   2.5694063   0.56812894  2.016387
 -1.9249312   1.        ]","[-0.06728286 -0.02266731  0.05807213  0.00736174  0.08858054  0.08166393
 -0.02722131  0.        ]",7.733333,232,24,14632,0,False
233,"[ 5.3801037e-02  7.9620391e-01 -1.3731855e-03  2.5710721e+00
  5.8375931e-01  2.0367005e+00 -1.9292190e+00  1.0000000e+00]","[  2.2640522 -47.852486   -1.9796108  22.53226     1.0536151  -2.1660757
   0.740067    0.       ]",[0. 0. 0. 0. 0. 0.],"[ 0.06386346  0.8008779  -0.00902364  2.5697975   0.572566    2.0209622
 -1.9259244   1.        ]","[-0.06098258 -0.02502991  0.05163489  0.00698509  0.07923285  0.08169817
 -0.01773665  0.        ]",7.766667,233,24,14633,0,False
234,"[ 5.2409254e-02  7.9561251e-01 -3.2713430e-04  2.5710766e+00
  5.8523357e-01  2.0393527e+00 -1.9297092e+00  1.0000000e+00]","[  1.763778  -49.747982   -1.0238514  17.943502    1.8434674  -1.5067776
   0.5434885   0.       ]",[0. 0. 0. 0. 0. 0.],"[ 0.06241001  0.80014354 -0.00793452  2.5699356   0.57422656  2.023223
 -1.9263462   1.        ]","[-0.06012657 -0.02752948  0.04827931  0.00578667  0.07368586  0.08919688
 -0.01653823  0.        ]",7.8,234,24,14634,0,False
235,"[ 5.0639741e-02  7.9522818e-01  1.0411458e-03  2.5712931e+00
  5.8703667e-01  2.0429769e+00 -1.9302104e+00  1.0000000e+00]","[  1.7327482  -51.72848     -1.897785    21.470943     1.7321727
  -1.4693153    0.24934214   0.        ]",[0. 0. 0. 0. 0. 0.],"[ 0.05944176  0.79858845 -0.00574476  2.5702443   0.5774115   2.0279245
 -1.9274373   1.        ]","[-0.07002211 -0.03721958  0.05153217  0.00729326  0.07587726  0.11258323
 -0.02475598  0.        ]",7.8333335,235,24,14635,0,False
236,"[ 0.04859477  0.7940646   0.00280536  2.5716388   0.58932865  2.0456986
 -1.9323956   1.        ]","[ 7.3710245e-01 -5.0351639e+01 -1.4584918e+00  1.9522343e+01
  2.2624409e+00 -1.8181338e+00  3.4308594e-02  0.0000000e+00]",[0. 0. 0. 0. 0. 0.],"[ 0.05841207  0.7980612  -0.00494325  2.5704033   0.5785562   2.0295966
 -1.9277613   1.        ]","[-0.07139174 -0.03718534  0.0534154   0.00835472  0.07731537  0.1138159
 -0.02526959  0.        ]",7.866667,236,24,14636,0,False
237,"[ 0.04767029  0.7938061   0.00356744  2.571768    0.5903704   2.0474026
 -1.9326566   1.        ]","[  2.416884   -46.40634     -1.9749429   21.257046     0.5200325
  -1.4509811   -0.13181956   0.        ]",[0. 0. 0. 0. 0. 0.],"[ 0.0561111   0.7969567  -0.00320218  2.570762    0.5811045   2.033236
 -1.9284708   1.        ]","[-0.059476   -0.02913879  0.04540309  0.00924497  0.06594748  0.09484658
 -0.01845571  0.        ]",7.9,237,24,14637,0,False
238,"[ 0.04580641  0.793325    0.00526729  2.572095    0.5929226   2.0503232
 -1.9332731   1.        ]","[-11.030395   -46.450565     9.741233    18.184265     8.36333
   1.6953542   -0.41433084   0.        ]",[0. 0. 0. 0. 0. 0.],"[ 5.5064157e-02  7.9653680e-01 -2.4275247e-03  2.5708733e+00
  5.8227229e-01  2.0351112e+00 -1.9288198e+00  1.0000000e+00]","[-0.05564104 -0.02509839  0.04177358  0.0076699   0.06180436  0.09193613
 -0.01715456  0.        ]",7.9333334,238,24,14638,0,False
239,"[ 0.04473272  0.7931796   0.00626319  2.5724273   0.59437734  2.05176
 -1.9340248   1.        ]","[-11.357039  -56.910915    9.474529   27.097878    8.717356    1.6294397
  -2.9660244   0.       ]",[0. 0. 0. 0. 0. 0.],"[ 5.2093986e-02  7.9549557e-01 -7.0946611e-05  2.5711570e+00
  5.8552623e-01  2.0399394e+00 -1.9304171e+00  1.0000000e+00]","[-0.06019505 -0.02177705  0.04732057  0.00588939  0.06601596  0.10111262
 -0.03112474  0.        ]",7.9666667,239,24,14639,0,False
240,"[ 0.04254414  0.7923074   0.0079973   2.5728884   0.59673244  2.0552094
 -1.9350404   1.        ]","[  2.6600842  -48.35826     -1.644359    19.280378     0.92828286
  -2.3994112    0.5166331    0.        ]",[0. 0. 0. 0. 0. 0.],"[ 5.1365346e-02  7.9522330e-01  5.2155345e-04  2.5712471e+00
  5.8630854e-01  2.0412471e+00 -1.9308447e+00  1.0000000e+00]","[-0.05790093 -0.02081831  0.04649879  0.00592363  0.06320823  0.09727766
 -0.03273406  0.        ]",8.0,240,24,14640,0,False
241,"[ 0.04065273  0.7919351   0.00989467  2.573321    0.5995007   2.057532
 -1.9359834   1.        ]","[  2.7275617  -48.321976    -1.597992    17.779701     1.6969519
  -1.947795     0.05556342   0.        ]",[0. 0. 0. 0. 0. 0.],"[ 0.04847763  0.79429716  0.00298551  2.571713    0.5897293   2.045941
 -1.9321984   1.        ]","[-0.04732057 -0.01540829  0.04057516  0.00790959  0.05649706  0.07858227
 -0.0224961   0.        ]",8.033334,241,24,14641,0,False
242,"[ 0.03890673  0.7915562   0.01138111  2.5739782   0.60172373  2.0597048
 -1.9367656   1.        ]","[  0.88652694 -48.253803    -0.6061497   18.623209     2.2676985
  -1.454012    -0.25320882   0.        ]",[0. 0. 0. 0. 0. 0.],"[ 0.04751697  0.7939808   0.00382345  2.5719068   0.5909201   2.0475423
 -1.9326528   1.        ]","[-0.04769722 -0.01503164  0.04184207  0.0087656   0.05899663  0.08015735
 -0.02287275  0.        ]",8.066667,242,24,14642,0,False
243,"[ 0.03800625  0.79139113  0.01224769  2.5741482   0.6030259   2.0610046
 -1.9369822   1.        ]","[  3.2518845  -47.548435    -2.3579652   18.190048     0.7962807
  -1.8200482   -0.23590453   0.        ]",[0. 0. 0. 0. 0. 0.],"[ 0.04542501  0.7932982   0.00562587  2.5723324   0.59351254  2.0507674
 -1.9336748   1.        ]","[-0.05053919 -0.01688064  0.04351986  0.01047764  0.06242069  0.08091064
 -0.02496143  0.        ]",8.1,243,24,14643,0,False
244,"[ 0.03613524  0.791134    0.01382371  2.5748029   0.60524887  2.0639796
 -1.9380245   1.        ]","[-12.39515   -58.048588   10.209524   27.227356    9.37663     2.539412
  -3.8681545   0.       ]",[0. 0. 0. 0. 0. 0.],"[ 0.04417481  0.79298943  0.00673993  2.5726047   0.5951366   2.052681
 -1.9343172   1.        ]","[-0.05523016 -0.01653823  0.04831355  0.01177878  0.06995364  0.08632066
 -0.02807733  0.        ]",8.133333,244,24,14644,0,False
245,"[ 0.0351667   0.79099876  0.01457408  2.5751843   0.6062858   2.0654829
 -1.9384879   1.        ]","[  1.4625185  -48.06044     -1.5402907   18.670122     1.837084
  -1.5426034    0.52258515   0.        ]",[0. 0. 0. 0. 0. 0.],"[ 0.04105891  0.7921668   0.00950109  2.5733755   0.5991595   2.0570912
 -1.93574     1.        ]","[-0.05564104 -0.01468924  0.04930653  0.01376474  0.07183687  0.07875348
 -0.02540656  0.        ]",8.166667,245,24,14645,0,False
246,"[ 0.03327597  0.7910794   0.01620208  2.575909    0.6086403   2.0687263
 -1.9388114   1.        ]","[  1.7526433 -46.57342    -1.195965   18.307373    1.080647   -1.4777489
   0.6421384   0.       ]",[0. 0. 0. 0. 0. 0.],"[ 0.03978188  0.7917757   0.01059789  2.5737112   0.6008028   2.0588477
 -1.9362998   1.        ]","[-0.05173761 -0.01588766  0.044821    0.01414139  0.06659805  0.07327498
 -0.02294123  0.        ]",8.2,246,24,14646,0,False
247,"[ 0.03192106  0.79075116  0.01737262  2.5761817   0.61043173  2.0702593
 -1.9393824   1.        ]","[-10.6388855 -54.12241    10.25012    26.437208    8.787713    1.7326726
  -2.8220346   0.       ]",[0. 0. 0. 0. 0. 0.],"[ 0.03882889  0.79154176  0.01138981  2.5739775   0.6019552   2.0601535
 -1.9367063   1.        ]","[-0.05036798 -0.01492892  0.04276656  0.01400442  0.06372184  0.07115205
 -0.02181129  0.        ]",8.233334,247,24,14647,0,False
248,"[ 0.03063418  0.7908698   0.01859863  2.5768626   0.6119874   2.0720809
 -1.9401796   1.        ]","[  2.6505487  -55.632896    -0.19613202  19.476896     2.3952038
  -1.1999121   -3.0643015    0.        ]",[0. 0. 0. 0. 0. 0.],"[ 0.03702646  0.7913097   0.01292187  2.5744896   0.6040586   2.062696
 -1.9375212   1.        ]","[-0.04146542 -0.0065742   0.0349597   0.01205271  0.04848475  0.05937327
 -0.01893508  0.        ]",8.266666,248,24,14648,0,False
249,"[ 0.0293494   0.790939    0.01995519  2.5772462   0.614076    2.07305
 -1.940961    1.        ]","[  2.7570574  -48.99164     -1.4341549   20.1832       0.7455934
  -1.7298359   -0.08948336   0.        ]",[0. 0. 0. 0. 0. 0.],"[ 0.03534292  0.7912695   0.01440024  2.575038    0.60618126  2.0653806
 -1.9381042   1.        ]","[-0.04139694 -0.00171203  0.03670597  0.01321689  0.05184033  0.06543387
 -0.01595614  0.        ]",8.3,249,24,14649,0,False
250,"[ 0.02844188  0.7912144   0.02083276  2.577844    0.61536235  2.0742905
 -1.9413797   1.        ]","[  1.0903238  -57.09191     -0.58884627  20.15795      1.439944
  -1.4293357   -0.31169254   0.        ]",[0. 0. 0. 0. 0. 0.],"[ 0.03492299  0.7912292   0.01475306  2.575203    0.6067143   2.0660822
 -1.9382442   1.        ]","[-0.04036972 -0.00157507  0.03591843  0.01349081  0.05184033  0.06461209
 -0.01410714  0.        ]",8.333333,250,24,14650,0,False
251,"[ 0.02696962  0.7916293   0.02256951  2.578702    0.6179041   2.0753155
 -1.94252     1.        ]","[-11.566473   -55.38388      9.622664    27.319593     8.605394
   1.6496387   -0.40046018   0.        ]",[0. 0. 0. 0. 0. 0.],"[ 0.03330081  0.7910298   0.01625636  2.5758643   0.60882163  2.068479
 -1.9389786   1.        ]","[-0.03646629 -0.00428008  0.03314494  0.01475772  0.04714936  0.05533288
 -0.01561373  0.        ]",8.366667,251,24,14651,0,False
252,"[ 0.02590413  0.79188716  0.02360548  2.5792968   0.6193662   2.0766842
 -1.9428557   1.        ]","[-11.697984  -55.05766    10.181292   19.028685    9.421782    2.2260191
  -3.534251    0.       ]",[0. 0. 0. 0. 0. 0.],"[ 0.03168437  0.7909569   0.01775583  2.5764627   0.6109692   2.070412
 -1.9398184   1.        ]","[-0.03978763 -0.00243109  0.03615812  0.0149974   0.05132672  0.04961469
 -0.02006502  0.        ]",8.4,252,24,14652,0,False
253,"[ 0.02510957  0.79217726  0.02453056  2.5798576   0.6206112   2.0778832
 -1.9431121   1.        ]","[  2.556922   -53.32435     -1.7281332   18.60711      0.93061316
  -2.2652066    0.50952464   0.        ]",[0. 0. 0. 0. 0. 0.],"[ 0.03024435  0.7909569   0.01910573  2.577034    0.61290395  2.0721223
 -1.9405394   1.        ]","[-0.03845224 -0.00027393  0.03506242  0.01475772  0.05026526  0.04540309
 -0.01948293  0.        ]",8.433333,253,24,14653,0,False
254,"[ 0.02457326  0.7922105   0.02511844  2.5803094   0.62140495  2.0782661
 -1.9438899   1.        ]","[-11.389331  -51.302628   10.112405   27.42778     9.510337    1.2751447
  -2.866051    0.       ]",[0. 0. 0. 0. 0. 0.],"[ 0.02972663  0.7909569   0.01963687  2.5772815   0.6137016   2.072734
 -1.9408365   1.        ]","[-3.4959696e-02 -6.3441317e-16  3.3590071e-02  1.4620754e-02
  4.8792917e-02  4.1465417e-02 -1.8181780e-02  0.0000000e+00]",8.466666,254,24,14654,0,False
255,"[ 0.02352307  0.792328    0.02613665  2.5808427   0.6229932   2.0789711
 -1.944323    1.        ]","[  0.83182555 -35.655804    -0.99702066  19.243572     2.137869
  -1.118443     0.8775805    0.        ]",[0. 0. 0. 0. 0. 0.],"[ 0.02816389  0.7909818   0.02129932  2.5780866   0.61606777  2.0743906
 -1.9417359   1.        ]","[-0.03526786  0.00044513  0.03656901  0.01787362  0.05255939  0.0380756
 -0.02016774  0.        ]",8.5,255,24,14655,0,False
256,"[ 0.02301841  0.79228926  0.02635894  2.5812755   0.6234476   2.0791662
 -1.9442332   1.        ]","[-11.946315  -34.930458   10.260654   27.242447    9.504173    2.2517247
  -2.659486    0.       ]",[0. 0. 0. 0. 0. 0.],"[ 0.0274525   0.79105663  0.02206056  2.57852     0.61716264  2.0751998
 -1.9420676   1.        ]","[-0.03595268  0.00178051  0.03763046  0.01982533  0.05372357  0.03913705
 -0.01879811  0.        ]",8.533334,256,24,14656,0,False
257,"[ 0.02224945  0.79257816  0.0269316   2.5820372   0.6243159   2.0800538
 -1.9442155   1.        ]","[-11.323551  -32.51709    10.777905   27.472338    8.892763    1.9256159
  -3.0816758   0.       ]",[0. 0. 0. 0. 0. 0.],"[ 0.02609301  0.7913577   0.02350442  2.579337    0.6193026   2.0766323
 -1.9428192   1.        ]","[-0.03146715  0.00633452  0.03345311  0.01951717  0.04927228  0.03465153
 -0.01705184  0.        ]",8.566667,257,24,14657,0,False
258,"[ 0.02122704  0.79298556  0.02770439  2.5829365   0.6254554   2.0813746
 -1.9443029   1.        ]","[-10.320821 -36.288616   9.928823  19.983263   8.138057   1.401407
  -3.164232   0.      ]",[0. 0. 0. 0. 0. 0.],"[ 0.02542381  0.79156667  0.02415253  2.5796764   0.6202306   2.0772285
 -1.9431605   1.        ]","[-0.03150139  0.00852592  0.03242589  0.01814754  0.04766297  0.03177532
 -0.01766817  0.        ]",8.6,258,24,14658,0,False
259,"[ 0.01944704  0.7927893   0.02762077  2.5845475   0.6246081   2.084527
 -1.9463611   1.        ]","[  2.296814   -34.279278    -0.18756276  20.21053      1.6659636
  -1.5263109   -3.4555373    0.        ]",[0. 0. 0. 0. 0. 0.],"[ 0.02386107  0.79199237  0.02548901  2.5806541   0.6222056   2.0785267
 -1.9437301   1.        ]","[-0.02992632  0.00821775  0.02646802  0.01855843  0.03906857  0.02499567
 -0.01112821  0.        ]",8.633333,259,24,14659,0,False
260,"[ 0.01882822  0.7928554   0.02777425  2.5849326   0.62480175  2.0854964
 -1.9463847   1.        ]","[ 2.8655305e+00 -3.4885258e+01 -2.5392050e-01  1.9781736e+01
  1.8591865e+00 -1.4318616e+00  3.4480747e-03  0.0000000e+00]",[0. 0. 0. 0. 0. 0.],"[ 0.02333568  0.7921477   0.0259377   2.5810857   0.62286717  2.0790062
 -1.9438604   1.        ]","[-0.02841973  0.00780687  0.02448206  0.02027046  0.03619236  0.02427662
 -0.00862864  0.        ]",8.666667,260,24,14660,0,False
261,"[ 0.0182607   0.793167    0.02800988  2.5856824   0.6250381   2.086661
 -1.9463394   1.        ]","[  1.9376937  -36.394905    10.036753    19.274334     9.196646
  -1.1899861   -0.34587708   0.        ]",[0. 0. 0. 0. 0. 0.],"[ 0.02247665  0.7924334   0.02668935  2.5818794   0.6239812   2.079938
 -1.9440503   1.        ]","[-0.02290699  0.0073275   0.01992805  0.0204759   0.02944695  0.0235918
 -0.00510186  0.        ]",8.7,261,24,14661,0,False
262,"[ 0.01829652  0.79300725  0.02667484  2.5865061   0.62196404  2.089389
 -1.947976    1.        ]","[-11.061503  -31.623602    9.442459   27.426302    8.231936    1.9797169
  -3.827394    0.       ]",[0. 0. 0. 0. 0. 0.],"[ 0.02197236  0.7925618   0.02699806  2.582382    0.62434936  2.0806992
 -1.9443686   1.        ]","[-0.02126344  0.00643724  0.0159219   0.0204759   0.02194825  0.02735827
 -0.00828624  0.        ]",8.733334,262,24,14662,0,False
263,"[ 0.01768609  0.79348993  0.0273227   2.5871809   0.6228377   2.0903037
 -1.9479417   1.        ]","[  0.68898576 -36.91789     -0.86030215  18.4617       1.0133806
  -1.706216     0.3359502    0.        ]",[0. 0. 0. 0. 0. 0.],"[ 0.02030991  0.79276705  0.02747935  2.5838737   0.62461394  2.0833952
 -1.9455172   1.        ]","[-0.02811157  0.00338982  0.00770414  0.02509839  0.00397191  0.04554005
 -0.01924324  0.        ]",8.766666,263,24,14663,0,False
264,"[ 0.01736462  0.7937461   0.02749824  2.5876253   0.62285525  2.0911973
 -1.9481623   1.        ]","[  1.1725106  -34.662766    -0.35453293  18.434336     1.2194645
  -1.3374171    0.42186716   0.        ]",[0. 0. 0. 0. 0. 0.],"[ 0.01984012  0.79282266  0.02753879  2.5842898   0.6246408   2.0841832
 -1.9457914   1.        ]","[-0.02715283  0.0031159   0.00585515  0.0235918   0.00277349  0.04369106
 -0.01688064  0.        ]",8.8,264,24,14664,0,False
265,"[ 0.0173186   0.7943705   0.02665204  2.5893483   0.6205726   2.0935757
 -1.9496139   1.        ]","[  1.7177706  -36.68152     -1.458792    18.637995     0.80909616
  -1.5139563    0.855457     0.        ]",[0. 0. 0. 0. 0. 0.],"[ 0.01901178  0.7930048   0.02753879  2.5853233   0.6241883   2.0864115
 -1.9466158   1.        ]","[-0.02153736  0.0040404   0.00065057  0.02448206 -0.00787535  0.05132672
 -0.01879811  0.        ]",8.833333,265,24,14665,0,False
266,"[ 0.01702754  0.79490685  0.0268475   2.5903287   0.620293    2.0951896
 -1.9499054   1.        ]","[  1.6842706 -36.68152    -1.458792   18.666645    4.0544944  -1.6119562
   0.925457    0.       ]",[0. 0. 0. 0. 0. 0.],"[ 0.01865321  0.79313326  0.02753879  2.585818    0.62395436  2.0874527
 -1.946938    1.        ]","[-2.1194957e-02  5.5469843e-03  1.8338505e-17  2.7289793e-02
 -1.2258150e-02  5.8380295e-02 -2.0475904e-02  0.0000000e+00]",8.866667,266,24,14666,0,False
267,"[ 0.01741233  0.79561603  0.025345    2.5914114   0.61648273  2.097789
 -1.9518826   1.        ]","[ -9.068001   -35.18612      0.7168478   18.607286     4.119101
  -1.1449691    0.65617037   0.        ]",[0. 0. 0. 0. 0. 0.],"[ 0.01798209  0.79346883  0.02747359  2.5868938   0.62311834  2.0895734
 -1.9477414   1.        ]","[-0.01838722  0.00828624 -0.00116418  0.02804309 -0.01910628  0.05646282
 -0.02009926  0.        ]",8.9,267,24,14667,0,False
268,"[ 0.01734848  0.7963332   0.02512828  2.5929618   0.61539316  2.099225
 -1.9529136   1.        ]","[  1.955404   -35.21891     -0.2837573   18.77465      4.1821375
  -1.1569834    0.49362656   0.        ]",[0. 0. 0. 0. 0. 0.],"[ 0.01784211  0.7936625   0.02739498  2.5873787   0.62261593  2.0904188
 -1.9481134   1.        ]","[-0.0129772   0.00886833 -0.00256805  0.0257832  -0.02283851  0.04862171
 -0.01910628  0.        ]",8.933333,268,24,14668,0,False
269,"[ 0.01744199  0.7964301   0.02419608  2.5936158   0.61325663  2.100567
 -1.9543905   1.        ]","[  1.8182602  -34.974224     1.1091218   27.022886     3.7894933
  -0.098        0.07507996   0.        ]",[0. 0. 0. 0. 0. 0.],"[ 0.0175219   0.7942051   0.02704408  2.5888035   0.6212507   2.0927927
 -1.9491316   1.        ]","[-0.00496489  0.00832048 -0.00592363  0.0221537  -0.0203047   0.03663749
 -0.01523709  0.        ]",8.966666,269,24,14669,0,False
270,"[ 0.01754706  0.79664046  0.02346121  2.5944908   0.6111714   2.102912
 -1.9552662   1.        ]","[-3.8512987e-01 -3.3858494e+01  2.7669209e-01  1.8482355e+01
  3.4347181e+00 -1.5371895e+00 -1.1267726e-02  0.0000000e+00]",[0. 0. 0. 0. 0. 0.],"[ 0.01741835  0.7943547   0.02693479  2.589187    0.6208883   2.0934103
 -1.9493982   1.        ]","[-0.0051361   0.00729326 -0.00571819  0.02003078 -0.01797634  0.03174108
 -0.01314841  0.        ]",9.0,270,24,14670,0,False
271,"[ 0.01757742  0.7968817   0.02301451  2.595307    0.6098769   2.10384
 -1.9564025   1.        ]","[  2.054262  -40.49461    -6.7168655  19.01298    -4.461769    2.4616306
  -3.235181    0.       ]",[0. 0. 0. 0. 0. 0.],"[ 0.01737808  0.7948283   0.02638255  2.590144    0.61922586  2.0951283
 -1.9504278   1.        ]","[-0.00212292  0.01068308 -0.01143637  0.02259882 -0.03523362  0.03961642
 -0.02239338  0.        ]",9.033334,271,24,14671,0,False
272,"[ 0.01737386  0.7971744   0.02279001  2.5959866   0.6088736   2.1049435
 -1.9579486   1.        ]","[ -1.4870996 -40.948025    3.6761253  18.706621    3.6572328  -1.2374371
   0.6609389   0.       ]",[0. 0. 0. 0. 0. 0.],"[ 0.01735699  0.79516387  0.02606042  2.590763    0.6182652   2.0961022
 -1.9510645   1.        ]","[-0.0009245   0.0139017  -0.0148262   0.02694739 -0.04502644  0.04595094
 -0.02865942  0.        ]",9.066667,272,24,14672,0,False
273,"[ 0.01720264  0.7974435   0.02262714  2.5965803   0.6081764   2.1057582
 -1.958818    1.        ]","[  1.994109  -32.827354   -6.508257   27.532185    3.9647965  -1.6971561
  -2.2676697   0.       ]",[0. 0. 0. 0. 0. 0.],"[ 0.01733398  0.7957238   0.02534903  2.5919194   0.6162116   2.098014
 -1.9524603   1.        ]","[-0.00071905  0.01486044 -0.01698336  0.02954968 -0.04937501  0.04807386
 -0.0340352   0.        ]",9.1,273,24,14673,0,False
274,"[ 0.01712352  0.7976575   0.02248368  2.5971034   0.60749316  2.106552
 -1.9595752   1.        ]","[ -2.6332726 -40.822124    3.7308478  18.822145    4.189552   -1.927754
   0.9529947   0.       ]",[0. 0. 0. 0. 0. 0.],"[ 0.01733398  0.79590786  0.02500389  2.592437    0.61521643  2.098942
 -1.9530432   1.        ]","[-0.00030817  0.01225815 -0.01756545  0.02811157 -0.05060767  0.04783418
 -0.03335039  0.        ]",9.133333,274,24,14674,0,False
275,"[ 0.01705029  0.79840726  0.02187987  2.599041    0.6051549   2.1084692
 -1.9624339   1.        ]","[-2.6514289e+00 -4.0555359e+01  3.8674130e+00  1.9246244e+01
  3.6928375e+00 -9.6305543e-01 -2.9988950e-02  0.0000000e+00]",[0. 0. 0. 0. 0. 0.],"[ 0.01733398  0.796485    0.02393585  2.5941455   0.6121619   2.1018107
 -1.9552157   1.        ]","[ 1.0006876e-15  1.0306434e-02 -1.9072037e-02  3.0508412e-02
 -5.4545343e-02  5.1224001e-02 -3.8794648e-02  0.0000000e+00]",9.166667,275,24,14675,0,False
276,"[ 0.01680774  0.7984939   0.02206648  2.5991213   0.6053302   2.108504
 -1.9631611   1.        ]","[-2.6514289e+00 -4.0555359e+01  3.8674130e+00  1.9246244e+01
  3.6928375e+00 -9.6305543e-01 -2.9988950e-02  0.0000000e+00]",[0. 0. 0. 0. 0. 0.],"[ 0.01733398  0.796485    0.02393585  2.5941455   0.6121619   2.1018107
 -1.9552157   1.        ]","[ 1.0006876e-15  1.0306434e-02 -1.9072037e-02  3.0508412e-02
 -5.4545343e-02  5.1224001e-02 -3.8794648e-02  0.0000000e+00]",9.2,276,24,14676,0,False
277,"[ 0.01653691  0.79881805  0.02183706  2.5998108   0.6043482   2.1100807
 -1.9644228   1.        ]","[  1.7464097 -41.307354    3.8231246  18.688848    3.8144727  -1.6070967
   0.6073422   0.       ]",[0. 0. 0. 0. 0. 0.],"[ 0.0173244   0.79711205  0.02314394  2.5957525   0.6096212   2.1043992
 -1.9576011   1.        ]","[-0.0001712   0.01040915 -0.0129772   0.02660498 -0.0418763   0.0428008
 -0.03858921  0.        ]",9.233334,277,24,14677,0,False
278,"[ 0.01648515  0.79914695  0.0216877   2.6004696   0.60358393  2.1111605
 -1.9653226   1.        ]","[  0.30665824 -41.538708    -6.0070486   18.811436     3.6255662
  -1.3464394    0.42125112   0.        ]",[0. 0. 0. 0. 0. 0.],"[ 0.01728988  0.7973325   0.02294068  2.5962856   0.60888493  2.1050992
 -1.9584103   1.        ]","[-0.00078753  0.01054612 -0.01136789  0.02626257 -0.03920554  0.03930826
 -0.03876041  0.        ]",9.266666,278,24,14678,0,False
279,"[ 0.01649665  0.799686    0.02140185  2.6015937   0.60232645  2.1122448
 -1.9668773   1.        ]","[ -3.206466   -41.57865     -0.6778087   19.023823     3.3412147
  -0.79235536  -0.21487017   0.        ]",[0. 0. 0. 0. 0. 0.],"[ 0.01710005  0.79786366  0.02256486  2.59753     0.60727423  2.106777
 -1.9605865   1.        ]","[-0.00386919  0.01194998 -0.00866288  0.02818005 -0.03674021  0.03759623
 -0.04704664  0.        ]",9.3,279,24,14679,0,False
280,"[ 0.01665384  0.80059874  0.02084949  2.6026328   0.6004605   2.113423
 -1.9689026   1.        ]","[ -4.3027496  -41.62242     -1.0341872   18.651346     3.506458
  -1.2677553    0.53089005   0.        ]",[0. 0. 0. 0. 0. 0.],"[ 0.01701376  0.7980803   0.02242872  2.5980322   0.6066434   2.107519
 -1.96139     1.        ]","[-0.00472521  0.01260056 -0.00856016  0.02944695 -0.03766471  0.04095181
 -0.04927228  0.        ]",9.333333,280,24,14680,0,False
281,"[ 0.01667955  0.8012388   0.02060605  2.6037238   0.599332    2.114374
 -1.9702898   1.        ]","[ -4.0513167 -41.72995    -0.9493384  18.899963    3.422044   -1.9271756
   0.7048394   0.       ]",[0. 0. 0. 0. 0. 0.],"[ 0.01680859  0.7985597   0.02212192  2.5991483   0.6052513   2.1092005
 -1.9632174   1.        ]","[-0.00520458  0.01242935 -0.00790959  0.0288991  -0.03612388  0.04328017
 -0.04697816  0.        ]",9.366667,281,24,14681,0,False
282,"[ 0.0166406   0.8020468   0.02037925  2.6049173   0.5981238   2.1151469
 -1.9719155   1.        ]","[ -0.3344817  -42.46615      0.1930708   19.179443     4.298853
  -1.4189367    0.16568902   0.        ]",[0. 0. 0. 0. 0. 0.],"[ 0.01663794  0.79913306  0.02178445  2.6003506   0.6037384   2.1106982
 -1.9650255   1.        ]","[-0.00455401  0.01383322 -0.00825199  0.0296524  -0.03721958  0.03848648
 -0.04410195  0.        ]",9.4,282,24,14682,0,False
283,"[ 0.01672794  0.8028637   0.02012613  2.6054199   0.59726787  2.1151311
 -1.9731548   1.        ]","[  1.3721485 -33.60077     1.0427241  27.092083   -3.336714    1.9762261
  -3.0438266   0.       ]",[0. 0. 0. 0. 0. 0.],"[ 0.0165785   0.7997083   0.02142396  2.6013265   0.6023655   2.1118352
 -1.9666439   1.        ]","[-0.00212292  0.01420987 -0.00879985  0.02530384 -0.03465153  0.0296524
 -0.03978763  0.        ]",9.433333,283,24,14683,0,False
284,"[ 0.016953    0.8035579   0.01983987  2.60593     0.5963941   2.1151252
 -1.9741837   1.        ]","[  1.3673677 -41.342724    1.0843345  19.201185   -3.4845836   1.9849355
   0.3611511   0.       ]",[0. 0. 0. 0. 0. 0.],"[ 0.01657658  0.8000458   0.02124563  2.6018922   0.601656    2.1124296
 -1.9675777   1.        ]","[-0.00071905  0.01444955 -0.00828624  0.02437934 -0.03263133  0.02708435
 -0.03947946  0.        ]",9.466666,284,24,14684,0,False
285,"[ 0.01735885  0.80473286  0.01925196  2.6068735   0.5947865   2.1152706
 -1.9755623   1.        ]","[ 6.8178982e-01 -4.0711426e+01  5.9965748e-01  1.8244934e+01
  3.3750212e+00 -1.0601016e+00 -6.1753704e-03  0.0000000e+00]",[0. 0. 0. 0. 0. 0.],"[ 0.01657658  0.8007897   0.02094075  2.6030064   0.60032916  2.113327
 -1.9692651   1.        ]","[-3.4240642e-05  1.7531209e-02 -7.4302196e-03  2.6913146e-02
 -3.2391649e-02  2.3283636e-02 -4.1088771e-02  0.0000000e+00]",9.5,285,24,14685,0,False
286,"[ 0.01747577  0.8052681   0.01908339  2.607498    0.59410614  2.1154745
 -1.9763308   1.        ]","[  0.4758323  -31.225643     0.83522195  26.408344    -4.2433715
   1.9342604   -3.9195406    0.        ]",[0. 0. 0. 0. 0. 0.],"[ 0.01657658  0.80129594  0.02073367  2.6036313   0.5995353   2.113726
 -1.9702775   1.        ]","[ 1.0026702e-15  2.1331921e-02 -8.5259201e-03  2.9344231e-02
 -3.5884194e-02  2.1571605e-02 -4.5711257e-02  0.0000000e+00]",9.533334,286,24,14686,0,False
287,"[ 0.0174434   0.8067107   0.01901828  2.608651    0.5929355   2.1159391
 -1.9790163   1.        ]","[  0.5743966 -32.00174    -7.137539   26.718119   -3.7551157   1.9700701
  -2.450987    0.       ]",[0. 0. 0. 0. 0. 0.],"[ 0.0166667   0.80288744  0.02006063  2.6051347   0.5973206   2.1145024
 -1.9728335   1.        ]","[ 0.00160931  0.02841973 -0.01201847  0.02684466 -0.03954794  0.01386746
 -0.04564278  0.        ]",9.566667,287,24,14687,0,False
288,"[ 0.01759388  0.80760956  0.0187991   2.6096215   0.5919011   2.116249
 -1.9803627   1.        ]","[ -0.6333045 -41.496304    3.307883   18.938107    3.835149   -1.0752363
   0.8063181   0.       ]",[0. 0. 0. 0. 0. 0.],"[ 0.01673957  0.80340135  0.01984779  2.6055584   0.59666103  2.114694
 -1.9735699   1.        ]","[ 0.00291045  0.02896758 -0.01218967  0.02533808 -0.03869193  0.01208695
 -0.04369106  0.        ]",9.6,288,24,14688,0,False
289,"[ 0.01771919  0.8088075   0.0183331   2.61091     0.590635    2.1156483
 -1.9820808   1.        ]","[ 8.1010401e-02 -4.2063705e+01  3.3483028e-01  1.9542377e+01
  3.2520695e+00 -9.1852099e-01  2.9340198e-03  0.0000000e+00]",[0. 0. 0. 0. 0. 0.],"[ 0.01693707  0.8047647   0.01950457  2.606753    0.5951654   2.1151679
 -1.9757442   1.        ]","[ 0.00431432  0.02992632 -0.00811503  0.02581744 -0.03372703  0.01051188
 -0.04598518  0.        ]",9.633333,289,24,14689,0,False
290,"[ 0.01789051  0.809254    0.01795699  2.611579    0.5896342   2.115877
 -1.9828736   1.        ]","[ -0.12968363 -33.43275      0.6332252   27.722687    -4.1669736
   2.048884    -3.3014328    0.        ]",[0. 0. 0. 0. 0. 0.],"[ 0.01705978  0.80534756  0.01936459  2.6073399   0.5945      2.1153843
 -1.9767107   1.        ]","[ 0.00523882  0.03115899 -0.00739598  0.02893334 -0.03465153  0.01112821
 -0.05002558  0.        ]",9.666667,290,24,14690,0,False
291,"[ 0.01836284  0.8103068   0.01716371  2.6130934   0.587617    2.1153157
 -1.9849626   1.        ]","[ 1.2193578e-01 -4.1976803e+01 -1.2500607e-02  1.8366810e+01
  3.4767182e+00 -1.0138553e+00  1.4255227e+00  0.0000000e+00]",[0. 0. 0. 0. 0. 0.],"[ 0.01730906  0.80648464  0.01906546  2.6085553   0.5931712   2.1156566
 -1.9786339   1.        ]","[ 0.00571819  0.02677618 -0.00671117  0.02824853 -0.03033721  0.00712205
 -0.04506069  0.        ]",9.7,291,24,14691,0,False
292,"[ 0.01835641  0.8108885   0.01712561  2.6137824   0.58723843  2.115262
 -1.9858063   1.        ]","[  0.41207498 -31.483633     1.0892173   27.560888     2.696936
  -0.9082176   -3.1192794    0.        ]",[0. 0. 0. 0. 0. 0.],"[ 0.0174452   0.8070906   0.01882961  2.6092744   0.5923486   2.1156988
 -1.9796559   1.        ]","[ 0.00592363  0.02749524 -0.0085944   0.03081658 -0.03355583  0.00445128
 -0.04643031  0.        ]",9.733334,292,24,14692,0,False
293,"[ 0.01867455  0.81180197  0.01652959  2.6149316   0.58544385  2.1155863
 -1.9874619   1.        ]","[  0.302512   -40.4646       3.2595282   19.736004     3.876969
  -0.92674154  -0.05820353   0.        ]",[0. 0. 0. 0. 0. 0.],"[ 0.01781527  0.8085958   0.01807413  2.6110213   0.5900802   2.1157143
 -1.9820585   1.        ]","[ 0.00715629  0.0290703  -0.01475772  0.033864   -0.04365682  0.00041089
 -0.04653303  0.        ]",9.766666,293,24,14693,0,False
294,"[ 0.01886987  0.81263274  0.01623687  2.6161277   0.5842519   2.1156964
 -1.9891597   1.        ]","[  0.302512   -40.4646       3.2595282   19.736004     3.876969
  -0.92674154  -0.05820353   0.        ]",[0. 0. 0. 0. 0. 0.],"[ 0.01781527  0.8085958   0.01807413  2.6110213   0.5900802   2.1157143
 -1.9820585   1.        ]","[ 0.00715629  0.0290703  -0.01475772  0.033864   -0.04365682  0.00041089
 -0.04653303  0.        ]",9.8,294,24,14694,0,False
295,"[ 0.01882339  0.81283593  0.01626682  2.616122    0.5841564   2.1157954
 -1.9896753   1.        ]","[  0.19636144 -41.272778     3.265332    19.898003     3.2097297
  -0.77292395   0.3115228    0.        ]",[0. 0. 0. 0. 0. 0.],"[ 0.01810097  0.81007034  0.01744903  2.6127777   0.5881723   2.1156797
 -1.9845052   1.        ]","[ 0.00479369  0.02448206 -0.01037491  0.02937847 -0.03170684 -0.00061633
 -0.03971915  0.        ]",9.833333,295,24,14695,0,False
296,"[ 0.01901149  0.8138823   0.01593265  2.6176229   0.58281404  2.1161628
 -1.9915082   1.        ]","[ -0.27213922 -40.640194    -6.654944    27.26954      2.9164898
  -0.9086069   -0.08697316   0.        ]",[0. 0. 0. 0. 0. 0.],"[ 0.01831381  0.81082773  0.01706554  2.6138265   0.5870046   2.115672
 -1.9859587   1.        ]","[ 0.00616332  0.02441358 -0.01147061  0.03273406 -0.0351309  -0.00047937
 -0.04358834  0.        ]",9.866667,296,24,14696,0,False
297,"[ 0.01933721  0.81490433  0.01527298  2.6188395   0.58077914  2.116918
 -1.9936104   1.        ]","[-2.7213922e-01 -4.0506195e+01 -6.4687190e+00  2.6495991e+01
  3.2746148e+00 -9.0860689e-01 -2.9731626e-03  0.0000000e+00]",[0. 0. 0. 0. 0. 0.],"[ 0.01853432  0.81161964  0.01673957  2.6148312   0.5858196   2.115672
 -1.9874216   1.        ]","[ 0.00729326  0.02602289 -0.0118815   0.03448033 -0.03958218 -0.00010272
 -0.0481081   0.        ]",9.9,297,24,14697,0,False
298,"[ 0.01942033  0.81554747  0.01517152  2.6193426   0.5800175   2.1171305
 -1.9952203   1.        ]","[  0.08199188 -40.42147      0.2681828   18.059391     3.755468
  -0.9831781    0.7622804    0.        ]",[0. 0. 0. 0. 0. 0.],"[ 0.01865321  0.81213355  0.01655549  2.6154563   0.58507943  2.115674
 -1.9885128   1.        ]","[ 6.0605938e-03  2.3317877e-02 -9.1080107e-03  2.9104546e-02
 -3.4377605e-02  3.4240642e-05 -4.5608535e-02  0.0000000e+00]",9.933333,298,24,14698,0,False
299,"[ 0.01956727  0.8165292   0.01494301  2.620329    0.5786894   2.1174188
 -1.997548    1.        ]","[  0.18651062 -39.578907     0.78006643  26.971827    -3.878718
   2.5898366    0.314213     0.        ]",[0. 0. 0. 0. 0. 0.],"[ 0.01881428  0.81293505  0.01626787  2.616469    0.5839136   2.1158082
 -1.9899719   1.        ]","[ 0.00465673  0.02205097 -0.00787535  0.02752948 -0.03187804  0.00243109
 -0.0415339   0.        ]",9.966666,299,24,14699,0,False
300,"[ 0.01968934  0.8169552   0.01474744  2.6208014   0.5779711   2.1176193
 -1.9983863   1.        ]","[  0.16251299 -31.166769     0.7621549   27.10772     -4.1401324
  -0.9355655   -3.559361     0.        ]",[0. 0. 0. 0. 0. 0.],"[ 0.01891207  0.81347     0.01603393  2.6170979   0.5831006   2.116065
 -1.9910764   1.        ]","[ 0.00428008  0.02235914 -0.00862864  0.02739251 -0.03314494  0.00695085
 -0.0428008   0.        ]",10.0,300,24,14700,0,False
301,"[ 0.01994899  0.8181368   0.01430793  2.6224496   0.5761061   2.1182163
 -2.0011904   1.        ]","[ -0.08342519 -39.515686     0.21062961  18.696386     3.1037488
  -0.9527909    0.1339649    0.        ]",[0. 0. 0. 0. 0. 0.],"[ 0.01909231  0.8144019   0.01566194  2.6181638   0.58168167  2.1165197
 -1.9930993   1.        ]","[ 0.0043828   0.02314667 -0.00931345  0.02660498 -0.03523362  0.01140213
 -0.04906684  0.        ]",10.033334,301,24,14701,0,False
302,"[ 0.02005976  0.81827605  0.01427783  2.622378    0.5758665   2.1185236
 -2.0015328   1.        ]","[ -0.0766101  -39.554024     0.5300016   18.767918     3.1166294
  -0.99310154  -0.07185774   0.        ]",[0. 0. 0. 0. 0. 0.],"[ 0.0193109   0.8153779   0.01532063  2.6191783   0.5802455   2.1169395
 -1.9951913   1.        ]","[ 0.00534154  0.02431086 -0.00845744  0.0257832  -0.03595268  0.01075156
 -0.05262787  0.        ]",10.066667,302,24,14702,0,False
303,"[ 0.02030532  0.8192055   0.01399856  2.6237283   0.57428837  2.1192832
 -2.003794    1.        ]","[  0.13305226 -32.148823     0.7329184   27.268124    -3.4181032
   1.8742992   -3.6276517    0.        ]",[0. 0. 0. 0. 0. 0.],"[ 0.01954675  0.81636345  0.01498124  2.6202712   0.5787652   2.1173768
 -1.9971989   1.        ]","[ 0.00633452  0.02667346 -0.00924497  0.0287279  -0.03982187  0.01160758
 -0.05478503  0.        ]",10.1,303,24,14703,0,False
304,"[ 0.02041075  0.8195817   0.01387597  2.6243033   0.5736194   2.1196349
 -2.0046568   1.        ]","[  0.43621495 -41.09722      0.4022489   18.979517     4.134686
  -1.1407545    0.26200157   0.        ]",[0. 0. 0. 0. 0. 0.],"[ 0.01965796  0.8168371   0.01482592  2.620785    0.57806724  2.117597
 -1.9982171   1.        ]","[ 0.00619756  0.02605713 -0.00883409  0.02869366 -0.03889737  0.01174454
 -0.05403173  0.        ]",10.133333,304,24,14704,0,False
305,"[ 0.02065046  0.82034975  0.01365309  2.6252744   0.57228905  2.1204045
 -2.0068326   1.        ]","[ -0.06966228 -41.104855     0.4721156   18.897585     3.5671084
  -1.0201471    0.37157765   0.        ]",[0. 0. 0. 0. 0. 0.],"[ 0.01984971  0.8176827   0.01453639  2.6217725   0.5767557   2.1181476
 -2.0002458   1.        ]","[ 0.00458825  0.02023622 -0.00667693  0.02311243 -0.03095354  0.01229239
 -0.04632759  0.        ]",10.166667,305,24,14705,0,False
306,"[ 0.02070468  0.82062525  0.01355154  2.625702    0.571666    2.1209247
 -2.007814    1.        ]","[  0.4354099  -40.852856     0.3235897   18.3948       3.4766977
  -1.1490474   -0.11675051   0.        ]",[0. 0. 0. 0. 0. 0.],"[ 0.02004913  0.81844205  0.01425835  2.6228426   0.5754192   2.1187956
 -2.002121    1.        ]","[ 0.00479369  0.01879811 -0.00664268  0.02598865 -0.03263133  0.01554525
 -0.04643031  0.        ]",10.2,306,24,14706,0,False
307,"[ 0.02079522  0.82157385  0.01334614  2.6271563   0.5701782   2.1218297
 -2.0103438   1.        ]","[  0.63528705 -41.389214     0.30790338  17.971891     3.8303022
  -1.2615813    1.2354819    0.        ]",[0. 0. 0. 0. 0. 0.],"[ 0.02028306  0.81921285  0.0139784   2.623853    0.5740904   2.1194687
 -2.0041268   1.        ]","[ 0.00520458  0.01770241 -0.006403    0.02369452 -0.03030297  0.01561373
 -0.0459167   0.        ]",10.233334,307,24,14707,0,False
308,"[ 0.02093674  0.82196414  0.01325139  2.6277442   0.56956446  2.121934
 -2.0115469   1.        ]","[ -0.88049453 -40.70611      0.37701532  19.17696      3.2480955
  -0.8291233    0.49850145   0.        ]",[0. 0. 0. 0. 0. 0.],"[ 0.02039427  0.81958866  0.01386719  2.6243382   0.57344806  2.1198425
 -2.0051525   1.        ]","[ 0.00527306  0.0181133  -0.00582091  0.02328364 -0.03002904  0.01640127
 -0.04803962  0.        ]",10.266666,308,24,14708,0,False
309,"[ 0.02099754  0.8224533   0.01319208  2.6285026   0.5688225   2.1224613
 -2.012785    1.        ]","[ -0.88049453 -40.806606     0.37701532  19.076685     3.1478205
  -0.8431233    0.23250146   0.        ]",[0. 0. 0. 0. 0. 0.],"[ 0.02046139  0.8198475   0.01380774  2.6246872   0.57301277  2.1200957
 -2.0057547   1.        ]","[ 0.00534154  0.01866115 -0.00551274  0.02410541 -0.03133019  0.01729153
 -0.04803962  0.        ]",10.3,309,24,14709,0,False
310,"[ 0.02102253  0.82316405  0.01305293  2.629467    0.56772923  2.123294
 -2.0145955   1.        ]","[  0.26862675 -41.108467     0.39527512  18.868298     3.6296887
  -0.82896084  -0.05954791   0.        ]",[0. 0. 0. 0. 0. 0.],"[ 0.02062821  0.8206548   0.01360257  2.6258051   0.5716763   2.1208742
 -2.0079002   1.        ]","[ 0.00417736  0.0190378  -0.00472521  0.02619409 -0.03163835  0.01842147
 -0.04906684  0.        ]",10.333333,310,24,14710,0,False
311,"[ 0.02102543  0.8241421   0.01336423  2.6305451   0.5666403   2.1248958
 -2.0184486   1.        ]","[ -0.3230832  -40.646465     0.37470898  19.159412     3.3112156
  -0.7840739    0.22477001   0.        ]",[0. 0. 0. 0. 0. 0.],"[ 0.02067039  0.8208868   0.0135393   2.6261501   0.5712947   2.1210814
 -2.008535    1.        ]","[ 0.00338982  0.01715456 -0.00445128  0.02427662 -0.02831701  0.01619582
 -0.04485524  0.        ]",10.366667,311,24,14711,0,False
312,"[ 0.02106171  0.8243774   0.01316216  2.6309316   0.5661449   2.1249788
 -2.0188358   1.        ]","[ -0.3333854 -40.259113    0.1803282  17.936068    3.328114   -0.9274007
   0.906203    0.       ]",[0. 0. 0. 0. 0. 0.],"[ 0.02080845  0.8216634   0.01334563  2.6274388   0.5699947   2.1217926
 -2.010857    1.        ]","[ 0.00232836  0.01294296 -0.00321862  0.02160585 -0.02174281  0.01194998
 -0.03787015  0.        ]",10.4,312,24,14712,0,False
313,"[ 0.02106977  0.8247297   0.01330123  2.631338    0.5659583   2.1251116
 -2.019835    1.        ]","[  0.47089678 -40.04496      0.63992995  18.533657     2.9482756
  -0.97004706   0.21084455   0.        ]",[0. 0. 0. 0. 0. 0.],"[ 0.02084296  0.82194144  0.01329003  2.6278317   0.5695709   2.1220708
 -2.0115569   1.        ]","[ 0.00215716  0.01342233 -0.00304742  0.021058   -0.02160585  0.01284024
 -0.03591843  0.        ]",10.433333,313,24,14713,0,False
314,"[ 0.02111652  0.8253427   0.01317846  2.6321547   0.56510246  2.1256495
 -2.021379    1.        ]","[ 2.9352129e-01 -4.0496967e+01  5.5630213e-01  1.9009726e+01
  2.7697682e+00 -1.3309565e+00 -2.1035175e-03  0.0000000e+00]",[0. 0. 0. 0. 0. 0.],"[ 0.0209235   0.8226432   0.01321141  2.6287005   0.56858146  2.1228838
 -2.0135627   1.        ]","[ 0.00184899  0.0157507  -0.00198596  0.01996229 -0.02259882  0.01773665
 -0.04314321  0.        ]",10.466666,314,24,14714,0,False
315,"[ 0.02108064  0.8257015   0.01321532  2.6325126   0.5648005   2.1258783
 -2.0222986   1.        ]","[  0.39094758 -32.38317      0.6622179   27.203403    -4.3461914
   1.680106    -2.693088     0.        ]",[0. 0. 0. 0. 0. 0.],"[ 0.0209561   0.8229443   0.01320182  2.6290839   0.56816155  2.1232538
 -2.01446     1.        ]","[ 0.00188324  0.01681216 -0.00140387  0.02095527 -0.02362604  0.02003078
 -0.04845051  0.        ]",10.5,315,24,14715,0,False
316,"[ 0.02111209  0.8262021   0.0132366   2.6330383   0.56444806  2.1258156
 -2.0234458   1.        ]","[ -0.07889525 -32.97333      0.4485647   27.247986    -3.8462706
   1.5620441   -2.9688244    0.        ]",[0. 0. 0. 0. 0. 0.],"[ 0.0210117  0.8237515  0.0131999  2.6300771  0.5671453  2.1240993
 -2.016922   1.       ]","[ 0.00143811  0.01859267 -0.00013696  0.02300971 -0.02386573  0.0201335
 -0.05591497  0.        ]",10.533334,316,24,14716,0,False
317,"[ 0.02116578  0.8266924   0.01312815  2.6337955   0.5636889   2.1262217
 -2.0246418   1.        ]","[  0.24633819 -33.06874      0.65555376  27.410055    -3.6769032
   1.5210961   -3.5168371    0.        ]",[0. 0. 0. 0. 0. 0.],"[ 0.02102321  0.82400656  0.0131999   2.6303897   0.5668193   2.1243505
 -2.0175798   1.        ]","[ 1.0957005e-03  1.7839374e-02 -3.4240642e-05  2.1845531e-02
 -2.2393379e-02  1.8250262e-02 -5.0847355e-02  0.0000000e+00]",10.566667,317,24,14717,0,False
318,"[ 0.02119487  0.82704604  0.01310329  2.6342144   0.563247    2.126466
 -2.025548    1.        ]","[ -0.28137723 -41.371952     0.2201881   19.171179     3.8214626
  -1.0071518    0.7179059    0.        ]",[0. 0. 0. 0. 0. 0.],"[ 0.02103855  0.8249825   0.0131999   2.6315978   0.5656746   2.1250696
 -2.0203774   1.        ]","[ 2.05443852e-04  1.52713265e-02  1.13996118e-17  1.89350750e-02
 -1.76681709e-02  1.08542833e-02 -4.30062488e-02  0.00000000e+00]",10.6,318,24,14718,0,False
319,"[ 0.02117141  0.8274777   0.01307034  2.6348755   0.56270707  2.1267936
 -2.0266747   1.        ]","[ -0.28137723 -41.371952     0.2201881   19.171179     3.8214626
  -1.0071518    0.7179059    0.        ]",[0. 0. 0. 0. 0. 0.],"[ 0.02103855  0.8249825   0.0131999   2.6315978   0.5656746   2.1250696
 -2.0203774   1.        ]","[ 2.05443852e-04  1.52713265e-02  1.13996118e-17  1.89350750e-02
 -1.76681709e-02  1.08542833e-02 -4.30062488e-02  0.00000000e+00]",10.633333,319,24,14719,0,False
320,"[ 0.02117175  0.8280626   0.01317523  2.635607    0.5621775   2.1273997
 -2.0279067   1.        ]","[-5.1013970e-01 -4.1617516e+01  1.4447398e-01  1.8580832e+01
  3.6007271e+00 -5.3149849e-01 -2.8823389e-02  0.0000000e+00]",[0. 0. 0. 0. 0. 0.],"[ 0.02109032  0.8260391   0.0131999   2.6329803   0.5644359   2.1257427
 -2.0230963   1.        ]","[ 8.9025672e-04  1.6880637e-02  1.1399612e-17  2.2119455e-02
 -1.9551408e-02  1.0854283e-02 -4.3280173e-02  0.0000000e+00]",10.666667,320,24,14720,0,False
321,"[ 0.02132653  0.8285117   0.01288243  2.6362784   0.56113964  2.1280766
 -2.0287132   1.        ]","[ -0.5101397  -41.299267     0.14447398  18.423258     3.514777
  -0.5314985    0.1671766    0.        ]",[0. 0. 0. 0. 0. 0.],"[ 0.02110566  0.8263727   0.01319799  2.6334329   0.564039    2.1259708
 -2.0239725   1.        ]","[ 9.5873798e-04  1.6949117e-02 -3.4240642e-05  2.2598824e-02
 -1.9654129e-02  1.1128209e-02 -4.3348655e-02  0.0000000e+00]",10.7,321,24,14721,0,False
322,"[ 0.02127425  0.82914263  0.01307525  2.6370044   0.56090826  2.1283169
 -2.0298526   1.        ]","[  0.39668104 -32.738163     0.5727981   26.129292    -3.6207008
  -0.30556384  -2.7212725    0.        ]",[0. 0. 0. 0. 0. 0.],"[ 0.02112483  0.82701504  0.01317498  2.634336    0.563272    2.126433
 -2.0256753   1.        ]","[ 0.00051361  0.01629855 -0.00044513  0.02277003 -0.01907204  0.01157334
 -0.04324593  0.        ]",10.733334,322,24,14722,0,False
323,"[ 0.02122859  0.82948685  0.01318236  2.637453    0.56071573  2.1287055
 -2.03041     1.        ]","[  0.07389097 -40.65427      0.43946797  18.11066      3.3430133
  -0.42813647   0.27033573   0.        ]",[0. 0. 0. 0. 0. 0.],"[ 0.02113059  0.8274235   0.01313855  2.6348882   0.56275237  2.1268644
 -2.0265765   1.        ]","[ 0.00027393  0.0139017  -0.00099298  0.0190378  -0.0170176   0.01260056
 -0.03307646  0.        ]",10.766666,323,24,14723,0,False
324,"[ 0.02123027  0.8295551   0.01348323  2.637156    0.56111544  2.129185
 -2.0302093   1.        ]","[ 9.7237956e-03 -4.0652180e+01  4.5077837e-01  1.8094517e+01
  3.1941454e+00 -6.2259793e-01 -1.1291908e-01  0.0000000e+00]",[0. 0. 0. 0. 0. 0.],"[ 0.02118236  0.82788754  0.01305226  2.6354806   0.5620812   2.1273954
 -2.027474    1.        ]","[ 0.00099298  0.01157334 -0.00191748  0.01513436 -0.01660671  0.01349081
 -0.02277003  0.        ]",10.8,324,24,14724,0,False
325,"[ 0.02138027  0.83022356  0.0133546   2.6380038   0.560349    2.129771
 -2.0308578   1.        ]","[ -0.07020196 -40.77703      0.352932    18.108673     3.384492
  -0.88590825  -0.29679963   0.        ]",[0. 0. 0. 0. 0. 0.],"[ 0.02121304  0.82820773  0.01302158  2.6358871   0.5617399   2.127689
 -2.028122    1.        ]","[ 0.00140387  0.01239511 -0.00184899  0.01605886 -0.0160931   0.01304568
 -0.0243451   0.        ]",10.833333,325,24,14725,0,False
326,"[ 0.02142677  0.8307566   0.01336775  2.6385827   0.5602097   2.1297169
 -2.031343    1.        ]","[-3.8166780e-02 -4.1621910e+01  3.4194872e-01  1.8200455e+01
  3.4217696e+00 -1.1168666e+00  4.6500875e-04  0.0000000e+00]",[0. 0. 0. 0. 0. 0.],"[ 0.02124947  0.8287293   0.01301966  2.6364317   0.56139094  2.1281586
 -2.0289638   1.        ]","[ 0.00095874  0.01335385 -0.00030817  0.0148262  -0.01027219  0.01201847
 -0.02277003  0.        ]",10.866667,326,24,14726,0,False
327,"[ 0.02140625  0.8309611   0.01345111  2.6387532   0.5602621   2.1299326
 -2.0315275   1.        ]","[-1.8427335e-01 -4.1708187e+01  3.5046116e-01  1.8568964e+01
  1.0763056e+00 -1.1455683e+00  3.6400683e-02  0.0000000e+00]",[0. 0. 0. 0. 0. 0.],"[ 0.02126097  0.8289613   0.01303308  2.6366272   0.5612817   2.1284368
 -2.0292935   1.        ]","[ 0.00078753  0.01242935  0.00023968  0.01191574 -0.00725902  0.01242935
 -0.01896932  0.        ]",10.9,327,24,14727,0,False
328,"[ 0.02134496  0.83158296  0.01387373  2.6390028   0.56046504  2.1306107
 -2.0320058   1.        ]","[-1.27788335e-02 -4.14399567e+01  4.11389768e-01  1.89619656e+01
  1.11767054e+00  1.58783281e+00 -2.93919373e+00  0.00000000e+00]",[0. 0. 0. 0. 0. 0.],"[ 0.02129357  0.829433    0.01310595  2.6371257   0.5609288   2.128989
 -2.0299206   1.        ]","[ 0.00078753  0.01256632  0.00154083  0.01239511 -0.00825199  0.0148262
 -0.01708608  0.        ]",10.933333,328,24,14728,0,False
329,"[ 0.02132669  0.83207464  0.01392946  2.6396616   0.56021523  2.1308327
 -2.0325608   1.        ]","[ -0.40860286 -33.553997     0.3181101   27.100496     1.168133
   1.4545953   -2.8344114    0.        ]",[0. 0. 0. 0. 0. 0.],"[ 0.02131083  0.82974744  0.01315005  2.6374326   0.56074476  2.1292114
 -2.0302715   1.        ]","[ 0.00085602  0.01318265  0.00191748  0.01359353 -0.00907377  0.01277176
 -0.0162643   0.        ]",10.966666,329,24,14729,0,False
330,"[ 0.02136565  0.83270603  0.01448549  2.6396544   0.5606197   2.1318455
 -2.0332224   1.        ]","[  0.59025735 -42.39314      0.57262427  18.842844     1.0407131
  -0.8465317    0.20015146   0.        ]",[0. 0. 0. 0. 0. 0.],"[ 0.02133     0.8303956   0.01319032  2.6381269   0.5604897   2.1296217
 -2.0309272   1.        ]","[ 0.00034241  0.01157334  0.00071905  0.01239511 -0.00455401  0.0073275
 -0.0117103   0.        ]",11.0,330,24,14730,0,False
331,"[ 0.02149587  0.83335024  0.01460888  2.6403744   0.5600013   2.1333742
 -2.033595    1.        ]","[  0.46177527 -41.6645       0.55468047  18.774883     1.0995826
  -1.2186313   -0.4526826    0.        ]",[0. 0. 0. 0. 0. 0.],"[ 0.02134151  0.83144826  0.01375214  2.638913    0.5604667   2.1305995
 -2.0319512   1.        ]","[ 1.3696257e-04  1.3593535e-02  7.9780696e-03  9.7928233e-03
 -3.4240642e-05  1.3353851e-02 -1.3490813e-02  0.0000000e+00]",11.033334,331,24,14731,0,False
332,"[ 0.02147821  0.8335358   0.01522787  2.6400425   0.55986774  2.1363463
 -2.0349677   1.        ]","[  0.30453137 -41.288696     0.4950857   18.887043     1.1158087
  -0.73967683  -0.65955245   0.        ]",[0. 0. 0. 0. 0. 0.],"[ 0.02136068  0.83227855  0.01416439  2.6394708   0.56043607  2.1315584
 -2.0326855   1.        ]","[ 0.00034241  0.01325113  0.00667693  0.00921073 -0.00054785  0.01588766
 -0.01140213  0.        ]",11.066667,332,24,14732,0,False
333,"[ 0.0214611   0.8340801   0.01553151  2.6407707   0.55984694  2.136944
 -2.0355275   1.        ]","[ -0.13117878 -32.890514     0.3686854   26.75571      1.1139135
  -0.6208116   -0.6506009    0.        ]",[0. 0. 0. 0. 0. 0.],"[ 0.02136643  0.8325086   0.01424876  2.6396837   0.56037086  2.13189
 -2.0328639   1.        ]","[ 0.00037665  0.01191574  0.00499913  0.0096901  -0.00171203  0.01578494
 -0.00927921  0.        ]",11.1,333,24,14733,0,False
334,"[ 0.02135575  0.83434284  0.01594069  2.6410565   0.559845    2.13854
 -2.0362914   1.        ]","[  0.81507915 -33.03796      0.6670656   18.23328      1.0950669
  -1.5452614   -0.36335462   0.        ]",[0. 0. 0. 0. 0. 0.],"[ 0.02139711  0.83301294  0.01468595  2.6399887   0.5601216   2.1340933
 -2.0338974   1.        ]","[ 0.00051361  0.00821775  0.00753294  0.00486217 -0.0042116   0.0380756
 -0.01766817  0.        ]",11.133333,334,24,14734,0,False
335,"[ 0.02117805  0.8346996   0.0164905   2.6416407   0.55980015  2.1407835
 -2.0371873   1.        ]","[ -0.3866867  -38.01526      0.28056908  26.53954      1.1515702
   1.6388954   -2.9482255    0.        ]",[0. 0. 0. 0. 0. 0.],"[ 0.02141821  0.8336112   0.01520175  2.6404393   0.559972    2.136095
 -2.0350518   1.        ]","[ 0.00034241  0.00992979  0.00866288  0.0076699  -0.00243109  0.03362431
 -0.01910628  0.        ]",11.166667,335,24,14735,0,False
336,"[ 0.02109544  0.83484     0.01660972  2.6418946   0.55974865  2.1412327
 -2.0374684   1.        ]","[ 1.3493424e-02 -4.1129333e+01 -9.6005547e-01  1.8999136e+01
  1.0906602e+00 -8.1634998e-01  6.4713126e-01  0.0000000e+00]",[0. 0. 0. 0. 0. 0.],"[ 0.02142204  0.8340349   0.01560825  2.640767    0.55989724  2.1374507
 -2.03579     1.        ]","[ 6.84812840e-05  1.04091549e-02  1.00325085e-02  8.38895701e-03
 -1.98595738e-03  3.44460867e-02 -1.86953917e-02  0.00000000e+00]",11.2,336,24,14736,0,False
337,"[ 0.02103266  0.83499455  0.01676523  2.6421444   0.55967003  2.1417162
 -2.0379386   1.        ]","[  0.29656988 -34.523838     0.5215559   18.944006     1.1046933
  -0.9343723    0.6736557    0.        ]",[0. 0. 0. 0. 0. 0.],"[ 0.02142204  0.83418643  0.01574823  2.6408782   0.55988955  2.1378515
 -2.035999    1.        ]","[ 6.8481284e-05  9.3476959e-03  9.0737706e-03  7.2590164e-03
 -1.3696257e-03  2.9036066e-02 -1.5134364e-02  0.0000000e+00]",11.233334,337,24,14737,0,False
338,"[ 0.02102138  0.83514994  0.01677327  2.6425183   0.5589395   2.1437345
 -2.0387642   1.        ]","[ 1.7774528e-02 -3.5936726e+01  3.9844796e-01  2.6877193e+01
  1.1095670e+00  2.1718059e+00 -2.9949458e+00  0.0000000e+00]",[0. 0. 0. 0. 0. 0.],"[ 0.02142204  0.8344798   0.01615857  2.6413481   0.55985695  2.1394448
 -2.0366817   1.        ]","[ 1.0026702e-15  4.6567274e-03  6.8823691e-03  7.9780696e-03
 -5.8209093e-04  2.7187070e-02 -1.1299412e-02  0.0000000e+00]",11.266666,338,24,14738,0,False
339,"[ 0.02084849  0.83529216  0.0170816   2.6425462   0.55905795  2.144776
 -2.0393178   1.        ]","[ 1.7774528e-02 -3.5936726e+01  3.9844796e-01  2.7020443e+01
  1.1095670e+00  1.7378057e+00 -3.1489456e+00  0.0000000e+00]",[0. 0. 0. 0. 0. 0.],"[ 0.02142204  0.83458143  0.01629471  2.6415246   0.5598282   2.14007
 -2.03695     1.        ]","[ 1.0026702e-15  4.6567274e-03  7.0535722e-03  9.0052886e-03
 -1.0957005e-03  3.0542653e-02 -1.2669038e-02  0.0000000e+00]",11.3,339,24,14739,0,False
340,"[ 0.02056763  0.83567744  0.01755892  2.6429613   0.55924386  2.1459696
 -2.0404437   1.        ]","[  0.13329163 -35.484604     0.4655314   27.403902     1.1515692
   1.9134622   -3.4088583    0.        ]",[0. 0. 0. 0. 0. 0.],"[ 0.02135877  0.8348307   0.01653823  2.6418736   0.5597055   2.1412723
 -2.037554    1.        ]","[-0.00112994  0.00585515  0.00633452  0.00879985 -0.00260229  0.02992632
 -0.01441531  0.        ]",11.333333,340,24,14740,0,False
341,"[ 0.02051281  0.8357235   0.01766653  2.6428766   0.5586246   2.1485338
 -2.0411756   1.        ]","[  0.31844017 -35.621574     0.51176906  27.174042     1.1424648
   1.8616041   -3.4759264    0.        ]",[0. 0. 0. 0. 0. 0.],"[ 0.02128974  0.83495915  0.01665711  2.6420422   0.5595521   2.1420815
 -2.037976    1.        ]","[-0.0023626   0.00582091  0.00541002  0.00808079 -0.00475945  0.03211772
 -0.01612734  0.        ]",11.366667,341,24,14741,0,False
342,"[ 0.02042168  0.8358629   0.01767515  2.6432104   0.5582273   2.1496043
 -2.0416794   1.        ]","[  0.69078463 -35.667606     0.6016722   27.280659     1.1431131
  -0.8710745   -3.619559     0.        ]",[0. 0. 0. 0. 0. 0.],"[ 0.0211325   0.8351528   0.01689488  2.642301    0.55940634  2.1433642
 -2.038718    1.        ]","[-0.00369799  0.00493065  0.00571819  0.0065742  -0.00448552  0.03287102
 -0.01821602  0.        ]",11.4,342,24,14742,0,False
343,"[ 0.02013774  0.8363566   0.01807766  2.6440349   0.5587132   2.1489272
 -2.0422118   1.        ]","[ -0.9644431  -34.659985     0.18821603  19.131983     1.0322081
  -1.0945196   -0.20574306   0.        ]",[0. 0. 0. 0. 0. 0.],"[ 0.02105005  0.8352238   0.01700226  2.6423893   0.5593661   2.1439357
 -2.039021    1.        ]","[-0.00428008  0.00472521  0.00616332  0.00619756 -0.00332134  0.0331107
 -0.01866115  0.        ]",11.433333,343,24,14743,0,False
344,"[ 0.02025174  0.8364109   0.01804287  2.64436     0.5581611   2.1500876
 -2.042582    1.        ]","[ -0.44187742 -35.37842      0.29169127  19.22188      1.0520675
  -1.1646811    0.799569     0.        ]",[0. 0. 0. 0. 0. 0.],"[ 0.02068957  0.8355996   0.01746245  2.6428034   0.55879277  2.1473603
 -2.0407276   1.        ]","[-0.00397191  0.00407464  0.00475945  0.00496489 -0.00790959  0.0406094
 -0.01896932  0.        ]",11.466666,344,24,14744,0,False
345,"[ 0.0203674   0.8364306   0.01793229  2.6446035   0.55774665  2.1505246
 -2.0427833   1.        ]","[ -0.6690347  -34.853477     0.24052797  19.690334     1.0235251
  -1.4700702    0.89951146   0.        ]",[0. 0. 0. 0. 0. 0.],"[ 0.02051316  0.83582205  0.01763311  2.6431506   0.5585972   2.1483977
 -2.0413182   1.        ]","[-0.00431432  0.00520458  0.0042116   0.00804655 -0.0062318   0.03026873
 -0.01595614  0.        ]",11.5,345,24,14745,0,False
346,"[ 0.02027978  0.8366843   0.01823737  2.6451604   0.55810505  2.1500692
 -2.042869    1.        ]","[  0.8821623  -36.06429      0.65275085  27.451431     1.1575525
  -1.2250005   -2.510823     0.        ]",[0. 0. 0. 0. 0. 0.],"[ 0.02042495  0.8359678   0.01774624  2.643394    0.5585972   2.1485913
 -2.0415673   1.        ]","[-0.00445128  0.00630028  0.00482793  0.01010099 -0.00284197  0.019209
 -0.0137305   0.        ]",11.533334,346,24,14746,0,False
347,"[ 0.02023653  0.83680844  0.01826647  2.6454358   0.55800205  2.150231
 -2.0430586   1.        ]","[  0.5071568  -35.849693     0.5487536   19.625221     1.1425574
  -1.1810198    0.31178942   0.        ]",[0. 0. 0. 0. 0. 0.],"[ 0.02033675  0.83617485  0.01787855  2.643862    0.5583882   2.1492758
 -2.0420294   1.        ]","[-0.0023626   0.00523882  0.0034583   0.01095701 -0.00373223  0.01424411
 -0.0106146   0.        ]",11.566667,347,24,14747,0,False
348,"[ 0.02032153  0.83676046  0.01806187  2.645755    0.5575127   2.1504335
 -2.0431755   1.        ]","[ -0.32572153 -34.922203     0.3639428   19.60464      1.1001751
   1.5817528   -2.99533      0.        ]",[0. 0. 0. 0. 0. 0.],"[ 0.02032908  0.83623815  0.01789964  2.6440382   0.55824244  2.1495595
 -2.0421867   1.        ]","[-0.00147235  0.00445128  0.00243109  0.01085428 -0.00633452  0.01670943
 -0.01047764  0.        ]",11.6,348,24,14748,0,False
349,"[ 0.02006657  0.83689946  0.01827086  2.6462035   0.5578949   2.1499362
 -2.043054    1.        ]","[ 6.1487421e-02 -3.5771095e+01  4.1640344e-01  2.6998997e+01
  1.0956545e+00 -8.9735103e-01  3.7564475e-03  0.0000000e+00]",[0. 0. 0. 0. 0. 0.],"[ 0.02031182  0.8364471   0.0180166   2.6446424   0.5580929   2.149918
 -2.042551    1.        ]","[-0.00030817  0.00373223  0.00208868  0.0107858  -0.00267077  0.006403
 -0.00650572  0.        ]",11.633333,349,24,14749,0,False
350,"[ 0.02003837  0.83699477  0.01817811  2.6466088   0.5576492   2.150018
 -2.0431027   1.        ]","[ 2.7038160e-01 -3.5036591e+01  5.0651836e-01  1.8752056e+01
  1.1071489e+00 -8.6545920e-01  3.3850460e-03  0.0000000e+00]",[0. 0. 0. 0. 0. 0.],"[ 0.02030607  0.83652383  0.01806646  2.6449337   0.55804497  2.1499815
 -2.0426621   1.        ]","[-0.00020544  0.00335558  0.00212292  0.01095701 -0.00157507  0.0032871
 -0.00499913  0.        ]",11.666667,350,24,14750,0,False
351,"[ 0.01990117  0.83708847  0.01824793  2.6470737   0.5577376   2.1497653
 -2.0430863   1.        ]","[-3.6806163e-01 -3.6339081e+01  3.8172108e-01  1.8432034e+01
  1.1327058e+00 -9.3728262e-01  3.3039476e-03  0.0000000e+00]",[0. 0. 0. 0. 0. 0.],"[ 0.02027731  0.83662164  0.0181144   2.6453595   0.55798745  2.1500082
 -2.042781    1.        ]","[-0.00061633  0.00263653  0.00147235  0.01143637 -0.00157507  0.0010957
 -0.00338982  0.        ]",11.7,351,24,14751,0,False
352,"[ 0.01986917  0.83715194  0.01824605  2.6472456   0.5577015   2.1498013
 -2.043036    1.        ]","[ 8.6789787e-01 -3.4385582e+01  6.3103139e-01  2.6754116e+01
  1.1101567e+00 -8.2608670e-01  3.8027070e-03  0.0000000e+00]",[0. 0. 0. 0. 0. 0.],"[ 0.02024471  0.8366753   0.01812974  2.6456048   0.55793375  2.1500142
 -2.0428367   1.        ]","[-0.00112994  0.00284197  0.00123266  0.01277176 -0.00205444  0.00065057
 -0.00332134  0.        ]",11.733334,352,24,14752,0,False
353,"[ 0.01967993  0.83743817  0.01859557  2.6478243   0.5581169   2.1491911
 -2.0433698   1.        ]","[-8.9773762e-01 -3.6368732e+01  2.1166213e-01  1.8075417e+01
  1.0877192e+00 -9.6763462e-01  3.3294915e-03  0.0000000e+00]",[0. 0. 0. 0. 0. 0.],"[ 0.02015651  0.836798    0.01815658  2.6461494   0.5578091   2.15002
 -2.0429192   1.        ]","[-0.0020202   0.0029447   0.00068481  0.01318265 -0.00297894  0.0001712
 -0.0021914   0.        ]",11.766666,353,24,14753,0,False
354,"[ 0.0194556   0.8376619   0.0190209   2.6480541   0.55882853  2.1485856
 -2.0434554   1.        ]","[-8.4230341e-02 -3.5538792e+01  4.1660121e-01  1.7976818e+01
  1.1073029e+00 -9.0662837e-01  3.4350962e-03  0.0000000e+00]",[0. 0. 0. 0. 0. 0.],"[ 0.02007022  0.8368862   0.01817192  2.6465387   0.5577746   2.15002
 -2.0429652   1.        ]","[-2.3968450e-03  2.4310856e-03  4.7936899e-04  1.1299412e-02
 -1.3353850e-03  3.1720659e-17 -1.3353850e-03  0.0000000e+00]",11.8,354,24,14754,0,False
355,"[ 0.01951898  0.8377447   0.01887251  2.6485848   0.55890125  2.1478522
 -2.042383    1.        ]","[ 4.7995687e-01 -3.4859539e+01  5.7560998e-01  2.6001139e+01
  1.1319146e+00 -8.7909210e-01  3.4561907e-03  0.0000000e+00]",[0. 0. 0. 0. 0. 0.],"[ 0.01999927  0.83695906  0.01818343  2.646786    0.557765    2.1500025
 -2.0429978   1.        ]","[-0.00239685  0.00253381  0.00041089  0.0096901  -0.00058209 -0.00030817
 -0.00112994  0.        ]",11.833333,355,24,14755,0,False
356,"[ 0.01940631  0.83780277  0.01868597  2.6489432   0.55926996  2.1458855
 -2.0406451   1.        ]","[-5.2921635e-01 -3.5726654e+01  3.3698213e-01  1.8187109e+01
  1.1256448e+00 -1.0244526e+00  3.3758942e-03  0.0000000e+00]",[0. 0. 0. 0. 0. 0.],"[ 0.01989381  0.83711827  0.01830231  2.6471179   0.557765    2.1497016
 -2.0430746   1.        ]","[-0.00280773  0.00376647  0.00229412  0.00903953 -0.00010272 -0.00568395
 -0.00181475  0.        ]",11.866667,356,24,14756,0,False
357,"[ 0.01929932  0.83811736  0.0188987   2.6492288   0.5594558   2.1456194
 -2.040588    1.        ]","[ 4.6932369e-01 -3.4918285e+01  5.1418519e-01  2.6697437e+01
  1.0692140e+00 -3.5816102e+00  3.5588997e-03  0.0000000e+00]",[0. 0. 0. 0. 0. 0.],"[ 0.01976342  0.83737326  0.01853049  2.6476488   0.5580296   2.1490111
 -2.0430765   1.        ]","[-0.00342406  0.00636876  0.00564971  0.01294296  0.00472521 -0.01623007
 -0.00065057  0.        ]",11.9,357,24,14757,0,False
358,"[ 0.01928376  0.838305    0.01893168  2.6494317   0.55944276  2.1453822
 -2.0408127   1.        ]","[-1.1228020e-01 -3.5366386e+01  3.0952749e-01  2.6295527e+01
  1.0338519e+00 -4.5137349e-01  3.9708321e-03  0.0000000e+00]",[0. 0. 0. 0. 0. 0.],"[ 0.0197059   0.8374749   0.01862061  2.6478713   0.5581868   2.1487103
 -2.0430572   1.        ]","[-0.00335558  0.00636876  0.00568395  0.01345657  0.00753294 -0.01770241
  0.00030817  0.        ]",11.933333,358,24,14758,0,False
359,"[ 0.0190524   0.8388742   0.01935825  2.6498547   0.55998755  2.1441505
 -2.0418892   1.        ]","[  0.6126442  -33.9755       0.58517814  18.346525     1.0721047
  -3.4293337    3.3321738    0.        ]",[0. 0. 0. 0. 0. 0.],"[ 0.01954483  0.8376724   0.01873566  2.6485176   0.55875826  2.1471167
 -2.0418415   1.        ]","[-0.00273925  0.00321862  0.00184899  0.01088852  0.0096901  -0.02701587
  0.021058    0.        ]",11.966666,359,24,14759,0,False
360,"[ 0.01882346  0.8393952   0.01993251  2.6501799   0.56094426  2.1429164
 -2.0418568   1.        ]","[  0.6126442  -33.9755       0.58517814  18.346525     1.0721047
  -3.4293337    3.3321738    0.        ]",[0. 0. 0. 0. 0. 0.],"[ 0.01954483  0.8376724   0.01873566  2.6485176   0.55875826  2.1471167
 -2.0418415   1.        ]","[-0.00273925  0.00321862  0.00184899  0.01088852  0.0096901  -0.02701587
  0.021058    0.        ]",12.0,360,24,14760,0,False
361,"[ 0.01877572  0.83997464  0.02019487  2.6505563   0.5612027   2.142118
 -2.0425234   1.        ]","[-4.6889490e-01 -3.3113667e+01  3.8300908e-01  1.7973337e+01
  1.1952113e+00 -5.5009711e-01  2.8837365e-03  0.0000000e+00]",[0. 0. 0. 0. 0. 0.],"[ 0.01931857  0.83816516  0.01899643  2.6492002   0.55936223  2.1456134
 -2.0415616   1.        ]","[-0.00383495  0.0084232   0.00458825  0.01147061  0.01016947 -0.02475598
  0.00342406  0.        ]",12.033334,361,24,14761,0,False
362,"[ 0.01868729  0.84042233  0.02053822  2.6509223   0.5616335   2.141285
 -2.0427597   1.        ]","[ 5.3817946e-01 -3.2679852e+01  5.3070343e-01  2.6390717e+01
  8.7230139e+00 -3.8182902e+00  3.8236140e-03  0.0000000e+00]",[0. 0. 0. 0. 0. 0.],"[ 0.01922461  0.8384164   0.01917284  2.6494033   0.5596518   2.1450555
 -2.0415616   1.        ]","[-0.0043828   0.01092277  0.00698509  0.01143637  0.01232663 -0.02691315
  0.00030817  0.        ]",12.066667,362,24,14762,0,False
363,"[ 0.01850322  0.8406601   0.0208936   2.6507905   0.5620916   2.141485
 -2.0427818   1.        ]","[-5.0446707e-01 -4.1079659e+01  3.4340325e-01  1.8609148e+01
  1.5285466e+00 -5.2569741e-01  2.6584107e-03  0.0000000e+00]",[0. 0. 0. 0. 0. 0.],"[ 0.01904821  0.83899164  0.01953525  2.6497927   0.56022894  2.143901
 -2.0417898   1.        ]","[-0.00417736  0.012806    0.00849168  0.00910801  0.01352505 -0.02609137
 -0.00407464  0.        ]",12.1,363,24,14763,0,False
364,"[ 0.01866126  0.8407725   0.02095372  2.6507514   0.5620453   2.141686
 -2.0427237   1.        ]","[ 6.8392351e-02 -3.2750320e+01  4.5053044e-01  2.6629131e+01
  8.5615892e+00 -3.3621588e+00  4.0089930e-03  0.0000000e+00]",[0. 0. 0. 0. 0. 0.],"[ 0.01896384  0.83931565  0.01974425  2.6500342   0.5605319   2.143301
 -2.0419912   1.        ]","[-0.00373223  0.01335385  0.00838896  0.00958738  0.01266904 -0.025612
 -0.00722478  0.        ]",12.133333,364,24,14764,0,False
365,"[ 0.01858984  0.8410466   0.02121513  2.6508763   0.5623679   2.1415095
 -2.0426712   1.        ]","[ 1.0355446e+00 -3.2720791e+01  6.8083727e-01  2.6740431e+01
  8.6396637e+00 -3.3022447e+00  4.5352597e-03  0.0000000e+00]",[0. 0. 0. 0. 0. 0.],"[ 0.01885646  0.83973366  0.02004721  2.6503181   0.5609614   2.1425915
 -2.04225     1.        ]","[-0.00287621  0.01140213  0.00780687  0.00804655  0.01105973 -0.01992805
 -0.00691661  0.        ]",12.166667,365,24,14765,0,False
366,"[ 0.01851804  0.84115857  0.02141716  2.6508884   0.5626399   2.1414933
 -2.0426874   1.        ]","[-3.6619991e-01 -3.1643356e+01  4.1657934e-01  1.8355776e+01
  1.3986098e+00 -4.6202889e-01  2.4665676e-03  0.0000000e+00]",[0. 0. 0. 0. 0. 0.],"[ 0.01878743  0.8400117   0.02031757  2.650462    0.561297    2.1422865
 -2.0423727   1.        ]","[-0.00246533  0.00938194  0.00814927  0.00527306  0.0107858  -0.01236087
 -0.00482793  0.        ]",12.2,366,24,14766,0,False
367,"[ 0.01838383  0.8413389   0.02177528  2.650931    0.56298864  2.1416917
 -2.0430033   1.        ]","[-1.9681171e-01 -3.7157337e+01  3.8272730e-01  2.6468187e+01
  8.2726498e+00 -8.8184625e-01  3.7423929e-03  0.0000000e+00]",[0. 0. 0. 0. 0. 0.],"[ 0.01872799  0.8404067   0.02067231  2.6506114   0.5617112   2.1419625
 -2.0424993   1.        ]","[-0.00160931  0.00948466  0.00890257  0.00386919  0.01037491 -0.00825199
 -0.00338982  0.        ]",12.233334,367,24,14767,0,False
368,"[ 0.01835804  0.8414387   0.02204362  2.6509485   0.5629882   2.1425004
 -2.0434375   1.        ]","[ 3.1269592e-01 -3.2769428e+01  5.9176826e-01  1.8536406e+01
  1.1261461e+00 -9.4351470e-01  3.0103358e-03  0.0000000e+00]",[0. 0. 0. 0. 0. 0.],"[ 0.01870498  0.84060997  0.02082379  2.6506574   0.56189334  2.1418514
 -2.0425415   1.        ]","[-0.0012669   0.00921073  0.00777263  0.0029447   0.00924497 -0.00636876
 -0.00239685  0.        ]",12.266666,368,24,14768,0,False
369,"[ 0.01851405  0.8409671   0.02226284  2.6499028   0.5627387   2.1463153
 -2.042581    1.        ]","[ 2.8736001e-01 -3.3899368e+01  5.6661582e-01  1.8498432e+01
  1.1251506e+00 -9.0916049e-01  3.2474906e-03  0.0000000e+00]",[0. 0. 0. 0. 0. 0.],"[ 0.01864362  0.8408669   0.0210769   2.6507304   0.5622097   2.1417537
 -2.0426297   1.        ]","[-0.00140387  0.00688237  0.00630028  0.00184899  0.00787535 -0.0029447
 -0.0020202   0.        ]",12.3,369,24,14769,0,False
370,"[ 0.01838453  0.84106296  0.02255096  2.6498783   0.5632124   2.1462076
 -2.0424778   1.        ]","[-1.3712919e-01 -3.5862595e+01  4.0291515e-01  2.6402206e+01
  1.1077443e+00 -9.4238067e-01  3.8763867e-03  0.0000000e+00]",[0. 0. 0. 0. 0. 0.],"[ 0.0185976   0.84097046  0.02122838  2.6507647   0.5623612   2.1417575
 -2.0427313   1.        ]","[-0.00184899  0.00588939  0.00681389  0.00181475  0.00777263 -0.00140387
 -0.00321862  0.        ]",12.333333,370,24,14770,0,False
371,"[ 0.0182638   0.8412626   0.02270014  2.6499639   0.5635657   2.14557
 -2.042189    1.        ]","[-5.1849838e-02 -3.3560081e+01  5.4783720e-01  1.3447093e+01
  1.1635484e+00 -1.0940300e+00  3.1489511e-03  0.0000000e+00]",[0. 0. 0. 0. 0. 0.],"[ 0.0185324   0.841074    0.02159845  2.6507783   0.5625798   2.1427698
 -2.0428061   1.        ]","[-0.00164355  0.00297894  0.00818351  0.00061633  0.00537578  0.01818178
 -0.00249957  0.        ]",12.366667,371,24,14771,0,False
372,"[ 0.01820957  0.84138733  0.02286296  2.6501484   0.5636246   2.1459248
 -2.042383    1.        ]","[-6.39065504e-01 -3.58309135e+01  2.67682195e-01  1.44461775e+01
  1.09179640e+00  1.97979140e+00  3.41747142e-03  0.00000000e+00]",[0. 0. 0. 0. 0. 0.],"[ 0.01851707  0.8410874   0.02175185  2.650759    0.56267184  2.1433623
 -2.0428061   1.        ]","[-0.00130114  0.00181475  0.00879985 -0.00023968  0.00506762  0.02852246
 -0.00078753  0.        ]",12.4,372,24,14772,0,False
373,"[ 0.01813709  0.8414374   0.02295938  2.650289    0.5636255   2.1465597
 -2.0423589   1.        ]","[-1.7764705e-01 -3.5592728e+01  4.3239459e-01  1.4294103e+01
  1.1202927e+00 -1.3070474e+00  3.3106131e-03  0.0000000e+00]",[0. 0. 0. 0. 0. 0.],"[ 0.01842503  0.8411219   0.02224272  2.6505635   0.56308985  2.1446757
 -2.0426507   1.        ]","[-0.00157507  0.00058209  0.00811503 -0.00335558  0.00705357  0.02126344
  0.00277349  0.        ]",12.433333,373,24,14773,0,False
374,"[ 0.01850557  0.8415613   0.02257046  2.6506681   0.562795    2.1462803
 -2.0427275   1.        ]","[-4.5766237e-01 -3.7213387e+01  3.0027094e-01  1.5057659e+01
  1.1049811e+00  1.6266012e+00  3.4933994e-03  0.0000000e+00]",[0. 0. 0. 0. 0. 0.],"[ 0.01838668  0.8411545   0.02236927  2.6504753   0.5631972   2.1449556
 -2.0425894   1.        ]","[-0.00188324  0.00099298  0.00725902 -0.00417736  0.00653996  0.01646975
  0.00380071  0.        ]",12.466666,374,24,14774,0,False
375,"[ 0.01854488  0.84161896  0.02260796  2.650503    0.5628767   2.1464243
 -2.042159    1.        ]","[ 6.7608577e-01 -3.6668686e+01  5.7168186e-01  1.4791089e+01
  1.1405923e+00  1.6018933e+00  3.3726043e-03  0.0000000e+00]",[0. 0. 0. 0. 0. 0.],"[ 0.0183119   0.84125423  0.02256486  2.650366    0.5633429   2.14551
 -2.042507    1.        ]","[-0.00188324  0.00229412  0.00534154 -0.00325286  0.00417736  0.01397018
  0.00232836  0.        ]",12.5,375,24,14775,0,False
376,"[ 0.01902805  0.8417929   0.0221174   2.65053     0.56174964  2.1470954
 -2.0423539   1.        ]","[ 3.2884717e-01 -3.4241711e+01  5.6286711e-01  1.3572612e+01
  1.1054046e+00 -1.4176313e+00  3.4898031e-03  0.0000000e+00]",[0. 0. 0. 0. 0. 0.],"[ 0.01829847  0.84130794  0.02261471  2.6503563   0.56334484  2.1456997
 -2.0424955   1.        ]","[-0.00147235  0.00260229  0.00400616 -0.00184899  0.00229412  0.01239511
  0.00143811  0.        ]",12.533334,376,24,14776,0,False
377,"[ 0.01923023  0.84195936  0.02194188  2.6506546   0.5613174   2.1473355
 -2.042552    1.        ]","[ 5.1237905e-01 -3.4254955e+01  5.9955055e-01  1.3585776e+01
  1.1077343e+00 -8.2352418e-01  3.5800510e-03  0.0000000e+00]",[0. 0. 0. 0. 0. 0.],"[ 0.01829847  0.84144217  0.02264731  2.6503563   0.5633276   2.1460526
 -2.0424552   1.        ]","[ 1.0036614e-15  2.3968450e-03  5.8209093e-04  0.0000000e+00
 -3.0816579e-04  6.3002780e-03  7.1905350e-04  0.0000000e+00]",12.566667,377,24,14777,0,False
378,"[ 0.01948208  0.84224504  0.02176935  2.6507456   0.5609065   2.1470582
 -2.043013    1.        ]","[ 5.1237905e-01 -3.4254955e+01  5.9955055e-01  1.3585776e+01
  1.1077343e+00 -8.2352418e-01  3.5800510e-03  0.0000000e+00]",[0. 0. 0. 0. 0. 0.],"[ 0.01829847  0.84144217  0.02264731  2.6503563   0.5633276   2.1460526
 -2.0424552   1.        ]","[ 1.0036614e-15  2.3968450e-03  5.8209093e-04  0.0000000e+00
 -3.0816579e-04  6.3002780e-03  7.1905350e-04  0.0000000e+00]",12.6,378,24,14778,0,False
379,"[ 0.01965716  0.8423406   0.02173309  2.650855    0.5605455   2.146996
 -2.04289     1.        ]","[ 2.8806815e-01 -3.4902256e+01  5.4865247e-01  1.3901452e+01
  1.1224701e+00 -8.6807203e-01  3.5879367e-03  0.0000000e+00]",[0. 0. 0. 0. 0. 0.],"[ 0.01829847  0.8415265   0.02265114  2.6503563   0.56302273  2.1463344
 -2.0423613   1.        ]","[ 1.0036614e-15  2.1229198e-03  1.7120321e-04  0.0000000e+00
 -5.7524280e-03  6.7111659e-03  2.2941229e-03  0.0000000e+00]",12.633333,379,24,14779,0,False
380,"[ 0.01977174  0.84240836  0.02169721  2.6509855   0.56012726  2.1470544
 -2.0429153   1.        ]","[-5.8297908e-01 -3.5837955e+01  3.4194022e-01  1.4347762e+01
 -3.5239758e+00 -9.5236582e-01  3.3997332e-03  0.0000000e+00]",[0. 0. 0. 0. 0. 0.],"[ 0.01850364  0.84165114  0.02252076  2.6503563   0.5623919   2.1467237
 -2.0423536   1.        ]","[ 0.00366375  0.00277349 -0.00232836  0.         -0.01462075  0.00914225
  0.00054785  0.        ]",12.666667,380,24,14780,0,False
381,"[ 0.02007957  0.84243876  0.0214685   2.6511211   0.55963826  2.146872
 -2.0426235   1.        ]","[-4.6186317e-02 -3.5601719e+01  4.6171552e-01  1.4223476e+01
 -3.7213292e+00 -9.0401411e-01  3.5514245e-03  0.0000000e+00]",[0. 0. 0. 0. 0. 0.],"[ 0.01877209  0.8418314   0.02238461  2.6503794   0.56189716  2.1468866
 -2.0424073   1.        ]","[ 0.00667693  0.00424584 -0.00386919  0.00041089 -0.01366202  0.00554698
 -0.00095874  0.        ]",12.7,381,24,14781,0,False
382,"[ 0.02036437  0.8425099   0.02094916  2.65141     0.5589968   2.1461022
 -2.0421999   1.        ]","[-2.7903483e+00 -3.8162895e+01 -1.7033227e-01  1.5412612e+01
 -3.7718582e+00 -9.8386759e-01  3.5427320e-03  0.0000000e+00]",[0. 0. 0. 0. 0. 0.],"[ 0.01890823  0.8419177   0.02227532  2.6504064   0.5616728   2.1469135
 -2.0424936   1.        ]","[ 0.00681389  0.00441704 -0.00428008  0.00089026 -0.0118815   0.00273925
 -0.00249957  0.        ]",12.733334,382,24,14782,0,False
383,"[ 0.02048237  0.84254175  0.02086945  2.6515508   0.558834    2.1458042
 -2.0420375   1.        ]","[-9.0416121e-01 -3.6419411e+01  2.5848374e-01  2.6124865e+01
 -3.6292510e+00 -9.2294675e-01  3.6268672e-03  0.0000000e+00]",[0. 0. 0. 0. 0. 0.],"[ 0.01924954  0.8421056   0.02203563  2.6505175   0.5610036   2.1469557
 -2.0426488   1.        ]","[ 0.00763566  0.0042116  -0.0054785   0.00229412 -0.01451803  0.00099298
 -0.00366375  0.        ]",12.766666,383,24,14783,0,False
384,"[ 0.02058462  0.8425744   0.02080822  2.6516662   0.5585876   2.1457999
 -2.042104    1.        ]","[ 1.5412054e+00 -3.4595043e+01  8.2169670e-01  1.8419901e+01
  3.6145186e+00 -8.7471616e-01  3.5409534e-03  0.0000000e+00]",[0. 0. 0. 0. 0. 0.],"[ 0.01944321  0.8421842   0.02192059  2.6506171   0.56064886  2.1469672
 -2.042693    1.        ]","[ 0.00743022  0.00352679 -0.00479369  0.00349255 -0.01427835  0.00061633
 -0.00239685  0.        ]",12.8,384,24,14784,0,False
385,"[ 0.02052231  0.84272337  0.02105237  2.6517496   0.5588683   2.1456146
 -2.0424273   1.        ]","[ 1.1102301e+00 -3.5193455e+01  6.9624341e-01  1.8906403e+01
  3.6326029e+00 -9.1315711e-01  3.6449777e-03  0.0000000e+00]",[0. 0. 0. 0. 0. 0.],"[ 0.01978835  0.8423069   0.02161762  2.650878    0.5600123   2.1469383
 -2.0426986   1.        ]","[ 0.00722478  0.00256805 -0.00606059  0.0051361  -0.01325113 -0.00051361
 -0.00023968  0.        ]",12.833333,385,24,14785,0,False
386,"[ 0.02072715  0.8428697   0.0209135   2.6520336   0.55850637  2.1454406
 -2.0425277   1.        ]","[ 1.4238869e-01 -3.5435707e+01  4.8148224e-01  1.8854885e+01
  3.5975800e+00 -9.0858686e-01  3.5412319e-03  0.0000000e+00]",[0. 0. 0. 0. 0. 0.],"[ 0.01993983  0.8423529   0.02146039  2.651018    0.5597285   2.14676
 -2.04267     1.        ]","[ 0.00698509  0.0021914  -0.00684813  0.00585515 -0.01301144 -0.00369799
  0.00051361  0.        ]",12.866667,386,24,14786,0,False
387,"[ 0.020965    0.8430359   0.02086108  2.6524339   0.5582435   2.144783
 -2.0428886   1.        ]","[-1.1670218e+00 -3.5054279e+01  2.1651359e-01  2.6910589e+01
 -3.5739865e+00 -8.6738700e-01  3.0945179e-03  0.0000000e+00]",[0. 0. 0. 0. 0. 0.],"[ 0.02015842  0.84242773  0.02124755  2.6512635   0.5593277   2.146415
 -2.042532    1.        ]","[ 0.00612907  0.00198596 -0.00612907  0.00650572 -0.01143637 -0.00890257
  0.00297894  0.        ]",12.9,387,24,14787,0,False
388,"[ 0.02106291  0.84308916  0.02090784  2.6524754   0.55823994  2.1447449
 -2.0428078   1.        ]","[-1.1670218e+00 -3.5054279e+01  2.1651359e-01  2.6667065e+01
  1.0954272e+00 -8.6738700e-01  3.0945179e-03  0.0000000e+00]",[0. 0. 0. 0. 0. 0.],"[ 0.02026005  0.84248906  0.02118811  2.6514015   0.5591897   2.146204
 -2.0424974   1.        ]","[ 0.00571819  0.00243109 -0.00486217  0.00684813 -0.00962162 -0.00992979
  0.00308166  0.        ]",12.933333,388,24,14788,0,False
389,"[ 0.02133575  0.8431429   0.02068105  2.6526518   0.5577512   2.144638
 -2.0428097   1.        ]","[-6.5257198e-01 -3.5734810e+01  2.9884440e-01  1.8611507e+01
  1.0934982e+00 -8.8081563e-01  3.4796572e-03  0.0000000e+00]",[0. 0. 0. 0. 0. 0.],"[ 0.02048248  0.8426521   0.02107498  2.6516833   0.5588791   2.1458263
 -2.042478    1.        ]","[ 0.00510186  0.00356103 -0.00260229  0.0065742  -0.00701933 -0.00886833
  0.00065057  0.        ]",12.966666,389,24,14789,0,False
390,"[ 0.0213759   0.84326     0.02064212  2.6527913   0.5576403   2.1444142
 -2.0429058   1.        ]","[-1.2214146e+00 -3.5632572e+01  1.3334103e-01  2.6668818e+01
  1.0443864e+00 -8.1758392e-01  3.6902784e-03  0.0000000e+00]",[0. 0. 0. 0. 0. 0.],"[ 0.02057068  0.8427192   0.02103088  2.651806    0.55875057  2.145667
 -2.042478    1.        ]","[ 0.00486217  0.00356103 -0.00253381  0.00626604 -0.00695085 -0.00790959
  0.0001712   0.        ]",13.0,390,24,14790,0,False
391,"[ 0.02143456  0.84372926  0.02089986  2.6531725   0.55803436  2.1430357
 -2.0431073   1.        ]","[ 1.3908402e+00 -3.5398724e+01  8.2562172e-01  1.8474428e+01
  1.1845822e+00 -9.3469727e-01  3.4762609e-03  0.0000000e+00]",[0. 0. 0. 0. 0. 0.],"[ 0.0208794   0.84291863  0.02091966  2.6522107   0.55835944  2.145138
 -2.042532    1.        ]","[ 0.00520458  0.0032871  -0.00184899  0.00674541 -0.00653996 -0.0087656
 -0.00095874  0.        ]",13.033334,391,24,14791,0,False
392,"[ 0.02153119  0.84391975  0.02082206  2.6533842   0.55794835  2.1423845
 -2.0428867   0.7633699 ]","[-1.2121463e+00 -3.4549232e+01  1.8506446e-01  2.6477308e+01
  1.0802269e+00 -9.4315553e-01  3.2248651e-03  0.0000000e+00]",[0. 0. 0. 0. 0. 0.],"[ 0.0209791   0.84298766  0.02088323  2.6523333   0.55824053  2.1449537
 -2.0426009   0.7633699 ]","[ 0.00523882  0.0031159  -0.00188324  0.00630028 -0.00643724 -0.00852592
 -0.0021914   0.        ]",13.066667,392,24,14792,0,False
393,"[ 0.0212816   0.8443351   0.02062507  2.6531012   0.55897737  2.1400983
 -2.0397315   0.        ]","[ 1.9771212e+00 -3.5654240e+01  9.2381042e-01  1.8241215e+01
  1.1702174e+00 -5.8369058e-01  3.5652798e-03  0.0000000e+00]",[0. 0. 0. 0. 0. 0.],"[ 0.02103663  0.8430605   0.02086597  2.6524484   0.5582041   2.1447294
 -2.042666    0.        ]","[ 0.00475945  0.00356103 -0.00171203  0.00643724 -0.00520458 -0.01006675
 -0.00318438  0.        ]",13.1,393,24,14793,0,False
394,"[ 0.02127835  0.844671    0.02125711  2.6530883   0.55996484  2.1394181
 -2.0394998   0.        ]","[ 1.1511879e+00 -3.4255772e+01  7.5860381e-01  1.8535774e+01
  1.1586813e+00 -4.4377881e-01  3.1662716e-03  0.0000000e+00]",[0. 0. 0. 0. 0. 0.],"[ 0.02121112  0.84339416  0.02084105  2.6528184   0.5581312   2.14379
 -2.0428233   0.        ]","[ 0.00359527  0.00671117 -0.00058209  0.00784111 -0.00154083 -0.01900356
 -0.00335558  0.        ]",13.133333,394,24,14794,0,False
395,"[ 0.02167846  0.84512526  0.02105735  2.6539018   0.5591063   2.1383505
 -2.0414994   0.        ]","[-1.8104613e+00 -3.4243183e+01 -8.6114265e-02  2.6687370e+01
  9.6960276e-01 -4.1619647e-01  4.4271597e-03  0.0000000e+00]",[0. 0. 0. 0. 0. 0.],"[ 0.02128782  0.8435399   0.02083529  2.652966    0.5581082   2.1433296
 -2.0428348   0.        ]","[ 0.00362951  0.00695085 -0.00041089  0.0074987  -0.00136963 -0.02054439
 -0.00198596  0.        ]",13.166667,395,24,14795,0,False
396,"[ 0.0217656   0.8453949   0.02126477  2.6540644   0.5592179   2.1374834
 -2.0414035   0.        ]","[  0.3072311 -36.36497     0.596316   26.095135    1.172589   -3.413939
   3.3004708   0.       ]",[0. 0. 0. 0. 0. 0.],"[ 0.02132617  0.8438352   0.02079119  2.653083    0.558183    2.1420507
 -2.0418932   0.        ]","[ 0.00174627  0.00739598 -0.00089026  0.00417736  0.00106146 -0.02968664
  0.01674367  0.        ]",13.2,396,24,14796,0,False
397,"[ 0.02150872  0.8461978   0.02217233  2.653917    0.5606502   2.1366348
 -2.041832    0.        ]","[  0.9914377 -33.220306    0.7033782  18.186989    1.1326815  -0.6971072
   3.71969     0.       ]",[0. 0. 0. 0. 0. 0.],"[ 0.02133     0.84407866  0.02078544  2.653129    0.5584936   2.141213
 -2.041322    0.        ]","[ 0.00030817  0.00753294 -0.00065057  0.00171203  0.00688237 -0.02869366
  0.02259882  0.        ]",13.233334,397,24,14797,0,False
398,"[ 0.02164538  0.8465527   0.02220391  2.654051    0.5607785   2.135893
 -2.0416844   0.        ]","[-9.5555282e-01 -3.1710541e+01  2.2648855e-01  2.6646355e+01
  1.0884159e+00 -3.4276392e+00  4.2277933e-03  0.0000000e+00]",[0. 0. 0. 0. 0. 0.],"[ 0.02146231  0.8446463   0.02082187  2.6534972   0.5587525   2.1396003
 -2.0412662   0.        ]","[ 0.00239685  0.01140213  0.00065057  0.00695085  0.00585515 -0.03259709
  0.00239685  0.        ]",13.266666,398,24,14798,0,False
399,"[ 0.0217031   0.8466428   0.02219643  2.6540837   0.56075174  2.1357834
 -2.041674    0.        ]","[ 5.4563236e-01 -4.0034260e+01  6.3319570e-01  1.8758745e+01
  1.1274077e+00 -1.6436960e-01  3.0563131e-03  0.0000000e+00]",[0. 0. 0. 0. 0. 0.],"[ 0.02149491  0.844769    0.02085063  2.6535835   0.5588196   2.1392684
 -2.041274    0.        ]","[ 2.8077327e-03  1.0648840e-02  1.1641819e-03  7.4987006e-03
  4.8279306e-03 -2.9789358e-02  6.8481284e-05  0.0000000e+00]",13.3,399,24,14799,0,False
400,"[ 0.02192315  0.8466534   0.0219901   2.6540203   0.5605354   2.1357832
 -2.0411415   0.        ]","[ 2.2467509e-01 -3.4049480e+01  5.4794049e-01  1.8538757e+01
  1.2327980e+00 -2.0689817e-01  3.1463152e-03  0.0000000e+00]",[0. 0. 0. 0. 0. 0.],"[ 0.02152559  0.84517163  0.02109032  2.6537101   0.5593373   2.138394
 -2.0413966   0.        ]","[ 0.00133539  0.00996403  0.00489641  0.00424584  0.01071732 -0.02318092
 -0.00232836  0.        ]",13.333333,400,24,14800,0,False
401,"[ 0.0218926   0.84712416  0.02261237  2.6540182   0.5617069   2.134525
 -2.0404024   0.        ]","[-1.2163653e+00 -3.9969452e+01  1.4505167e-01  1.8706768e+01
  1.4085431e+00 -2.7895135e-01  3.4548682e-03  0.0000000e+00]",[0. 0. 0. 0. 0. 0.],"[ 0.0216042  0.8459137  0.0216368  2.6538577  0.5600813  2.137046
 -2.0415406  0.       ]","[ 0.00140387  0.01194998  0.00886833  0.00239685  0.01191574 -0.02136616
 -0.00222564  0.        ]",13.366667,401,24,14801,0,False
402,"[ 0.02187164  0.84727836  0.0226748   2.6540618   0.56190616  2.134091
 -2.04011     0.        ]","[ 1.7798740e-01 -3.5509041e+01  5.1361328e-01  1.8590487e+01
  1.1246587e+00 -5.1028860e-01  3.5557607e-03  0.0000000e+00]",[0. 0. 0. 0. 0. 0.],"[ 0.02172884  0.8463029   0.0218017   2.6539326   0.56034017  2.1363673
 -2.0415175   0.        ]","[ 0.00287621  0.00989555  0.00472521  0.00181475  0.00691661 -0.01691488
  0.00023968  0.        ]",13.4,402,24,14802,0,False
403,"[ 0.02213545  0.8475916   0.02248411  2.654571    0.56166685  2.1327894
 -2.0402412   0.        ]","[  0.18962118 -35.41889      0.48458248  18.561443     1.0959909
  -0.80829334   0.69648296   0.        ]",[0. 0. 0. 0. 0. 0.],"[ 0.02188607  0.8466443   0.02193784  2.654013    0.5605952   2.135744
 -2.0412567   0.        ]","[ 0.00352679  0.00790959  0.00318438  0.00188324  0.00588939 -0.01448379
  0.00506762  0.        ]",13.433333,403,24,14803,0,False
404,"[ 0.02221753  0.8477133   0.02238521  2.6545029   0.5616816   2.1325743
 -2.0396116   0.        ]","[ -0.64136994 -36.361233     0.27744997  18.520836     1.0776947
  -1.2859827    0.65274805   0.        ]",[0. 0. 0. 0. 0. 0.],"[ 0.02190908  0.8467248   0.02201838  2.6540303   0.5607486   2.135562
 -2.0411224   0.        ]","[ 0.00297894  0.00677965  0.00362951  0.00157507  0.00691661 -0.01294296
  0.00677965  0.        ]",13.466666,404,24,14804,0,False
405,"[ 0.02228286  0.8477404   0.02240588  2.6544995   0.5616833   2.1325839
 -2.039411    0.        ]","[ 1.7658610e-02 -3.6176701e+01  4.3858919e-01  1.8220602e+01
  8.3343973e+00 -1.3266045e+00  3.9312181e+00  0.0000000e+00]",[0. 0. 0. 0. 0. 0.],"[ 0.02192825  0.8469549   0.02229833  2.6540878   0.5612702   2.1348546
 -2.040668    0.        ]","[ 0.00047937  0.00482793  0.00571819  0.00119842  0.01071732 -0.01434683
  0.00927921  0.        ]",13.5,405,24,14805,0,False
406,"[ 0.02231745  0.84782207  0.02250139  2.654488    0.56183803  2.1323993
 -2.0391169   0.        ]","[ -0.4638627  -35.694313     0.31498784  26.407272     1.0614073
  -1.3445754    0.6374248    0.        ]",[0. 0. 0. 0. 0. 0.],"[ 0.0219436   0.8470105   0.02234051  2.6541204   0.56134874  2.1346588
 -2.040603    0.        ]","[ 0.00058209  0.00465673  0.00537578  0.00154083  0.00999827 -0.01489468
  0.0085944   0.        ]",13.533334,406,24,14806,0,False
407,"[ 0.02249485  0.8478572   0.02249865  2.6542552   0.56199396  2.1323252
 -2.0380423   0.        ]","[-4.3274492e-01 -3.6510910e+01  3.6078855e-01  2.6814077e+01
  1.1055286e+00 -3.5834248e+00  3.4936294e-03  0.0000000e+00]",[0. 0. 0. 0. 0. 0.],"[ 0.02207974  0.8474304   0.02241338  2.6542969   0.56153476  2.1334412
 -2.0400085   0.        ]","[ 0.00215716  0.00650572  0.00095874  0.00273925  0.00263653 -0.01852419
  0.00945042  0.        ]",13.566667,407,24,14807,0,False
408,"[ 0.02249734  0.84814984  0.0226208   2.6544788   0.5621917   2.1313972
 -2.0378149   0.        ]","[-1.4251000e+00 -3.8798134e+01  7.8302145e-02  2.6699368e+01
  1.0590235e+00 -3.5136621e+00  3.6061860e-03  0.0000000e+00]",[0. 0. 0. 0. 0. 0.],"[ 0.02210658  0.8474937   0.02242105  2.6543293   0.5615693   2.1332746
 -2.0398645   0.        ]","[ 0.00191748  0.00554698  0.00065057  0.00246533  0.00222564 -0.01506588
  0.00945042  0.        ]",13.6,408,24,14808,0,False
409,"[ 0.02245018  0.84832656  0.0228739   2.6545413   0.5626228   2.1309662
 -2.0375037   0.        ]","[  1.8661715 -33.54265     0.9849298  18.154367    1.2074447  -0.2969695
  -0.1837565   0.       ]",[0. 0. 0. 0. 0. 0.],"[ 0.02221971  0.84764135  0.02244597  2.654385    0.5617169   2.1328084
 -2.0392165   0.        ]","[ 0.00249957  0.00376647  0.00058209  0.00157507  0.00325286 -0.01129941
  0.01414139  0.        ]",13.633333,409,24,14809,0,True
