,action,observation.effort,observation.force_torque,observation.state,observation.qvel,timestamp,frame_index,episode_index,index,task_index
0,"[ 0.35293713  0.68267363 -0.07424462  2.5561337   0.17136076  1.9813111
 -2.952251    0.        ]","[ 4.9861344e-03 -4.4913986e+01 -8.0114150e-01  1.4151174e+01
  1.0524405e-01 -1.4336128e+00  7.4904878e-04  0.0000000e+00]",[0. 0. 0. 0. 0. 0.],"[ 0.35284626  0.68318135 -0.07418331  2.557123    0.17143194  1.9818207
 -2.9521518   0.        ]","[ 7.5329415e-04 -4.4170427e-03 -3.4240642e-05 -7.7041448e-03
 -8.2177541e-04 -3.8007114e-03 -5.4785027e-04  0.0000000e+00]",0.0,0,0,0,0
1,"[ 0.35295725  0.6825197  -0.07424697  2.5558503   0.17133662  1.9811695
 -2.9522707   0.        ]","[ 4.04274231e-03 -4.45487061e+01 -7.96867728e-01  1.41394186e+01
  1.05182104e-01 -1.43557596e+00  7.42615841e-04  0.00000000e+00]",[0. 0. 0. 0. 0. 0.],"[ 0.35285777  0.6830816  -0.07418331  2.5569293   0.17142427  1.9817172
 -2.952169    0.        ]","[ 7.1905350e-04 -4.5540053e-03 -3.4240642e-05 -8.5601611e-03
 -6.5057218e-04 -4.3828022e-03 -6.8481284e-04  0.0000000e+00]",0.033333335,1,0,1,0
2,"[ 0.35297787  0.6823274  -0.0742498   2.55549     0.17131975  1.9809805
 -2.952297    0.        ]","[ 5.5913161e-03 -4.4273083e+01 -7.9684365e-01  1.7370001e+01
  1.0507586e-01 -1.4354430e+00  7.3882291e-04  0.0000000e+00]",[0. 0. 0. 0. 0. 0.],"[ 0.35287887  0.68287265 -0.07418523  2.5565171   0.17141084  1.9815081
 -2.952194    0.        ]","[ 5.4785027e-04 -5.2045775e-03 -3.4240642e-05 -1.0237952e-02
 -3.4240642e-04 -5.1703369e-03 -6.8481284e-04  0.0000000e+00]",0.06666667,2,0,2,0
3,"[ 0.35299087  0.6822012  -0.07425172  2.5552552   0.1713101   1.9808614
 -2.9523113   0.        ]","[ 5.5913161e-03 -4.4306583e+01 -7.9684365e-01  1.7513252e+01
  1.0507586e-01 -1.4354430e+00  7.3882291e-04  0.0000000e+00]",[0. 0. 0. 0. 0. 0.],"[ 0.35288268  0.68283623 -0.07418523  2.556448    0.17140894  1.9814659
 -2.9521997   0.        ]","[ 5.1360962e-04 -5.0676153e-03 -3.4240642e-05 -1.0169471e-02
 -3.0816579e-04 -5.2045775e-03 -6.5057218e-04  0.0000000e+00]",0.1,3,0,3,0
4,"[ 0.35283133  0.6822953  -0.07299664  2.5529456   0.17314853  1.9843873
 -2.952364    0.        ]","[ 2.44607143e-02 -4.38953133e+01 -8.03131580e-01  1.41561747e+01
  1.04683384e-01 -1.42917967e+00  7.50521198e-04  0.00000000e+00]",[0. 0. 0. 0. 0. 0.],"[ 0.35291913  0.6826655  -0.07418714  2.5561297   0.17139934  1.9812934
 -2.9522305   0.        ]","[ 7.8753475e-04 -4.3485616e-03 -3.4240642e-05 -8.4231980e-03
 -2.3968449e-04 -4.5197648e-03 -7.1905350e-04  0.0000000e+00]",0.13333334,4,0,4,0
5,"[ 0.35338944  0.68213546 -0.07341527  2.5521355   0.17196703  1.9871432
 -2.9524324   0.        ]","[ 2.5327131e-02 -5.3927040e+01 -7.1007288e-01  1.3695645e+01
  1.4476486e-01 -1.4033605e+00  6.1041693e-04  0.0000000e+00]",[0. 0. 0. 0. 0. 0.],"[ 0.35293254  0.6825467  -0.07418907  2.5559034   0.17137825  1.981186
 -2.952242    0.        ]","[ 6.8481284e-04 -4.1088769e-03 -6.8481284e-05 -7.7726259e-03
 -5.1360962e-04 -4.0061553e-03 -5.4785027e-04  0.0000000e+00]",0.16666667,5,0,5,0
6,"[ 0.3541149   0.6821443  -0.07311233  2.548876    0.16988593  1.9954795
 -2.9574454   0.        ]","[ 6.7901695e-01 -4.2692078e+01 -5.2586633e-01  1.6298052e+01
  1.4528382e-01 -1.2164958e+00  1.0756243e-03  0.0000000e+00]",[0. 0. 0. 0. 0. 0.],"[ 0.35293254  0.68238753 -0.07403567  2.555054    0.17177133  1.9816865
 -2.9522822   0.        ]","[ 3.4240642e-05 -3.1843798e-03  2.7392514e-03 -1.5956139e-02
  6.9166096e-03  8.6628823e-03 -7.1905350e-04  0.0000000e+00]",0.2,6,0,6,0
7,"[ 0.3543501   0.6822592  -0.07262892  2.5474002   0.16857107  2.000473
 -2.9622226   0.        ]","[-1.1560234e+00 -5.2415001e+01 -1.2057182e+00  1.6099228e+01
  3.9400343e-02 -1.5499181e+00 -1.1380056e-04  0.0000000e+00]",[0. 0. 0. 0. 0. 0.],"[ 0.3529364   0.6823281  -0.07395705  2.5544481   0.17184037  1.9827584
 -2.9523396   0.        ]","[ 6.8481284e-05 -2.8419734e-03  4.1431179e-03 -2.3454839e-02
  8.2519948e-03  2.8727898e-02 -1.6093102e-03  0.0000000e+00]",0.23333333,7,0,7,0
8,"[ 0.3512564   0.68582064 -0.0691286   2.5420601   0.1708758   2.0119767
 -2.9741554   0.        ]","[  1.99731    -43.21877      0.08690471  16.678135     0.24872321
  -1.8515993    0.5452329    0.        ]",[0. 0. 0. 0. 0. 0.],"[ 0.35321632  0.6822801  -0.07370011  2.5526323   0.17166203  1.9867908
 -2.9532142   0.        ]","[ 0.00506762 -0.00140387  0.00564971 -0.03862344 -0.0029447   0.08477983
 -0.01643551  0.        ]",0.26666668,8,0,8,0
9,"[ 0.35061806  0.6861764  -0.06848609  2.5403445   0.1710112   2.0160718
 -2.9769485   0.        ]","[ -0.79740256 -53.662468    -1.1304939    8.450859     1.7565479
   1.655184    -0.23819257   0.        ]",[0. 0. 0. 0. 0. 0.],"[ 0.35359216  0.6822629  -0.07350069  2.5510485   0.17113473  1.9903266
 -2.9544337   0.        ]","[ 0.00975858 -0.00061633  0.00564971 -0.044821   -0.01239511  0.10080445
 -0.0307481   0.        ]",0.3,9,0,9,0
10,"[ 0.34823203  0.6878868  -0.06655943  2.5381422   0.17380749  2.0190067
 -2.9810493   0.        ]","[  0.161116  -32.670673    9.097107    5.9625773  -5.001347    3.7740338
  -4.7049794   0.       ]",[0. 0. 0. 0. 0. 0.],"[ 0.3537705   0.6823089  -0.07282574  2.5490217   0.17044827  1.9955595
 -2.9588437   0.        ]","[ 0.00517034  0.00078753  0.01328537 -0.04403347 -0.01537405  0.11258323
 -0.08669731  0.        ]",0.33333334,10,0,10,0
11,"[ 0.3462847   0.6890841  -0.06556388  2.535817    0.17481488  2.023112
 -2.985679    0.        ]","[  0.48460272 -26.515234     8.4705925    4.810083     0.33392468
   2.78697     -4.720642     0.        ]",[0. 0. 0. 0. 0. 0.],"[ 0.35348287  0.6825678  -0.07208559  2.547595    0.1704406   1.9992104
 -2.962163    0.        ]","[-0.00335558  0.00544426  0.0245163  -0.05632586 -0.00982706  0.14795382
 -0.13076502  0.        ]",0.36666667,11,0,11,0
12,"[ 0.3440641   0.6898908  -0.06437195  2.5332391   0.17513902  2.0296264
 -2.9924164   0.        ]","[  0.6802397  -37.89693     -3.2289562   16.270948    -1.3442974
  -1.8798995    0.92096406   0.        ]",[0. 0. 0. 0. 0. 0.],"[ 0.35195848  0.6842053  -0.07009525  2.5438905   0.17115583  2.0071332
 -2.969549    0.        ]","[-0.03054265  0.03263133  0.04403347 -0.08077367  0.01277176  0.18284503
 -0.16945694  0.        ]",0.4,12,0,12,0
13,"[ 0.34234747  0.6899934  -0.06389078  2.5312016   0.17605391  2.0345483
 -2.9937518   0.        ]","[  0.20794044 -38.491924    -3.4887218   16.950037    -0.9852853
  -2.4369757    0.23553151   0.        ]",[0. 0. 0. 0. 0. 0.],"[ 0.35118     0.6849876  -0.06933977  2.5426269   0.17164095  2.0098102
 -2.9721894   0.        ]","[-0.03930826  0.04177358  0.04629335 -0.08190361  0.02143464  0.1767502
 -0.16771066  0.        ]",0.43333334,13,0,13,0
14,"[ 0.33857173  0.6925449  -0.06158184  2.5272675   0.17775194  2.0416315
 -3.0036266   0.        ]","[-12.879992  -29.669708    7.7012935   7.3982306   6.7592063   2.9574366
  -4.364097    0.       ]",[0. 0. 0. 0. 0. 0.],"[ 0.34770742  0.68744963 -0.06683937  2.53781     0.17345104  2.0198903
 -2.9818785   0.        ]","[-0.0620098   0.04396499  0.0446498  -0.0860125   0.03232317  0.18000306
 -0.17301796  0.        ]",0.46666667,14,0,14,0
15,"[ 0.33712447  0.6925164  -0.06098973  2.5259712   0.17711672  2.047066
 -3.00933     0.        ]","[  0.8550362 -41.627453   -3.9592683  19.559156   -0.8507372  -2.5793176
   1.402535    0.       ]",[0. 0. 0. 0. 0. 0.],"[ 0.34643424  0.6881495  -0.06612799  2.5362148   0.17410107  2.0232036
 -2.9847412   0.        ]","[-0.06409848  0.03903433  0.0407806  -0.08426622  0.032015    0.17825678
 -0.16137615  0.        ]",0.5,15,0,15,0
16,"[ 0.33579707  0.6933376  -0.06045223  2.5238044   0.17500156  2.053132
 -3.0182583   0.        ]","[ -0.98957115 -37.341297    -2.0398064   15.334403     7.0880976
  -1.3286538   -0.5937471    0.        ]",[0. 0. 0. 0. 0. 0.],"[ 0.34359828  0.68953013 -0.06458443  2.533024    0.17553343  2.0301967
 -2.9910996   0.        ]","[-0.06889217  0.033864    0.03773319 -0.07971222  0.03502818  0.1721962
 -0.15069307  0.        ]",0.53333336,16,0,16,0
17,"[ 0.3342807   0.6931638  -0.06033896  2.5224893   0.17382564  2.058347
 -3.023534    0.        ]","[  0.48960277 -36.787613    -3.0459023   16.644753     6.8351
  -2.1013815    0.6141058    0.        ]",[0. 0. 0. 0. 0. 0.],"[ 0.34216207  0.6901648  -0.06376758  2.5314076   0.17588049  2.0341487
 -2.9954004   0.        ]","[-0.07204231  0.03297374  0.03978763 -0.08080792  0.02941271  0.18452282
 -0.178428    0.        ]",0.56666666,17,0,17,0
18,"[ 0.33321685  0.692931   -0.05994901  2.521962    0.17335318  2.061111
 -3.0276234   0.        ]","[  1.9059793  -40.152287    -3.280569    18.404913    -2.3768713
  -2.808309     0.74326473   0.        ]",[0. 0. 0. 0. 0. 0.],"[ 0.3395639   0.6915358  -0.06236399  2.5283148   0.1759591   2.0416
 -3.004054    0.        ]","[-0.06718014  0.03304222  0.03694565 -0.07875348  0.00592363  0.19106278
 -0.21838681  0.        ]",0.6,18,0,18,0
19,"[ 0.33335036  0.6926212  -0.06080067  2.5218582   0.1713092   2.0614147
 -3.0291448   0.        ]","[-10.611173  -31.131163    8.129482    8.509882    1.2878625   2.5509212
  -4.124819    0.       ]",[0. 0. 0. 0. 0. 0.],"[ 0.3383693   0.69217813 -0.06178491  2.52689     0.17582296  2.0451531
 -3.0083857   0.        ]","[-0.06272886  0.03266557  0.03242589 -0.07478157 -0.00157507  0.18185206
 -0.20989513  0.        ]",0.6333333,19,0,19,0
20,"[ 0.3326258   0.69217104 -0.06106045  2.5211565   0.16939603  2.0651271
 -3.0336473   0.        ]","[  3.8234859 -44.18754    -3.3682573  20.00146     2.8385606  -2.1764426
   0.8743939   0.       ]",[0. 0. 0. 0. 0. 0.],"[ 0.33676055  0.69279367 -0.06112722  2.5251298   0.1752899   2.0500062
 -3.0142972   0.        ]","[-0.04605366  0.01944868  0.0201335  -0.05204578 -0.01174454  0.13812675
 -0.16353332  0.        ]",0.6666667,20,0,20,0
21,"[ 0.3322858   0.6908467  -0.06213807  2.5207765   0.16591151  2.0681586
 -3.0382524   0.        ]","[  1.8928218 -43.251705   -3.5304744  17.8553      2.0206828  -2.1070564
   0.6704896   0.       ]",[0. 0. 0. 0. 0. 0.],"[ 0.33547392  0.6928397  -0.06078974  2.5239258   0.17426021  2.054355
 -3.0197275   0.        ]","[-0.03355583  0.00332134  0.01010099 -0.03297374 -0.02335212  0.1128914
 -0.13679136  0.        ]",0.7,21,0,21,0
22,"[ 0.33235222  0.6903519  -0.06253034  2.5208387   0.16417941  2.0692363
 -3.040701    0.        ]","[  1.4287722 -35.856148   -5.33247    17.081577    1.8597134  -2.3142445
   0.9205744   0.       ]",[0. 0. 0. 0. 0. 0.],"[ 0.3344174   0.692832   -0.06074756  2.5229325   0.17270514  2.0582054
 -3.024732    0.        ]","[-0.0268789  -0.00013696  0.00191748 -0.02489295 -0.03667173  0.09700374
 -0.12299239  0.        ]",0.73333335,22,0,22,0
23,"[ 0.33212167  0.68983734 -0.06276964  2.5208263   0.16218485  2.071352
 -3.0444498   0.        ]","[  1.3983768  -38.72195     -5.6174126   17.613146     2.082382
  -2.3814023    0.97472453   0.        ]",[0. 0. 0. 0. 0. 0.],"[ 0.33391502  0.6927975  -0.06075906  2.5224147   0.17171957  2.0602262
 -3.027478    0.        ]","[-0.02338636 -0.00075329  0.00020544 -0.02311243 -0.03961642  0.09142251
 -0.11734268  0.        ]",0.76666665,23,0,23,0
24,"[ 0.3331875   0.688662   -0.06453182  2.5220153   0.15789439  2.0701315
 -3.046185    0.        ]","[  1.7267495 -45.786514   -5.8020644  18.342127    1.3769844  -1.4992647
   0.6987233   0.       ]",[0. 0. 0. 0. 0. 0.],"[ 0.33327267  0.6924619  -0.06107353  2.5217264   0.169386    2.063444
 -3.0318458   0.        ]","[-0.01883235 -0.00653996 -0.00582091 -0.01992805 -0.05646282  0.08724516
 -0.11611002  0.        ]",0.8,24,0,24,0
25,"[ 0.33338633  0.68721944 -0.06625436  2.522074    0.15389326  2.0722466
 -3.0482957   0.        ]","[  2.078839  -47.378693    1.962888   18.451763    1.7417159  -1.7660351
   1.2606853   0.       ]",[0. 0. 0. 0. 0. 0.],"[ 0.33293328  0.6919864  -0.06148579  2.5213966   0.16762383  2.065465
 -3.0350385   0.        ]","[-0.01585342 -0.01417563 -0.01270328 -0.01629855 -0.0684128   0.08762181
 -0.12734094  0.        ]",0.8333333,25,0,25,0
26,"[ 0.333243    0.6868745  -0.06617847  2.522297    0.15307623  2.0724187
 -3.050853    0.        ]","[ -9.640394   -44.522045     2.2867227    9.983512     1.6134814
  -2.3257356    0.38218838   0.        ]",[0. 0. 0. 0. 0. 0.],"[ 0.33264375  0.6910296  -0.06216457  2.5212126   0.16499881  2.0678234
 -3.03891     0.        ]","[-0.00886833 -0.02290699 -0.01729153 -0.00681389 -0.06666653  0.06646109
 -0.10539269  0.        ]",0.8666667,26,0,26,0
27,"[ 0.33291525  0.68644404 -0.06629894  2.5217433   0.15184456  2.073771
 -3.0537481   0.        ]","[  3.8815575  -53.590908     0.68048465  21.974174    -6.6284013
   1.7651924   -3.1632304    0.        ]",[0. 0. 0. 0. 0. 0.],"[ 0.33264375  0.6903719  -0.0627053   2.5212317   0.16325007  2.0684848
 -3.0409713   0.        ]","[-0.00410888 -0.027461   -0.02071559 -0.00205444 -0.07204231  0.04869019
 -0.09799672  0.        ]",0.9,27,0,27,0
28,"[ 0.33382073  0.6852222  -0.06831673  2.5214744   0.14663863  2.0749094
 -3.0567317   0.        ]","[-6.3353950e-01 -4.1771923e+01  1.8664834e+00  1.5276139e+01
  1.1957794e+00 -1.0569198e+00  3.9545922e-03  0.0000000e+00]",[0. 0. 0. 0. 0. 0.],"[ 0.3326725   0.6892291  -0.06380018  2.5213716   0.16018786  2.069576
 -3.043813    0.        ]","[ 0.00051361 -0.03002904 -0.02756372  0.00284197 -0.07854804  0.02879638
 -0.0790274   0.        ]",0.93333334,28,0,28,0
29,"[ 0.33413234  0.6849242  -0.0690157   2.521427    0.14406101  2.0758803
 -3.0596507   0.        ]","[ -1.9292558 -45.859856    2.416833   19.714321    2.0604837  -1.5696393
   1.0459555   0.       ]",[0. 0. 0. 0. 0. 0.],"[ 0.33277604  0.68840075 -0.06478193  2.5215442   0.1572292   2.0708396
 -3.046829    0.        ]","[ 0.0021914  -0.02266731 -0.02568048  0.00448552 -0.0733777   0.0309193
 -0.07437067  0.        ]",0.96666664,29,0,29,0
30,"[ 0.3347571   0.6843925  -0.0702249   2.5211737   0.14070398  2.0763204
 -3.0617764   0.        ]","[ -1.9292558  -46.362354     2.116008    19.714321     1.2582839
  -1.6676394    0.27595556   0.        ]",[0. 0. 0. 0. 0. 0.],"[ 0.33280095  0.6881131  -0.06507339  2.521575    0.15619951  2.071407
 -3.0481062   0.        ]","[ 0.00229412 -0.01992805 -0.02273579  0.00362951 -0.07122054  0.03269981
 -0.0766648   0.        ]",1.0,30,0,30,0
31,"[ 0.33568242  0.6841415  -0.07120346  2.520814    0.13742913  2.077408
 -3.064058    0.        ]","[-3.6874130e-01 -4.4446732e+01  1.1477445e+00  1.5515756e+01
  1.4608827e-01 -1.8685430e+00  3.9073927e-03  0.0000000e+00]",[0. 0. 0. 0. 0. 0.],"[ 0.33300996  0.6869703  -0.06606472  2.52164     0.15282284  2.0729144
 -3.0517378   0.        ]","[ 0.00393767 -0.02304395 -0.0204759   0.00140387 -0.0688237   0.03252861
 -0.07550061  0.        ]",1.0333333,31,0,31,0
32,"[ 0.3366276   0.6842545  -0.07196525  2.5203433   0.1348083   2.0788033
 -3.0657098   0.        ]","[  0.93316406 -44.074627     0.824704    23.600893     1.3664691
  -1.8486165    0.3224541    0.        ]",[0. 0. 0. 0. 0. 0.],"[ 0.33321896  0.68642575 -0.0667109   2.52164     0.15093029  2.0735087
 -3.0532813   0.        ]","[ 0.00712205 -0.02526959 -0.02571472  0.00075329 -0.07998614  0.03020025
 -0.07471308  0.        ]",1.0666667,32,0,32,0
33,"[ 0.33723572  0.68446934 -0.07245969  2.5198686   0.13311367  2.0797656
 -3.0667183   0.        ]","[  1.3247554 -53.136513   -9.514587   12.415625   -6.357311    2.2329056
  -3.4834042   0.       ]",[0. 0. 0. 0. 0. 0.],"[ 0.33353344  0.6857239  -0.0676754   2.52164     0.14804065  2.0744271
 -3.0558834   0.        ]","[ 0.00869712 -0.0203047  -0.02663922  0.         -0.07899316  0.02492719
 -0.06861825  0.        ]",1.1,33,0,33,0
34,"[ 0.33788472  0.6844736  -0.07302368  2.5195293   0.13134812  2.0805967
 -3.0675445   0.        ]","[ -1.18703   -44.769398    1.4147941  15.888554    1.5755475  -1.1476171
   0.6058076   0.       ]",[0. 0. 0. 0. 0. 0.],"[ 0.33373863  0.6855034  -0.06815668  2.52164     0.1465642   2.0748432
 -3.0571816   0.        ]","[ 0.00818351 -0.01369626 -0.02229066  0.         -0.06779647  0.02020198
 -0.06135923  0.        ]",1.1333333,34,0,34,0
35,"[ 0.33937687  0.6844189  -0.07423709  2.51924     0.12749271  2.0813625
 -3.0697997   0.        ]","[-2.1953506e+00 -4.6356865e+01  1.2641482e+00  1.4013542e+01
  1.1233348e+00 -1.0912774e+00  2.1300457e-02  0.0000000e+00]",[0. 0. 0. 0. 0. 0.],"[ 0.33431578  0.68507004 -0.06924964  2.521567    0.1432738   2.0757732
 -3.0597548   0.        ]","[ 0.01236087 -0.0096901  -0.02372877 -0.00130114 -0.07324073  0.0201335
 -0.05831181  0.        ]",1.1666666,35,0,35,0
36,"[ 0.3399515   0.6843044  -0.07475041  2.518879    0.12570135  2.0819962
 -3.0708508   0.        ]","[ -2.033679   -54.541718     1.4353997   13.678705     0.89409333
  -1.3311286    0.25687224   0.        ]",[0. 0. 0. 0. 0. 0.],"[ 0.3348028   0.68482655 -0.06990926  2.5214005   0.14135824  2.0764406
 -3.0611546   0.        ]","[ 0.01681216 -0.01003251 -0.02592017 -0.0042116  -0.07837683  0.02441358
 -0.05803789  0.        ]",1.2,36,0,36,0
37,"[ 0.34069446  0.68461716 -0.07513719  2.5182254   0.12436364  2.0827754
 -3.0711884   0.        ]","[ -1.277667  -53.90236    -9.332169    7.215165   -6.8015656   1.6873925
  -3.65187     0.       ]",[0. 0. 0. 0. 0. 0.],"[ 0.33603     0.6845811  -0.07117096  2.5207522   0.13716473  2.0781317
 -3.0638735   0.        ]","[ 0.02472174 -0.00568395 -0.02643378 -0.01270328 -0.08529344  0.03468577
 -0.05612041  0.        ]",1.2333333,37,0,37,0
38,"[ 0.3411712   0.68467134 -0.07545854  2.5179138   0.12324767  2.0831134
 -3.0717707   0.        ]","[ -2.2297175  -44.647022     2.1081054   16.900223     1.5896053
  -1.8603508    0.06276771   0.        ]",[0. 0. 0. 0. 0. 0.],"[ 0.3365477   0.6845715  -0.07168867  2.5204647   0.1355157   2.0787454
 -3.0648763   0.        ]","[ 0.02626257 -0.00270501 -0.02681042 -0.01448379 -0.08666307  0.03482273
 -0.05403173  0.        ]",1.2666667,38,0,38,0
39,"[ 0.342327    0.68514836 -0.07621778  2.516636    0.12096323  2.084994
 -3.0722485   0.        ]","[ -0.66092825 -55.380356     1.419992    17.362524     1.2730829
  -1.5405399    0.5259045    0.        ]",[0. 0. 0. 0. 0. 0.],"[ 0.3375467   0.6845639  -0.07267617  2.5199566   0.13241898  2.0797942
 -3.0668666   0.        ]","[ 0.02708435 -0.00030817 -0.0268789  -0.01420987 -0.08474559  0.02968664
 -0.05344964  0.        ]",1.3,39,0,39,0
40,"[ 0.34447667  0.6859813  -0.07711506  2.5152092   0.11737482  2.0866783
 -3.073425    0.        ]","[ 11.963627  -55.136333   -9.761641    8.0539055  -7.5111895   2.1302793
  -3.09276     0.       ]",[0. 0. 0. 0. 0. 0.],"[ 0.3382025   0.6845619  -0.07320348  2.5195942   0.13059354  2.0804038
 -3.067881    0.        ]","[ 0.0276322  -0.0001712  -0.02520111 -0.01448379 -0.08173241  0.02749524
 -0.04985438  0.        ]",1.3333334,40,0,40,0
41,"[ 0.3458156   0.68674123 -0.07763217  2.514472    0.11509484  2.0873005
 -3.0745099   0.        ]","[ 11.248044  -54.690548   -9.590505   17.36319    -7.1093655  -1.3185139
  -3.6721494   0.       ]",[0. 0. 0. 0. 0. 0.],"[ 0.33942777  0.68456    -0.07412195  2.5188885   0.12750256  2.0815563
 -3.069484    0.        ]","[ 2.8008847e-02 -3.4240642e-05 -2.1331921e-02 -1.6024621e-02
 -7.1562946e-02  2.5920166e-02 -3.8007114e-02  0.0000000e+00]",1.3666667,41,0,41,0
42,"[ 0.34675166  0.6873984  -0.07788514  2.513825    0.11367102  2.0876656
 -3.0753202   0.        ]","[ -1.7070929  -53.792732     1.8290188   17.781832     1.8212966
  -1.7630826    0.16089432   0.        ]",[0. 0. 0. 0. 0. 0.],"[ 0.33984578  0.68456    -0.07443258  2.5186124   0.1264748   2.0819955
 -3.0699558   0.        ]","[ 2.7563717e-02 -3.4240642e-05 -2.0544386e-02 -1.6503990e-02
 -6.8926416e-02  2.6707701e-02 -3.4514569e-02  0.0000000e+00]",1.4,42,0,42,0
43,"[ 0.3480511   0.68804383 -0.07819033  2.5123308   0.11142676  2.088819
 -3.0773482   0.        ]","[ -1.2993029  -36.364315     1.469569    17.228462     1.2681038
  -1.5876446    0.52657753   0.        ]",[0. 0. 0. 0. 0. 0.],"[ 0.34152356  0.6845984  -0.07548336  2.5173776   0.12299074  2.0837767
 -3.0713613   0.        ]","[ 0.03225468  0.00068481 -0.02003078 -0.02372877 -0.06800192  0.03389823
 -0.02766644  0.        ]",1.4333333,43,0,43,0
44,"[ 0.3477227   0.6904033  -0.07752121  2.5093997   0.1134321   2.0896218
 -3.0754802   0.        ]","[ -0.8859535 -40.893673    1.3413569  17.078663    0.3610884  -1.5686219
   0.595628    0.       ]",[0. 0. 0. 0. 0. 0.],"[ 0.34233657  0.68476325 -0.07590329  2.5168023   0.12144718  2.084473
 -3.0720017   0.        ]","[ 0.03680869  0.00362951 -0.0203047  -0.02660498 -0.07190535  0.03454881
 -0.02900182  0.        ]",1.4666667,44,0,44,0
45,"[ 0.34834284  0.69128996 -0.07759448  2.5090177   0.11246958  2.08787
 -3.0766387   0.        ]","[ -1.1103414 -37.36362     1.7288458  15.949624    0.912375   -1.8236477
   0.3846358   0.       ]",[0. 0. 0. 0. 0. 0.],"[ 0.34485614  0.685862   -0.07705952  2.515161    0.11691618  2.086327
 -3.0739133   0.        ]","[ 0.05375781  0.02181129 -0.02550928 -0.03537058 -0.09762007  0.04115725
 -0.04119149  0.        ]",1.5,45,0,45,0
46,"[ 0.34979722  0.6921089  -0.07828845  2.5084198   0.10964444  2.0870175
 -3.07859     0.        ]","[ -3.34855   -39.25593     2.0286074  17.607347    2.224837   -2.4631174
   0.2712531   0.       ]",[0. 0. 0. 0. 0. 0.],"[ 0.34551767  0.6862186  -0.07732414  2.5146797   0.11588074  2.0867834
 -3.0743833   0.        ]","[ 0.05344964  0.0245163  -0.02379725 -0.03564451 -0.09313454  0.03865768
 -0.03989035  0.        ]",1.5333333,46,0,46,0
47,"[ 0.35019338  0.6926343  -0.07832518  2.5071766   0.10917766  2.0872028
 -3.0788393   0.        ]","[ -3.8501754  -37.123802    -0.39925334  16.3602       1.901316
   1.4682341   -0.51214916   0.        ]",[0. 0. 0. 0. 0. 0.],"[ 0.34698454  0.68804985 -0.07761751  2.5123863   0.11383288  2.0877
 -3.0755336   0.        ]","[ 0.02386573  0.03047417 -0.00441704 -0.03889737 -0.03276829  0.01448379
 -0.01855843  0.        ]",1.5666667,47,0,47,0
48,"[ 0.3504297   0.6928758  -0.07838474  2.5067317   0.10887177  2.0868654
 -3.078969    0.        ]","[ -3.8501754  -37.123802    -0.39925334  16.3602       1.901316
   1.4682341   -0.51214916   0.        ]",[0. 0. 0. 0. 0. 0.],"[ 0.34698454  0.68804985 -0.07761751  2.5123863   0.11383288  2.0877
 -3.0755336   0.        ]","[ 0.02386573  0.03047417 -0.00441704 -0.03889737 -0.03276829  0.01448379
 -0.01855843  0.        ]",1.6,48,0,48,0
49,"[ 0.35143864  0.6939675  -0.07881961  2.505344    0.10721889  2.0846827
 -3.0797307   0.        ]","[ -1.7575963  -40.14674     -0.11009836  17.496464     1.3463894
  -0.8315782    0.5579857    0.        ]",[0. 0. 0. 0. 0. 0.],"[ 0.3483977   0.69041985 -0.07792047  2.5099645   0.11163162  2.0875714
 -3.0771923   0.        ]","[ 0.02164009  0.03653476 -0.00506762 -0.03680869 -0.03427488 -0.00229412
 -0.02585169  0.        ]",1.6333333,49,0,49,0
50,"[ 0.35157645  0.6951292  -0.07832115  2.504329    0.10799318  2.0827825
 -3.0798903   0.        ]","[ -0.6605425 -38.11576    -1.8385704  16.141619    1.5311111  -1.3151844
   0.891131    0.       ]",[0. 0. 0. 0. 0. 0.],"[ 0.34885982  0.6910411  -0.07805277  2.5091689   0.11089147  2.087489
 -3.077708    0.        ]","[ 0.02187977  0.03393248 -0.00599211 -0.03701413 -0.0349597  -0.00376647
 -0.02568048  0.        ]",1.6666666,50,0,50,0
51,"[ 0.35261875  0.69555944 -0.07891133  2.5036783   0.10650522  2.0820982
 -3.0795116   0.        ]","[ -1.8070095 -41.299603   -1.2324833  17.601448    1.3407584  -1.2942561
   0.6535803   0.       ]",[0. 0. 0. 0. 0. 0.],"[ 0.34948877  0.69185793 -0.07817549  2.5081449   0.11007846  2.0872915
 -3.0782182   0.        ]","[ 0.0179421   0.02348908 -0.00410888 -0.02876214 -0.02431086 -0.00469097
 -0.01585342  0.        ]",1.7,51,0,51,0
52,"[ 0.35341164  0.69616425 -0.07928134  2.5037034   0.10553634  2.0800238
 -3.0793126   0.        ]","[  9.968923   -39.39454     -0.3538462   16.988667    -6.3773046
  -0.55502087  -3.1300087    0.        ]",[0. 0. 0. 0. 0. 0.],"[ 0.35011768  0.6925252  -0.07833273  2.5072207   0.10920793  2.0865092
 -3.078684    0.        ]","[ 0.01650399  0.01910628 -0.00362951 -0.02520111 -0.02191401 -0.01612734
 -0.01222391  0.        ]",1.7333333,52,0,52,0
53,"[ 0.35368454  0.69614816 -0.07940766  2.5023425   0.10512678  2.0787568
 -3.0794349   0.        ]","[ 9.7580156e+00 -2.7082155e+01 -3.7542717e+00  7.4402714e+00
 -6.4709220e+00 -3.9243498e+00  3.5358348e-03  0.0000000e+00]",[0. 0. 0. 0. 0. 0.],"[ 0.35100356  0.69354147 -0.07849188  2.5059283   0.10824152  2.08486
 -3.079037    0.        ]","[ 0.01989381  0.02170857 -0.00393767 -0.02821429 -0.02225642 -0.0353021
 -0.00897105  0.        ]",1.7666667,53,0,53,0
54,"[ 0.35358146  0.6971286  -0.07913024  2.5011795   0.10556741  2.0753465
 -3.0799644   0.        ]","[-2.1883221e+00 -3.8625492e+01  5.4655468e-01  1.7782639e+01
  1.5226113e+00 -3.6310023e-01 -1.2403979e-03  0.0000000e+00]",[0. 0. 0. 0. 0. 0.],"[ 0.35146567  0.6941129  -0.07863186  2.5053606   0.1076797   2.0838919
 -3.0791118   0.        ]","[ 0.02174281  0.02550928 -0.00489641 -0.02930999 -0.02413965 -0.04259536
 -0.00602635  0.        ]",1.8,54,0,54,0
55,"[ 0.35330728  0.69744974 -0.07902241  2.5002384   0.10615636  2.0750914
 -3.0794628   0.        ]","[-8.4047890e-01 -4.0042446e+01  1.0842811e+00  1.7918247e+01
  1.7513361e+00 -5.0043680e-02 -3.7733396e-04  0.0000000e+00]",[0. 0. 0. 0. 0. 0.],"[ 0.35230938  0.69510037 -0.07895016  2.5043654   0.10663468  2.081961
 -3.0792153   0.        ]","[ 0.02191401  0.02605713 -0.00780687 -0.02530384 -0.02643378 -0.0488614
 -0.00284197  0.        ]",1.8333334,55,0,55,0
56,"[ 0.3531443   0.6978871  -0.07887859  2.4990447   0.1063584   2.0739217
 -3.0800128   0.        ]","[-5.8922893e-01 -4.0126194e+01  1.0842811e+00  1.7832296e+01
  1.3645611e+00 -1.4804368e-01 -3.7733396e-04  0.0000000e+00]",[0. 0. 0. 0. 0. 0.],"[ 0.35255098  0.6953228  -0.07903261  2.5039265   0.10634513  2.0812688
 -3.0792842   0.        ]","[ 0.0193802   0.02160585 -0.00715629 -0.025612   -0.02383149 -0.0468412
 -0.00308166  0.        ]",1.8666667,56,0,56,0
57,"[ 0.35337266  0.6981019  -0.07907214  2.4985669   0.10569726  2.0727694
 -3.0806258   0.        ]","[ 9.1833134e+00 -2.8072645e+01 -2.0223012e+00  7.5561781e+00
 -1.9888198e-01 -3.9668040e+00  4.3898774e-03  0.0000000e+00]",[0. 0. 0. 0. 0. 0.],"[ 0.35313964  0.6960783  -0.07912081  2.502498    0.10595589  2.0788298
 -3.0794683   0.        ]","[ 0.01253207  0.01544253 -0.00232836 -0.02927575 -0.00938194 -0.05036798
 -0.00393767  0.        ]",1.9,57,0,57,0
58,"[ 0.353484    0.69799596 -0.07914495  2.497289    0.10567257  2.0709789
 -3.0808136   0.        ]","[ 1.4727073e+00 -3.8482956e+01 -1.1699189e-01  1.6925177e+01
  9.4074488e-02 -3.6559376e-01 -1.1141972e-04  0.0000000e+00]",[0. 0. 0. 0. 0. 0.],"[ 0.35325277  0.6963602  -0.07912081  2.5019743   0.10595589  2.0779746
 -3.0794818   0.        ]","[ 0.00910801  0.01551101 -0.00075329 -0.02841973 -0.00315014 -0.04978589
 -0.00225988  0.        ]",1.9333333,58,0,58,0
59,"[ 0.35327834  0.6989392  -0.07901516  2.4952476   0.10628642  2.0682664
 -3.0807016   0.        ]","[ 3.9905888e-01 -3.8996563e+01 -5.9587812e-01  1.6839613e+01
  1.5769562e-02 -1.2444371e-01  3.4673666e-04  0.0000000e+00]",[0. 0. 0. 0. 0. 0.],"[ 0.35330263  0.69713485 -0.07912081  2.5005171   0.10595589  2.0757482
 -3.079825    0.        ]","[ 8.9025672e-04  1.3833219e-02  0.0000000e+00 -2.6022889e-02
 -4.5400193e-16 -3.9753385e-02 -6.1290748e-03  0.0000000e+00]",1.9666667,59,0,59,0
60,"[ 0.3533409   0.6991719  -0.07897882  2.4944093   0.10654406  2.0674336
 -3.0803318   0.        ]","[ 2.0580696e-01 -3.9225071e+01 -7.2938323e-01  1.7544945e+01
 -2.2615848e-02  6.4334738e-01  1.8371257e-04  0.0000000e+00]",[0. 0. 0. 0. 0. 0.],"[ 0.35330263  0.69741094 -0.07912081  2.4999535   0.10594822  2.0748644
 -3.080036    0.        ]","[ 0.00010272  0.01376474  0.         -0.0267077  -0.00013696 -0.04238991
 -0.00914225  0.        ]",2.0,60,0,60,0
61,"[ 0.35344657  0.69886535 -0.07899709  2.4930372   0.10645439  2.0658875
 -3.0805385   0.        ]","[-1.5163231e-01 -4.1244122e+01 -7.7780068e-01  1.8039013e+01
 -3.4699310e-02 -6.0590917e-01 -1.7903187e-05  0.0000000e+00]",[0. 0. 0. 0. 0. 0.],"[ 0.35330454  0.6978558  -0.07912081  2.4984694   0.10587919  2.0728722
 -3.0804214   0.        ]","[ 3.4240642e-05  9.8955454e-03  0.0000000e+00 -2.9960562e-02
 -1.3353850e-03 -4.0780604e-02 -8.1492728e-03  0.0000000e+00]",2.0333333,61,0,61,0
62,"[ 0.3534203   0.6992867  -0.07859555  2.4916236   0.10732456  2.0640051
 -3.080281    0.        ]","[ 5.6253636e-01 -2.9532898e+01 -1.0866855e+00  7.3139820e+00
 -2.4638353e-02 -4.9662933e+00 -3.8763208e+00  0.0000000e+00]",[0. 0. 0. 0. 0. 0.],"[ 0.35330644  0.6980073  -0.07912081  2.4978845   0.10587919  2.0720456
 -3.0804827   0.        ]","[ 6.8481284e-05  9.1080107e-03  0.0000000e+00 -3.2699812e-02
 -9.9297869e-04 -4.5060687e-02 -6.6426848e-03  0.0000000e+00]",2.0666666,62,0,62,0
63,"[ 0.35324797  0.6993502  -0.07833292  2.490927    0.10805703  2.0633335
 -3.079941    0.        ]","[-6.5974435e-03 -3.3346210e+01 -9.7046286e-01  1.5899059e+01
 -3.7104700e-02 -8.0328280e-01  1.6311264e-03  0.0000000e+00]",[0. 0. 0. 0. 0. 0.],"[ 0.35334098  0.69825274 -0.07912081  2.4968855   0.10588302  2.070573
 -3.080525    0.        ]","[ 6.8481284e-04  8.1835138e-03  0.0000000e+00 -3.3144943e-02
  3.4240642e-05 -4.6841200e-02 -2.6707700e-03  0.0000000e+00]",2.1,63,0,63,0
64,"[ 0.3530324   0.6995924  -0.07764926  2.4888902   0.10995097  2.0619843
 -3.0788734   0.        ]","[-1.2633547e-02 -3.9761009e+01 -1.1080296e+00  7.8701119e+00
 -3.6542699e-02 -3.5536680e+00  2.6383705e-03  0.0000000e+00]",[0. 0. 0. 0. 0. 0.],"[ 0.35340232  0.69861704 -0.07911123  2.4953957   0.10600958  2.0686996
 -3.0805287   0.        ]","[ 0.00157507  0.00873136  0.0001712  -0.03571299  0.00232836 -0.04615639
 -0.00020544  0.        ]",2.1333334,64,0,64,0
65,"[ 0.35314086  0.6994502  -0.07766441  2.4882596   0.10995292  2.0613463
 -3.0788484   0.        ]","[ 6.4697492e-01 -4.1088604e+01 -4.5884660e-01  1.8084036e+01
  6.7591935e-02 -9.0298551e-01  2.0248232e-04  0.0000000e+00]",[0. 0. 0. 0. 0. 0.],"[ 0.35340807  0.6988874  -0.07903452  2.4939325   0.10636622  2.0669835
 -3.0805306   0.        ]","[ 3.4240642e-04  6.5742033e-03  1.4381070e-03 -3.4583051e-02
  7.0878132e-03 -4.2047508e-02 -6.8481284e-05  0.0000000e+00]",2.1666667,65,0,65,0
66,"[ 0.35319132  0.6997278  -0.07724103  2.4872239   0.11081886  2.0605154
 -3.0787556   0.        ]","[ 1.2910742e-01 -3.8210403e+01 -9.9724293e-01  1.7281813e+01
 -1.6024204e+00 -4.7025485e+00  2.6019609e-03  0.0000000e+00]",[0. 0. 0. 0. 0. 0.],"[ 0.35340807  0.6989526  -0.07897508  2.4933918   0.10663275  2.0663373
 -3.0805173   0.        ]","[ 6.8481284e-05  5.3072996e-03  2.4310856e-03 -3.3076461e-02
  1.0854283e-02 -3.9068572e-02  2.0544385e-04  0.0000000e+00]",2.2,66,0,66,0
67,"[ 0.35292554  0.6998303  -0.07664835  2.485558    0.11262976  2.0592513
 -3.0782382   0.        ]","[ -0.25939992 -36.208694    -1.1532212   16.280706    -0.98701507
  -0.33448178   2.513115     0.        ]",[0. 0. 0. 0. 0. 0.],"[ 0.35340807  0.69912136 -0.07852639  2.4911904   0.10805936  2.064115
 -3.079869    0.        ]","[-1.4274296e-16  3.2871016e-03  8.2177538e-03 -4.1602381e-02
  2.6741942e-02 -4.2389914e-02  1.1710300e-02  0.0000000e+00]",2.2333333,67,0,67,0
68,"[ 0.35286877  0.69945055 -0.07630099  2.4836354   0.11371905  2.0579348
 -3.0775244   0.        ]","[ -0.3173884  -31.18838     -3.7669525   17.047865    -1.1780808
   0.09245984  -0.9891589    0.        ]",[0. 0. 0. 0. 0. 0.],"[ 0.35340807  0.6991865  -0.07836533  2.4906728   0.10840642  2.0635762
 -3.0797253   0.        ]","[-1.4274296e-16  3.5267861e-03  1.0580358e-02 -4.2355675e-02
  2.7940365e-02 -4.3451376e-02  1.2874481e-02  0.0000000e+00]",2.2666667,68,0,68,0
69,"[ 0.35315514  0.69941294 -0.07581233  2.4811761   0.11469255  2.057008
 -3.0773003   0.        ]","[  1.0904282 -40.915447   -3.7676601  17.531971   -1.4494145  -0.7041586
  -0.7399671   0.       ]",[0. 0. 0. 0. 0. 0.],"[ 0.35337356  0.6995336  -0.07764819  2.488416    0.11015516  2.0616126
 -3.0791557   0.        ]","[-0.00061633  0.00671117  0.01369626 -0.04334866  0.0332819  -0.03783591
  0.01099125  0.        ]",2.3,69,0,69,0
70,"[ 0.35373038  0.69956094 -0.07555969  2.4786818   0.11495828  2.056651
 -3.077096    0.        ]","[ -0.20173545 -38.20588     -3.3569145   18.015158    -1.3288864
  -0.9530981   -0.44761568   0.        ]",[0. 0. 0. 0. 0. 0.],"[ 0.35329303  0.6996525  -0.0773203   2.487369    0.11100077  2.060792
 -3.078853    0.        ]","[-0.00205444  0.00606059  0.01349081 -0.04273232  0.0342064  -0.03478849
  0.01157334  0.        ]",2.3333333,70,0,70,0
71,"[ 0.35386628  0.6998733  -0.07524646  2.4774163   0.11536548  2.0569592
 -3.077164    0.        ]","[  0.19441952 -35.21991      7.1204615   17.311642     6.302652
  -4.297924     3.3718743    0.        ]",[0. 0. 0. 0. 0. 0.],"[ 0.35316265  0.6996621  -0.0768371   2.4855876   0.11228739  2.0594554
 -3.0782719   0.        ]","[-0.00315014  0.00089026  0.01150486 -0.04071213  0.02992632 -0.03150139
  0.01304568  0.        ]",2.3666666,71,0,71,0
72,"[ 0.3537989   0.6997134  -0.07492903  2.4757073   0.11601253  2.0567124
 -3.0771236   0.        ]","[  1.2697322  -33.68419     -3.5792563   17.719702    -1.2059296
  -0.5363821   -0.13740344   0.        ]",[0. 0. 0. 0. 0. 0.],"[ 0.35313004  0.6996621  -0.07666261  2.4848878   0.11270924  2.0589972
 -3.0780973   0.        ]","[-2.4653263e-03  3.4240642e-05  1.0135231e-02 -3.7425023e-02
  2.5475038e-02 -2.7495235e-02  1.1367894e-02  0.0000000e+00]",2.4,72,0,72,0
73,"[ 0.35353315  0.69993776 -0.07445262  2.473789    0.11713836  2.0570006
 -3.0768008   0.        ]","[ 1.7374663e+00 -4.4099667e+01  1.1116605e-02  1.7310144e+01
 -9.8628938e-01 -1.7892554e-01  8.4508210e-04  0.0000000e+00]",[0. 0. 0. 0. 0. 0.],"[ 0.3530917   0.6996621  -0.07624843  2.482744    0.11367373  2.0579982
 -3.077712    0.        ]","[-8.5601606e-04 -2.2204460e-16  8.6971233e-03 -4.2972006e-02
  1.9893814e-02 -2.0852551e-02  7.9438295e-03  0.0000000e+00]",2.4333334,73,0,73,0
74,"[ 0.35332856  0.7008315  -0.07389872  2.4710479   0.11796591  2.059083
 -3.0770783   0.        ]","[ 1.7374663e+00 -4.2793167e+01  1.1116605e-02  1.7295820e+01
 -7.8573936e-01 -2.6292554e-01  8.4508210e-04  0.0000000e+00]",[0. 0. 0. 0. 0. 0.],"[ 0.35310894  0.6996621  -0.07603559  2.4814765   0.11407448  2.057724
 -3.0775816   0.        ]","[-6.8481284e-05 -2.2204460e-16  9.4161769e-03 -5.2148499e-02
  1.9619888e-02 -1.7360006e-02  7.2932569e-03  0.0000000e+00]",2.4666667,74,0,74,0
75,"[ 0.35298085  0.7007129  -0.0733754   2.4693966   0.11899294  2.0588665
 -3.0773997   0.        ]","[ 5.2637720e-01 -4.1709091e+01 -6.1107904e-01  1.8656845e+01
 -1.1676474e+00 -9.6782172e-01  1.4265820e-03  0.0000000e+00]",[0. 0. 0. 0. 0. 0.],"[ 0.3533429   0.6996736  -0.07556581  2.4790242   0.1148664   2.0573463
 -3.0773668   0.        ]","[ 0.00448552  0.00020544  0.00989555 -0.05423718  0.01739425 -0.00852592
  0.00486217  0.        ]",2.5,75,0,75,0
76,"[ 0.35134262  0.7017191  -0.07176986  2.466975    0.12291495  2.0600135
 -3.077255    0.        ]","[-1.7531729e+00 -4.1831074e+01 -1.9689058e+00  7.6625762e+00
  6.3636599e+00 -1.3287950e+00  2.5613259e-03  0.0000000e+00]",[0. 0. 0. 0. 0. 0.],"[ 0.35340232  0.6996908  -0.0753568   2.478027    0.11529592  2.0572867
 -3.0772786   0.        ]","[ 0.00428008  0.00051361  0.00948466 -0.04776569  0.01759969 -0.00510186
  0.00410888  0.        ]",2.5333333,76,0,76,0
77,"[ 0.35151064  0.70134807 -0.07197958  2.4656055   0.1230308   2.0583637
 -3.0765355   0.        ]","[ 1.6943382e+00 -3.7533993e+01 -3.6434450e+00  1.6504393e+01
 -1.4015360e+00 -2.4771613e-01 -1.9859629e-04  0.0000000e+00]",[0. 0. 0. 0. 0. 0.],"[ 0.35340807  0.69983274 -0.07474321  2.4754307   0.11652502  2.057613
 -3.0772307   0.        ]","[ 0.0009245   0.00273925  0.01403866 -0.06108531  0.02838549  0.00503337
  0.0021914   0.        ]",2.5666666,77,0,77,0
78,"[ 0.35158393  0.7013856  -0.07175993  2.4645667   0.12325061  2.0575392
 -3.0770907   0.        ]","[-2.1809072e+00 -3.7570621e+01 -3.3349802e+00  1.7295679e+01
 -1.3392199e+00  2.0461986e+00  1.1942709e-04  0.0000000e+00]",[0. 0. 0. 0. 0. 0.],"[ 0.35323167  0.7001146  -0.07423892  2.4737089   0.11768509  2.0580194
 -3.0772212   0.        ]","[-0.0031159   0.00746446  0.01924324 -0.07361738  0.04112301  0.01307993
  0.00078753  0.        ]",2.6,78,0,78,0
79,"[ 0.35112014  0.70085144 -0.07121006  2.4621377   0.12509006  2.056829
 -3.0765707   0.        ]","[-8.9747181e+00 -3.0445789e+01  7.1799288e+00  7.6110992e+00
  6.6361523e+00  1.8643149e+00  2.8560825e-03  0.0000000e+00]",[0. 0. 0. 0. 0. 0.],"[ 0.35253754  0.7008145  -0.0731843   2.470267    0.12014137  2.0584393
 -3.0769048   0.        ]","[-0.01551101  0.01650399  0.02619409 -0.08662882  0.06111955  0.01345657
  0.00582091  0.        ]",2.6333334,79,0,79,0
80,"[ 0.35090402  0.70056677 -0.07093509  2.4608624   0.12590061  2.0566514
 -3.0761986   0.        ]","[ 3.3483257e+00 -4.1920925e+01 -3.5086918e+00  1.8599316e+01
 -1.1212291e+00 -4.3387809e-01  9.6869990e-06  0.0000000e+00]",[0. 0. 0. 0. 0. 0.],"[ 0.35229018  0.70105034 -0.07284683  2.4688845   0.12092946  2.0584278
 -3.0768607   0.        ]","[-0.01588766  0.01513436  0.0223249  -0.08032855  0.05362085  0.00606059
  0.00619756  0.        ]",2.6666667,80,0,80,0
81,"[ 0.35077864  0.7004596  -0.07030558  2.4585307   0.12718566  2.055547
 -3.076268    0.        ]","[-2.7553576e-01 -3.0884974e+01  7.0557518e+00  8.3374548e+00
 -1.1924454e+00 -1.2681199e+00  2.9609939e-03  0.0000000e+00]",[0. 0. 0. 0. 0. 0.],"[ 0.35194314  0.7012382  -0.07226008  2.4664168   0.12229279  2.0580077
 -3.0768607   0.        ]","[-0.0096901   0.00636876  0.01486044 -0.06396152  0.03557603 -0.00770414
  0.00047937  0.        ]",2.7,81,0,81,0
82,"[ 0.35100272  0.6997401  -0.07038988  2.4557898   0.12768482  2.053679
 -3.0752466   0.        ]","[ 1.1134415e+00 -4.1844269e+01  6.8367615e+00  8.1560907e+00
  6.4789238e+00 -4.1998330e-01  2.4348653e-03  0.0000000e+00]",[0. 0. 0. 0. 0. 0.],"[ 0.35164016  0.7012382  -0.07178263  2.464459    0.12354489  2.0575533
 -3.0767725   0.        ]","[-0.00760142  0.00044513  0.01236087 -0.05204578  0.03215196 -0.01181302
  0.00157507  0.        ]",2.7333333,82,0,82,0
83,"[ 0.35098282  0.699685   -0.07008156  2.454264    0.12850977  2.0542586
 -3.0746863   0.        ]","[-1.2099195e+00 -3.8590458e+01 -3.1031706e+00  1.6067528e+01
 -7.9452384e-01 -6.1264855e-01  2.7388134e-03  0.0000000e+00]",[0. 0. 0. 0. 0. 0.],"[ 0.35129118  0.7011788  -0.07135312  2.4625626   0.12476249  2.056982
 -3.0765634   0.        ]","[-0.00862864 -0.00106146  0.01068308 -0.04807386  0.0309193  -0.01355929
  0.00510186  0.        ]",2.7666667,83,0,83,0
84,"[ 0.3509987   0.69944346 -0.06992101  2.453218    0.12874867  2.0541358
 -3.0749273   0.        ]","[ 3.9845204e-01 -4.0114170e+01  7.4316316e+00  1.6707380e+01
  6.6401792e+00 -6.9452524e-01  2.3257982e-03  0.0000000e+00]",[0. 0. 0. 0. 0. 0.],"[ 0.35115695  0.70110977 -0.07110193  2.4614506   0.1253895   2.0565946
 -3.0764713   0.        ]","[-0.00801231 -0.00229412  0.01123093 -0.05053919  0.03081658 -0.01633279
  0.00493065  0.        ]",2.8,84,0,84,0
85,"[ 0.35119444  0.69863826 -0.06923395  2.4494448   0.12947178  2.0552175
 -3.0757635   0.        ]","[ -0.827968  -54.975258   -1.641687    7.60235     7.3385167  -4.019636
   2.7587445   0.       ]",[0. 0. 0. 0. 0. 0.],"[ 0.3510208   0.7008471  -0.07067624  2.458651    0.1266071   2.055588
 -3.0759037   0.        ]","[-0.00383495 -0.00537578  0.00996403 -0.0607429   0.02759796 -0.02222218
  0.01109397  0.        ]",2.8333333,85,0,85,0
86,"[ 0.35103697  0.69801885 -0.06913593  2.4481804   0.12999676  2.0545797
 -3.0754955   0.        ]","[ -0.2647289 -54.960423   -1.0528654  16.933947   -0.9133964  -4.118751
   2.5761688   0.       ]",[0. 0. 0. 0. 0. 0.],"[ 0.350994    0.7006745  -0.07054202  2.4575772   0.12705196  2.0552926
 -3.075689    0.        ]","[-0.00263653 -0.00753294  0.00907377 -0.06591324  0.02804309 -0.02208521
  0.01359353  0.        ]",2.8666666,86,0,86,0
87,"[ 0.35081673  0.6969024  -0.0689222   2.445774    0.13097557  2.0541108
 -3.0749593   0.        ]","[-7.4100889e-02 -4.3555161e+01 -5.9588110e-01  1.8328426e+01
 -1.6682059e+00 -7.9396307e-01  1.3900825e-03  0.0000000e+00]",[0. 0. 0. 0. 0. 0.],"[ 0.3509863   0.6999708  -0.07004923  2.4545918   0.12816218  2.0550013
 -3.0754647   0.        ]","[-0.00020544 -0.01338809  0.00938194 -0.0574558   0.02153736 -0.00630028
  0.00479369  0.        ]",2.9,87,0,87,0
88,"[ 0.35043544  0.6956967  -0.06825481  2.4427335   0.13269593  2.0558386
 -3.0744123   0.        ]","[-2.2067418e+00 -4.3358444e+01 -1.9698335e+00  1.7072681e+01
 -1.5209267e+00 -1.3194501e+00  2.4050474e-03  0.0000000e+00]",[0. 0. 0. 0. 0. 0.],"[ 0.3509863   0.6997081  -0.06990734  2.4536407   0.12843446  2.0549917
 -3.0754647   0.        ]","[-3.4240642e-05 -1.4723476e-02  9.4504170e-03 -5.7798203e-02
  1.9482926e-02 -2.9789358e-03  2.1229198e-03  0.0000000e+00]",2.9333334,88,0,88,0
89,"[ 0.35094947  0.69271576 -0.06808048  2.4376402   0.13279487  2.0567865
 -3.0747643   0.        ]","[-3.5702533e-01 -4.6020763e+01 -8.0474639e-01  1.8362030e+01
 -1.7020813e+00 -3.9941162e-01  2.7478239e-03  0.0000000e+00]",[0. 0. 0. 0. 0. 0.],"[ 0.35096714  0.69859403 -0.06942989  2.4500358   0.1296233   2.0547788
 -3.0753286   0.        ]","[-0.00034241 -0.01989381  0.00852592 -0.06437241  0.0212292  -0.00380071
  0.00243109  0.        ]",2.9666667,89,0,89,0
90,"[ 0.3510067   0.6899534  -0.06787208  2.4329798   0.13407984  2.0588207
 -3.0729904   0.        ]","[ 1.0444956e+00 -4.5645889e+01 -3.1144959e-01  1.8266127e+01
 -1.4303644e+00 -3.9269304e-01  2.3386364e-03  0.0000000e+00]",[0. 0. 0. 0. 0. 0.],"[ 0.35088468  0.6979785  -0.06918829  2.4483867   0.13027523  2.054844
 -3.0751464   0.        ]","[-0.00181475 -0.02448206  0.00975858 -0.07139174  0.02612561 -0.00143811
  0.00568395  0.        ]",3.0,90,0,90,0
91,"[ 0.35112992  0.68856907 -0.06749496  2.4303756   0.13442904  2.0600886
 -3.0735893   0.        ]","[ 8.7210166e-01 -4.4432240e+01 -3.9422073e+00  1.8550854e+01
 -1.6320573e+00 -1.6660136e+00  2.7032411e-03  0.0000000e+00]",[0. 0. 0. 0. 0. 0.],"[ 0.35080415  0.6965193  -0.06876261  2.445062    0.13130684  2.0554903
 -3.0749373   0.        ]","[-0.00232836 -0.03317918  0.01034067 -0.07597999  0.02499567  0.01260056
  0.00554698  0.        ]",3.0333333,91,0,91,0
92,"[ 0.3513998   0.68534356 -0.06725024  2.425385    0.13488646  2.061583
 -3.0733676   0.        ]","[ 8.7210166e-01 -4.4532738e+01 -3.8841251e-01  1.7934879e+01
 -1.4458323e+00 -1.5960137e+00  2.7032411e-03  0.0000000e+00]",[0. 0. 0. 0. 0. 0.],"[ 0.35080224  0.6960745  -0.06867632  2.4441588   0.13150625  2.0556724
 -3.0749123   0.        ]","[-0.00147235 -0.03400096  0.00914225 -0.07550061  0.02198249  0.01479196
  0.00417736  0.        ]",3.0666666,92,0,92,0
93,"[ 0.35147622  0.68432844 -0.06715208  2.4237921   0.13511454  2.0621326
 -3.0732632   0.        ]","[ 4.7149524e-01 -4.5212543e+01 -6.5148413e-01  1.7518221e+01
 -1.0715173e+00 -1.4082536e+00  1.5027353e-03  0.0000000e+00]",[0. 0. 0. 0. 0. 0.],"[ 0.35080224  0.6937121  -0.06830242  2.4395683   0.13241898  2.0565372
 -3.0746095   0.        ]","[-1.4274296e-16 -4.4992205e-02  7.1905348e-03 -8.7587565e-02
  1.7496968e-02  1.6401269e-02  5.5469843e-03  0.0000000e+00]",3.1,93,0,93,0
94,"[ 0.35231295  0.6828337  -0.06709614  2.421468    0.13385464  2.0650737
 -3.0746534   0.        ]","[  0.35790682 -56.221252    -0.7288316    7.90025      6.435497
  -1.2115688    2.9719498    0.        ]",[0. 0. 0. 0. 0. 0.],"[ 0.35080224  0.6928819  -0.06820846  2.4380171   0.1327833   2.0570183
 -3.0742989   0.        ]","[-1.4274296e-16 -4.3759540e-02  6.0605938e-03 -8.3478689e-02
  1.7668171e-02  1.9859573e-02  1.0443396e-02  0.0000000e+00]",3.1333334,94,0,94,0
95,"[ 0.35209596  0.6828451  -0.06711423  2.4215128   0.13425608  2.0646753
 -3.0741415   0.        ]","[  0.6860071 -46.117203   -0.6130841  17.969717   -0.797978   -1.1803699
  -0.5388694   0.       ]",[0. 0. 0. 0. 0. 0.],"[ 0.35080224  0.6920305  -0.06809533  2.4364045   0.13313419  2.0576646
 -3.0740879   0.        ]","[-1.4274296e-16 -3.9171293e-02  4.9306527e-03 -7.3925547e-02
  1.6606711e-02  2.4379337e-02  1.2395113e-02  0.0000000e+00]",3.1666667,95,0,95,0
96,"[ 0.3518546   0.6808015  -0.06702603  2.4182413   0.13521594  2.0656352
 -3.07299     0.        ]","[-1.0780488e+00 -5.7176338e+01 -1.2670895e+00  6.5542192e+00
  6.4479680e+00  2.3198490e+00  8.1271713e-04  0.0000000e+00]",[0. 0. 0. 0. 0. 0.],"[ 0.3508214   0.69029516 -0.0678403   2.4333575   0.13372861  2.0587997
 -3.0738578   0.        ]","[ 0.00034241 -0.0437253   0.00626604 -0.07865076  0.01585342  0.0296524
  0.00712205  0.        ]",3.2,96,0,96,0
97,"[ 0.3519529   0.679476   -0.06705181  2.4162352   0.13523656  2.0658677
 -3.0728981   0.        ]","[ 9.5505924e+00 -5.7167690e+01 -4.1375175e+00  6.0268416e+00
 -1.2648666e+00  2.2860203e+00 -7.2325050e-04  0.0000000e+00]",[0. 0. 0. 0. 0. 0.],"[ 0.3510841   0.68753976 -0.06755843  2.4288995   0.13417155  2.0607517
 -3.073735    0.        ]","[ 0.00503337 -0.05677098  0.00599211 -0.09433297  0.01037491  0.03954794
  0.0031159   0.        ]",3.2333333,97,0,97,0
98,"[ 0.3524168   0.6769207  -0.06718458  2.4123201   0.13458562  2.0675957
 -3.0730987   0.        ]","[-3.3782825e+00 -5.6296345e+01 -2.1611123e+00  7.1387310e+00
 -2.6183867e-01  1.6313788e+00  7.3448080e-04  0.0000000e+00]",[0. 0. 0. 0. 0. 0.],"[ 0.35127202  0.68646026 -0.06746448  2.4271834   0.13419648  2.061676
 -3.073737    0.        ]","[ 0.00746446 -0.05588073  0.00520458 -0.09138828  0.00541002  0.04379378
  0.00106146  0.        ]",3.2666667,98,0,98,0
99,"[ 0.3527459   0.6750041  -0.0673056   2.409458    0.13422067  2.0681863
 -3.0733168   0.        ]","[ 1.9764224e+00 -4.5672153e+01 -2.1341141e-01  1.8570631e+01
  2.5244254e-01 -7.1519095e-01  4.0545030e-03  0.0000000e+00]",[0. 0. 0. 0. 0. 0.],"[ 0.351621    0.6833942  -0.06725164  2.4222841   0.13463174  2.0636854
 -3.0736008   0.        ]","[ 0.00561547 -0.0501283   0.00338982 -0.08210906  0.00763566  0.03314494
  0.00249957  0.        ]",3.3,99,0,99,0
100,"[ 0.3530279   0.67377055 -0.0674521   2.4076967   0.13380566  2.0684395
 -3.073403    0.        ]","[ 2.9546297e+00 -4.2518963e+01 -1.6485555e-02  2.0718674e+01
  3.1971523e-01 -1.1977532e+00  5.9463712e-03  0.0000000e+00]",[0. 0. 0. 0. 0. 0.],"[ 0.35169962  0.68235874 -0.06721328  2.4207292   0.13476212  2.0642357
 -3.0734646   0.        ]","[ 0.00448552 -0.0510528   0.00256805 -0.0821433   0.00787535  0.0298236
  0.00496489  0.        ]",3.3333333,100,0,100,0
101,"[ 0.35325685  0.67245984 -0.0674859   2.4051447   0.13369249  2.0703757
 -3.0730925   0.        ]","[-1.3043423e+00 -4.7326344e+01 -1.1601574e+00  6.2760406e+00
 -6.4056888e-02  2.0219724e+00 -3.6293408e-04  0.0000000e+00]",[0. 0. 0. 0. 0. 0.],"[ 0.35204092  0.679333   -0.06718261  2.4161272   0.1347813   2.065994
 -3.073319    0.        ]","[ 0.00691661 -0.06389304  0.0009245  -0.09683254  0.00140387  0.03728806
  0.00383495  0.        ]",3.3666666,101,0,101,0
102,"[ 0.35362557  0.6695782  -0.06787427  2.4008644   0.13342473  2.0705369
 -3.072088    0.        ]","[-9.2804563e-01 -4.7238922e+01 -1.0767506e+00  1.6420879e+01
  7.6573558e-02 -1.9081488e+00  3.2551873e-03  0.0000000e+00]",[0. 0. 0. 0. 0. 0.],"[ 0.3522154   0.6781806  -0.06718261  2.414127    0.13476212  2.0667036
 -3.0732863   0.        ]","[ 0.00890257 -0.07022756  0.00044513 -0.1127202  -0.0001712   0.04191055
  0.00287621  0.        ]",3.4,102,0,102,0
103,"[ 0.35476017  0.66711175 -0.06851768  2.3972874   0.13161227  2.07024
 -3.0720286   0.        ]","[ 1.9421937e+00 -4.1644836e+01 -5.5414152e-01  1.9269485e+01
  1.8597458e-01 -1.6893889e+00  6.7520398e-03  0.0000000e+00]",[0. 0. 0. 0. 0. 0.],"[ 0.35259506  0.67530054 -0.06718261  2.4098148   0.13457997  2.068341
 -3.0731273   0.        ]","[ 8.2177538e-03 -6.1496194e-02  5.9476234e-18 -9.2963345e-02
 -3.5952674e-03  3.5986915e-02  3.1501390e-03  0.0000000e+00]",3.4333334,103,0,103,0
104,"[ 0.35475436  0.66583645 -0.06858234  2.3952565   0.13177088  2.0699759
 -3.0715435   0.        ]","[-1.7635176e+00 -4.3825191e+01 -1.5409651e+00  1.6843075e+01
 -9.1274962e-02  2.6826117e+00  1.0432977e-03  0.0000000e+00]",[0. 0. 0. 0. 0. 0.],"[ 0.3527945   0.67415196 -0.06724013  2.4080584   0.13438247  2.0687878
 -3.072949    0.        ]","[ 0.00832048 -0.05632586 -0.00102722 -0.08371837 -0.006403    0.02879638
  0.00534154  0.        ]",3.4666667,104,0,104,0
105,"[ 0.3548584   0.6638835  -0.06871759  2.3918831   0.13189349  2.069217
 -3.0708687   0.        ]","[ -2.3196454  -44.235       -1.0871618   19.521454     1.8299444
  -0.850351     0.30519167   0.        ]",[0. 0. 0. 0. 0. 0.],"[ 0.3533103   0.6716343  -0.06741654  2.403836    0.13384558  2.0695202
 -3.0724945   0.        ]","[ 0.01129941 -0.05803789 -0.00390343 -0.0938536  -0.0118815   0.01749697
  0.01034067  0.        ]",3.5,105,0,105,0
106,"[ 0.35515836  0.6625183  -0.0687478   2.3895936   0.13156183  2.0687954
 -3.070895    0.        ]","[ -2.1186454  -45.038998    -1.0871618   18.919804     1.5864193
  -0.696351     0.40319166   0.        ]",[0. 0. 0. 0. 0. 0.],"[ 0.35348287  0.67084813 -0.06755076  2.402724    0.13360398  2.0696027
 -3.0723794   0.        ]","[ 0.01229239 -0.05899663 -0.00554698 -0.09525747 -0.0139017   0.01455227
  0.01016947  0.        ]",3.5333333,106,0,106,0
107,"[ 0.35710165  0.658157   -0.0702946   2.383002    0.12923251  2.0636885
 -3.0682003   0.        ]","[ -2.5865824 -55.585606   -0.7792915   5.7654676   1.6148194  -2.1179304
   0.2865048   0.       ]",[0. 0. 0. 0. 0. 0.],"[ 0.3543419   0.66692305 -0.06819503  2.3967798   0.1324995   2.0696507
 -3.0716355   0.        ]","[ 0.01266904 -0.06070866 -0.00979282 -0.08916263 -0.01588766  0.00013696
  0.01150486  0.        ]",3.5666666,107,0,107,0
108,"[ 0.35804278  0.65597826 -0.07116136  2.3806157   0.12848727  2.056672
 -3.0660548   0.        ]","[ -2.5865824 -55.585606   -0.7792915   5.7654676   1.6148194  -2.1179304
   0.2865048   0.       ]",[0. 0. 0. 0. 0. 0.],"[ 0.3543419   0.66692305 -0.06819503  2.3967798   0.1324995   2.0696507
 -3.0716355   0.        ]","[ 0.01266904 -0.06070866 -0.00979282 -0.08916263 -0.01588766  0.00013696
  0.01150486  0.        ]",3.6,108,0,108,0
109,"[ 0.3585617   0.65462637 -0.07201343  2.3798501   0.12822257  2.051735
 -3.063302    0.        ]","[ -2.3952978  -44.375225    -1.241644    17.382135     1.3351145
  -0.31763735  -0.26110092   0.        ]",[0. 0. 0. 0. 0. 0.],"[ 0.35517982  0.6637362  -0.06875877  2.39171     0.13149667  2.0678406
 -3.0707917   0.        ]","[ 0.01393594 -0.05286755 -0.00958738 -0.08275963 -0.01705184 -0.03156987
  0.01427835  0.        ]",3.6333334,109,0,109,0
110,"[ 0.35835853  0.65402573 -0.07249542  2.379164    0.12910199  2.0502827
 -3.0603776   0.        ]","[ -3.4506216  -42.358994    -0.4023749   20.386044     1.7029083
   0.11467143  -0.6014256    0.        ]",[0. 0. 0. 0. 0. 0.],"[ 0.35529295  0.66345054 -0.06882396  2.3911462   0.13138546  2.0676124
 -3.070694    0.        ]","[ 0.01431259 -0.05023102 -0.00965586 -0.08128729 -0.01722304 -0.03321342
  0.01444955  0.        ]",3.6666667,110,0,110,0
111,"[ 0.3597975   0.65192056 -0.0735679   2.3760493   0.12711447  2.0467856
 -3.0585315   0.        ]","[ -1.8049536  -48.84177      0.47045854  17.020693     0.97761786
  -1.2898151    0.13095635   0.        ]",[0. 0. 0. 0. 0. 0.],"[ 0.35645303  0.66022724 -0.06981339  2.3861244   0.13006431  2.0634093
 -3.0686576   0.        ]","[ 0.0190378  -0.05160065 -0.01612734 -0.08077367 -0.02136616 -0.06998787
  0.03393248  0.        ]",3.7,111,0,111,0
112,"[ 0.36017022  0.650825   -0.07381929  2.3743732   0.12733772  2.042535
 -3.0572317   0.        ]","[  3.5845    -57.912216   -9.781453    8.395095    1.2978859  -4.7024207
   4.3787446   0.       ]",[0. 0. 0. 0. 0. 0.],"[ 0.35702637  0.6585111  -0.07050367  2.384157    0.1296233   2.060117
 -3.066905    0.        ]","[ 0.02235914 -0.06214677 -0.02294123 -0.0828966  -0.02037318 -0.1127202
  0.05447686  0.        ]",3.7333333,112,0,112,0
113,"[ 0.36033404  0.6495368  -0.07393307  2.371949    0.12857135  2.0369048
 -3.0553527   0.        ]","[ -3.037395   -41.923664     1.8685954   17.944422     1.0411822
   0.4005578   -0.92666537   0.        ]",[0. 0. 0. 0. 0. 0.],"[ 0.35757476  0.6567988  -0.07119589  2.3822799   0.12927431  2.0567346
 -3.0647018   0.        ]","[ 0.02170857 -0.06567355 -0.02633105 -0.07467884 -0.01571646 -0.1284709
  0.0746446   0.        ]",3.7666667,113,0,113,0
114,"[ 0.36124808  0.64780736 -0.07493304  2.3696544   0.12815602  2.0324488
 -3.0515912   0.        ]","[ -1.973685   -42.51777      1.0665531   16.431164     0.66780263
  -0.15411688  -0.5016685    0.        ]",[0. 0. 0. 0. 0. 0.],"[ 0.35795057  0.6556771  -0.07167526  2.381066    0.128933    2.0544548
 -3.0633461   0.        ]","[ 0.02095527 -0.06563931 -0.02711859 -0.07074117 -0.01523709 -0.13155255
  0.07936981  0.        ]",3.8,114,0,114,0
115,"[ 0.36326855  0.64466685 -0.07595476  2.3644001   0.1268618   2.026348
 -3.048071    0.        ]","[-1.0776222e+00 -5.5939350e+01  1.1029682e+00  7.1111612e+00
 -3.6360513e-02 -4.2593398e+00 -4.3666655e-01  0.0000000e+00]",[0. 0. 0. 0. 0. 0.],"[ 0.3591375   0.6525804  -0.07291011  2.3765101   0.12846898  2.0460753
 -3.0593271   0.        ]","[ 0.02119496 -0.05529864 -0.02205097 -0.08135577 -0.00828624 -0.1496316
  0.07176839  0.        ]",3.8333333,115,0,115,0
116,"[ 0.36371297  0.6436071  -0.07605676  2.3621085   0.12683734  2.0242712
 -3.047495    0.        ]","[ 10.917833   -56.687187    -9.737276     6.9060497   -0.13537292
  -4.7530165    3.7194302    0.        ]",[0. 0. 0. 0. 0. 0.],"[ 0.35947114  0.6518172  -0.0732169   2.3752697   0.12842679  2.0435922
 -3.058031    0.        ]","[ 0.01951717 -0.04954621 -0.01927748 -0.07731537 -0.00356103 -0.14829622
  0.07276136  0.        ]",3.8666666,116,0,116,0
117,"[ 0.36414924  0.6420481  -0.07596222  2.3586736   0.12792026  2.0199714
 -3.0458374   0.        ]","[-1.7112932e+00 -4.4902702e+01  1.2306515e+00  1.7895861e+01
  2.1192302e-01 -1.6650935e-01 -1.9067612e-02  0.0000000e+00]",[0. 0. 0. 0. 0. 0.],"[ 0.3598834   0.65089107 -0.07359273  2.3739119   0.12837502  2.0410976
 -3.056585    0.        ]","[ 0.01931172 -0.04632759 -0.01831874 -0.07149446 -0.00215716 -0.13836643
  0.07259016  0.        ]",3.9,117,0,117,0
118,"[ 0.36563933  0.63830113 -0.07672228  2.3519692   0.12807584  2.0118454
 -3.041762    0.        ]","[ -0.8451049  -45.76127     -9.23514     17.460056    -6.190268
  -0.14416239  -0.3941918    0.        ]",[0. 0. 0. 0. 0. 0.],"[ 0.36168775  0.6473802  -0.07483333  2.368219    0.12768473  2.0325706
 -3.051851    0.        ]","[ 0.03095354 -0.05879118 -0.02057863 -0.09734615 -0.01218967 -0.1447352
  0.0797807   0.        ]",3.9333334,118,0,118,0
119,"[ 0.3661387   0.63693464 -0.07694587  2.3494065   0.12813632  2.0095243
 -3.0405655   0.        ]","[ -1.6843423  -44.342846     1.2944722   17.328638    -5.980134
  -0.7231963   -0.39746934   0.        ]",[0. 0. 0. 0. 0. 0.],"[ 0.3623071   0.64605516 -0.07516314  2.3660963   0.12756968  2.0297346
 -3.0504513   0.        ]","[ 0.03057689 -0.05879118 -0.01777089 -0.09861305 -0.01013523 -0.13617504
  0.06844705  0.        ]",3.9666667,119,0,119,0
120,"[ 0.36641228  0.63614124 -0.07695978  2.3475726   0.12805425  2.0082288
 -3.0403597   0.        ]","[ -0.8446295 -43.228096    1.1944755  16.678425   -0.1366253  -0.8520742
  -0.7871973   0.       ]",[0. 0. 0. 0. 0. 0.],"[ 0.36319488  0.6438904  -0.0755754   2.362367    0.12756968  2.0247588
 -3.0480466   0.        ]","[ 0.02314667 -0.05396325 -0.01085428 -0.0924155  -0.00068481 -0.1233348
  0.05861998  0.        ]",4.0,120,0,120,0
121,"[ 0.3670919   0.63352156 -0.07688003  2.3424268   0.12878342  2.0036945
 -3.0388362   0.        ]","[ 11.560706  -54.833992   -9.347271    7.300173   -0.308926   -4.163318
   3.6169996   0.       ]",[0. 0. 0. 0. 0. 0.],"[ 0.36366466  0.6427456  -0.07580933  2.3601925   0.12756968  2.0220628
 -3.0467772   0.        ]","[ 2.2598824e-02 -5.5367120e-02 -1.0751562e-02 -9.9092416e-02
 -4.5994953e-16 -1.2860785e-01  6.0023848e-02  0.0000000e+00]",4.0333333,121,0,121,0
122,"[ 0.36723983  0.6326969  -0.0769223   2.3406167   0.12904282  2.0022018
 -3.0382254   0.        ]","[ -0.8429992  -45.45843      1.3910375   17.871124     0.3028208
   0.25650853  -0.17444052   0.        ]",[0. 0. 0. 0. 0. 0.],"[ 0.3643607   0.6412078  -0.07611229  2.3570707   0.12764062  2.018362
 -3.0450325   0.        ]","[ 0.02225642 -0.05279907 -0.01058036 -0.10128382  0.0012669  -0.12306087
  0.05793517  0.        ]",4.0666666,122,0,122,0
123,"[ 0.3678041   0.6300204  -0.07709643  2.335088    0.12956098  1.9982948
 -3.0365982   0.        ]","[ -0.97531414 -44.5712       1.5657114   19.519022     0.54798836
   0.328024    -1.1630666    0.        ]",[0. 0. 0. 0. 0. 0.],"[ 0.3650299   0.63942456 -0.07635773  2.3537555   0.12777677  2.0148761
 -3.0434103   0.        ]","[ 0.02098951 -0.05259363 -0.00835472 -0.09953755  0.00349255 -0.11213811
  0.05132672  0.        ]",4.1,123,0,123,0
124,"[ 0.36820275  0.62868077 -0.07707877  2.3324275   0.12970436  1.9968266
 -3.0361133   0.        ]","[ 10.972952  -55.269764   -3.4447825   6.0438952  -0.5207594  -4.828086
   3.7790399   0.       ]",[0. 0. 0. 0. 0. 0.],"[ 0.3658851   0.63688004 -0.07657057  2.348958    0.12814492  2.0101495
 -3.0414736   0.        ]","[ 0.02109224 -0.06221525 -0.00585515 -0.11498008  0.00801231 -0.11686331
  0.04875867  0.        ]",4.133333,124,0,124,0
125,"[ 0.3687126   0.62588614 -0.07724056  2.3266582   0.13023676  1.9929626
 -3.0347097   0.        ]","[ 10.081902   -43.691875    -2.14459     16.89534     -1.8644903
  -1.16164      0.08643046   0.        ]",[0. 0. 0. 0. 0. 0.],"[ 0.36631843  0.6355685  -0.07666069  2.3464077   0.1283846   2.0077622
 -3.0405226   0.        ]","[ 0.02116072 -0.06492026 -0.00499913 -0.12141732  0.01040915 -0.11967105
  0.04845051  0.        ]",4.1666665,125,0,125,0
126,"[ 0.36905465  0.6241674  -0.07731638  2.3229783   0.13038836  1.9906276
 -3.0342329   0.        ]","[  9.622129   -55.33887     -3.7653368    7.072451    -0.59712434
  -4.9374743    2.9386408    0.        ]",[0. 0. 0. 0. 0. 0.],"[ 0.36709312  0.63295114 -0.0768256   2.340872    0.12889656  2.0031738
 -3.0386453   0.        ]","[ 0.0151686  -0.05064191 -0.00318438 -0.1064884   0.00989555 -0.08892295
  0.0373223   0.        ]",4.2,126,0,126,0
127,"[ 0.36946836  0.62057    -0.07739392  2.3154886   0.13122265  1.985946
 -3.0329347   0.        ]","[ -2.5504575  -43.495144     1.0140233   19.0309       0.4769929
   0.25360486  -1.2034584    0.        ]",[0. 0. 0. 0. 0. 0.],"[ 0.3673673   0.63181794 -0.0768927   2.338519    0.12910174  2.001381
 -3.0379531   0.        ]","[ 0.01393594 -0.05187457 -0.0031159  -0.11049455  0.00982706 -0.08642338
  0.03543907  0.        ]",4.233333,127,0,127,0
128,"[ 0.36966997  0.6179374  -0.07732232  2.3093345   0.13191645  1.9834096
 -3.032496    0.        ]","[ -2.7137413  -44.02061      0.63780147  18.482195    -1.8282452
  -0.5023513   -0.6979767    0.        ]",[0. 0. 0. 0. 0. 0.],"[ 0.36790228  0.62946707 -0.07702117  2.33362     0.12951975  1.9978642
 -3.036726    0.        ]","[ 0.01352505 -0.05721612 -0.00318438 -0.12175973  0.0104434  -0.08885447
  0.03187804  0.        ]",4.266667,128,0,128,0
129,"[ 0.37004718  0.61517066 -0.07729584  2.3031344   0.13225481  1.9811462
 -3.0321603   0.        ]","[ -2.3117414  -44.606857     0.63780147  18.396244    -1.7566202
  -0.75435126  -0.22197668   0.        ]",[0. 0. 0. 0. 0. 0.],"[ 0.3681669   0.62814593 -0.07708254  2.330857    0.12973067  1.9959602
 -3.0361295   0.        ]","[ 0.01338809 -0.0607429  -0.0031159  -0.12901874  0.01054612 -0.09080619
  0.03040569  0.        ]",4.3,129,0,129,0
130,"[ 0.37031373  0.6130241  -0.07729784  2.2988546   0.13255323  1.9787257
 -3.0318398   0.        ]","[ -2.591362   -43.389122    -0.20035557  18.367508    -1.4883852
  -0.38040963  -0.16026758   0.        ]",[0. 0. 0. 0. 0. 0.],"[ 0.3688591   0.6244452  -0.07721676  2.323423    0.13034043  1.9910381
 -3.0345726   0.        ]","[ 0.01140213 -0.05954448 -0.00212292 -0.12268423  0.01016947 -0.08094488
  0.02568048  0.        ]",4.3333335,130,0,130,0
131,"[ 0.37083274  0.61057496 -0.07738888  2.2935631   0.13244145  1.9767252
 -3.0315335   0.        ]","[ -1.4246624 -54.628063   -1.493561    7.6000643  -1.5179799  -3.6703632
   3.2114203   0.       ]",[0. 0. 0. 0. 0. 0.],"[ 0.3690221   0.6234079  -0.07723977  2.3212812   0.13057053  1.9896555
 -3.0341372   0.        ]","[ 0.00914225 -0.05115552 -0.00136963 -0.10614599  0.01030643 -0.06892642
  0.02208521  0.        ]",4.366667,131,0,131,0
132,"[ 0.37138104  0.6088118  -0.07736909  2.289467    0.1319445   1.9755268
 -3.0320768   0.        ]","[  1.4223888  -44.828278    -0.37535405  18.45947     -1.3748837
  -0.11022885  -0.6949085    0.        ]",[0. 0. 0. 0. 0. 0.],"[ 0.36928862  0.62122965 -0.07727236  2.316307    0.13105756  1.9870056
 -3.0334547   0.        ]","[ 0.00708781 -0.05273059 -0.00089026 -0.11970529  0.01205271 -0.06711166
  0.01845571  0.        ]",4.4,132,0,132,0
133,"[ 0.37149084  0.6077093  -0.07737033  2.2872558   0.1321538   1.9745059
 -3.031889    0.        ]","[  0.20374157 -44.464043    -0.9034334   16.030378     6.0512486
  -0.18027553   2.898083     0.        ]",[0. 0. 0. 0. 0. 0.],"[ 0.36949188  0.6193716  -0.07728387  2.3123994   0.13138737  1.9852377
 -3.0330713   0.        ]","[ 0.00756718 -0.06522842 -0.00061633 -0.14589939  0.01325113 -0.07108358
  0.01640127  0.        ]",4.4333334,133,0,133,0
134,"[ 0.37176645  0.60642713 -0.07735756  2.284359    0.13217814  1.9731472
 -3.0318434   0.        ]","[  0.52218026 -44.552174    -0.70550936  17.957928    -1.2000078
  -0.7188456   -0.4960028    0.        ]",[0. 0. 0. 0. 0. 0.],"[ 0.3697603   0.61719906 -0.07729538  2.3074906   0.13178046  1.9829328
 -3.0326455   0.        ]","[ 0.00784111 -0.06522842 -0.00034241 -0.14610483  0.01191574 -0.06735134
  0.01325113  0.        ]",4.4666667,134,0,134,0
135,"[ 0.3719899   0.6051408  -0.07739618  2.2816424   0.1321768   1.9718078
 -3.0316923   0.        ]","[-1.5880559e-01 -5.4839375e+01 -9.9178970e-01  1.6806065e+01
 -2.2576589e-02 -3.7593470e+00  3.1067581e+00  0.0000000e+00]",[0. 0. 0. 0. 0. 0.],"[ 0.36990798  0.6159393  -0.07730304  2.3048291   0.13194536  1.9816769
 -3.0324366   0.        ]","[ 0.00743022 -0.06129075 -0.00034241 -0.13518205  0.00996403 -0.06358487
  0.01133365  0.        ]",4.5,135,0,135,0
136,"[ 0.37309185  0.6018479  -0.077771    2.2743943   0.13139291  1.9680035
 -3.0307782   0.        ]","[ 1.0027882e+01 -5.4070961e+01 -1.4121064e+00  7.1461029e+00
 -6.6735886e-02 -3.9151115e+00  1.3103823e-03  0.0000000e+00]",[0. 0. 0. 0. 0. 0.],"[ 0.37048703  0.6126259  -0.07731263  2.2979455   0.1320278   1.9788046
 -3.0322082   0.        ]","[ 0.01140213 -0.06718014 -0.00023968 -0.13980454  0.0021914  -0.06033201
  0.00520458  0.        ]",4.5333333,136,0,136,0
137,"[ 0.37353137  0.5990125  -0.07786462  2.2688313   0.13139737  1.9654012
 -3.0305662   0.        ]","[ 1.01813545e+01 -5.68248367e+01 -2.73900414e+00  4.51049471e+00
 -3.09592336e-01 -5.00872707e+00  8.16882646e-04  0.00000000e+00]",[0. 0. 0. 0. 0. 0.],"[ 0.37082067  0.6111053  -0.07731455  2.2943578   0.13206233  1.9774239
 -3.032118    0.        ]","[ 1.33538507e-02 -6.84812889e-02 -1.02721926e-04 -1.48844078e-01
  1.40386634e-03 -6.02292903e-02  3.93767375e-03  0.00000000e+00]",4.5666666,137,0,137,0
138,"[ 0.374158    0.5976423  -0.07787487  2.264963    0.13155603  1.9625262
 -3.0297656   0.        ]","[-1.7589941e+00 -5.5124123e+01 -1.3179717e+00  7.6215882e+00
 -5.0480872e-02  1.2050664e-01  1.5189118e-03  0.0000000e+00]",[0. 0. 0. 0. 0. 0.],"[ 0.3713154   0.6086587  -0.07732414  2.2889736   0.13209875  1.9750309
 -3.031942    0.        ]","[ 0.012806   -0.06242069 -0.00020544 -0.13874309  0.00102722 -0.06043473
  0.00431432  0.        ]",4.6,138,0,138,0
139,"[ 0.3751084   0.5949709  -0.07812851  2.2596555   0.13102967  1.9601077
 -3.0289254   0.        ]","[ 1.0196502e+01 -5.4031696e+01 -2.4833920e+00  7.0984488e+00
 -1.8522215e-01 -4.1404004e+00  8.6789887e-04  0.0000000e+00]",[0. 0. 0. 0. 0. 0.],"[ 0.37185228  0.606258   -0.07741426  2.284059    0.13209875  1.9726495
 -3.0315852   0.        ]","[ 0.01400442 -0.06498874 -0.00174627 -0.13490812  0.00020544 -0.06392728
  0.00801231  0.        ]",4.633333,139,0,139,0
140,"[ 0.37555137  0.5936494  -0.07822543  2.2568264   0.13095403  1.95901
 -3.0284166   0.        ]","[-1.9640040e+00 -4.4377514e+01  1.0210664e-01  1.7452576e+01
  2.0985456e-01  8.1126750e-02  1.9284344e-03  0.0000000e+00]",[0. 0. 0. 0. 0. 0.],"[ 0.37253106  0.6034834  -0.07759067  2.277998    0.13194536  1.9697943
 -3.0311768   0.        ]","[ 0.01564797 -0.06567355 -0.00400616 -0.13891429 -0.00273925 -0.06683774
  0.00986131  0.        ]",4.6666665,140,0,140,0
141,"[ 0.37598786  0.59161466 -0.07831047  2.2528539   0.13081987  1.9570782
 -3.0282595   0.        ]","[-2.0310040e+00 -4.4159763e+01  1.0210664e-01  1.7825026e+01
  2.0985456e-01  2.3512675e-01  1.9284344e-03  0.0000000e+00]",[0. 0. 0. 0. 0. 0.],"[ 0.37258667  0.60325134 -0.07760409  2.2775052   0.13193193  1.9695393
 -3.0311365   0.        ]","[ 0.01547677 -0.0649545  -0.0040404  -0.1374077  -0.00297894 -0.0649545
  0.00982706  0.        ]",4.7,141,0,141,0
142,"[ 0.37691694  0.58931255 -0.07819059  2.2479715   0.13082527  1.9561231
 -3.0273588   0.        ]","[ -1.3876314  -43.64355     -0.80178887  17.248215     0.05966018
  -0.8258203    0.15192139   0.        ]",[0. 0. 0. 0. 0. 0.],"[ 0.3733786   0.6003656  -0.07777858  2.2712312   0.13168842  1.9661435
 -3.030427    0.        ]","[ 0.01756545 -0.06440665 -0.00390343 -0.14240684 -0.00527306 -0.07443916
  0.01486044  0.        ]",4.733333,142,0,142,0
143,"[ 0.37751043  0.58610123 -0.07840139  2.2419372   0.13060501  1.9528167
 -3.026845    0.        ]","[-1.2840204e+00 -4.4598984e+01 -1.3844875e+00  1.6263361e+01
 -4.1638106e-02 -3.3982381e-01  1.5756369e-01  0.0000000e+00]",[0. 0. 0. 0. 0. 0.],"[ 0.37392506  0.5985478  -0.07788212  2.2674327   0.13151968  1.9642011
 -3.0299132   0.        ]","[ 0.02095527 -0.0707754  -0.0042116  -0.1540829  -0.00653996 -0.07984918
  0.01914052  0.        ]",4.766667,143,0,143,0
144,"[ 0.37785986  0.5843926  -0.07854632  2.238681    0.13053568  1.9514507
 -3.0262356   0.        ]","[ -1.4712951  -45.103577    -2.5985851   16.523457    -0.25109187
  -0.5879767   -0.5690315    0.        ]",[0. 0. 0. 0. 0. 0.],"[ 0.37508705  0.5948528  -0.07805086  2.259335    0.13120522  1.960437
 -3.0288987   0.        ]","[ 0.01924324 -0.06132499 -0.00277349 -0.13442877 -0.00510186 -0.06214677
  0.01629855  0.        ]",4.8,144,0,144,0
145,"[ 0.37893698  0.57961655 -0.07886066  2.2301102   0.12987426  1.9473565
 -3.025518    0.        ]","[ -1.5551828  -43.463055    -0.50571275  17.643934     0.10986878
  -0.4260573   -0.8348679    0.        ]",[0. 0. 0. 0. 0. 0.],"[ 0.3756623   0.5928203  -0.0781103   2.2552125   0.13108441  1.9587497
 -3.0283656   0.        ]","[ 0.01958565 -0.06728286 -0.00232836 -0.13874309 -0.00448552 -0.05978416
  0.01766817  0.        ]",4.8333335,145,0,145,0
146,"[ 0.37943488  0.5782251  -0.07902674  2.227615    0.12924023  1.9460973
 -3.0253644   0.        ]","[ -1.8803653  -43.589516     0.93838614  19.748648     0.3418358
  -0.4030458   -0.9627191    0.        ]",[0. 0. 0. 0. 0. 0.],"[ 0.37638137  0.58999395 -0.07822343  2.2497056   0.13091184  1.9562167
 -3.0276678   0.        ]","[ 0.0201335  -0.0764936  -0.00284197 -0.15144636 -0.00465673 -0.06817312
  0.01924324  0.        ]",4.866667,146,0,146,0
147,"[ 0.37996915  0.5766519  -0.07927784  2.224764    0.12862624  1.9446446
 -3.024887    0.        ]","[ 10.62327    -55.49397     -0.77521664   7.2138176    0.05589103
  -3.4133017    2.7636664    0.        ]",[0. 0. 0. 0. 0. 0.],"[ 0.37680128  0.5882452  -0.07831164  2.2462828   0.13078529  1.954654
 -3.0272765   0.        ]","[ 0.02033894 -0.08169817 -0.00359527 -0.15945867 -0.00534154 -0.07313801
  0.01944868  0.        ]",4.9,147,0,147,0
148,"[ 0.38050705  0.5735303  -0.07944293  2.2190237   0.12841575  1.9417223
 -3.0245554   0.        ]","[ 11.281619   -56.628757    -3.014847     5.7652893   -0.31322962
  -4.532721     3.080461     0.        ]",[0. 0. 0. 0. 0. 0.],"[ 0.3775031   0.5854438  -0.07849571  2.2408352   0.13046698  1.9521785
 -3.0267186   0.        ]","[ 0.02003078 -0.08125304 -0.00486217 -0.15839721 -0.00794383 -0.07211079
  0.01694912  0.        ]",4.9333334,148,0,148,0
149,"[ 0.3812596   0.57014805 -0.07962351  2.2125828   0.12792438  1.9384075
 -3.0243475   0.        ]","[ -1.6818818  -43.496796     1.1975638   18.717003     1.205139
  -0.17888318  -0.50090206   0.        ]",[0. 0. 0. 0. 0. 0.],"[ 0.37802655  0.5834553  -0.07863952  2.2373838   0.13013525  1.9505467
 -3.0263255   0.        ]","[ 0.02020198 -0.08008886 -0.00551274 -0.14504336 -0.01095701 -0.06868673
  0.01588766  0.        ]",4.9666667,149,0,149,0
150,"[ 0.38285232  0.5676531  -0.08027869  2.2069447   0.12553182  1.9347495
 -3.0238514   0.        ]","[ -2.4206407  -43.3948      -0.29818863  18.886812     0.9416854
  -0.61554533  -0.2593742    0.        ]",[0. 0. 0. 0. 0. 0.],"[ 0.37920004  0.57928866 -0.07897317  2.2295108   0.12934335  1.9467827
 -3.0255413   0.        ]","[ 0.02253034 -0.08183514 -0.00636876 -0.1507273  -0.0151686  -0.07217927
  0.01554525  0.        ]",5.0,150,0,150,0
151,"[ 0.38345936  0.56234175 -0.07997802  2.195593    0.12597026  1.9283906
 -3.024959    0.        ]","[ -2.3610473  -43.452812    -2.4938917   17.131458     0.67520845
  -0.67050785  -0.35867846   0.        ]",[0. 0. 0. 0. 0. 0.],"[ 0.38047516  0.5740923  -0.07939693  2.2197566   0.12833667  1.941941
 -3.024753    0.        ]","[ 0.02136616 -0.08714244 -0.00691661 -0.16305394 -0.01705184 -0.08118457
  0.01307993  0.        ]",5.0333333,151,0,151,0
152,"[ 0.38419285  0.5596805  -0.08074672  2.1901717   0.12575021  1.9273329
 -3.0214376   0.1746031 ]","[ -2.2336767  -43.01553     -0.77742696  17.549976    -6.0424523
  -1.0482411    3.1887856    0.        ]",[0. 0. 0. 0. 0. 0.],"[ 0.38098714  0.57253915 -0.07958484  2.216704    0.12775567  1.9403285
 -3.0245345   0.1746031 ]","[ 0.02304395 -0.08245147 -0.00763566 -0.15689063 -0.02239338 -0.08049975
  0.0115391   0.        ]",5.0666666,152,0,152,0
153,"[ 0.3853717   0.55405426 -0.08000113  2.1786463   0.12484688  1.9215637
 -3.0251644   1.        ]","[ 9.4242439e+00 -5.4296070e+01 -1.9880323e+00  5.8119307e+00
  2.0046356e+00 -4.4386249e+00 -1.1998106e-03  0.0000000e+00]",[0. 0. 0. 0. 0. 0.],"[ 0.3824444   0.5668251  -0.07994341  2.2049458   0.12655342  1.9338378
 -3.0242047   1.        ]","[ 0.01753121 -0.07313801 -0.00342406 -0.15209693 -0.01273752 -0.08371837
  0.00273925  0.        ]",5.1,153,0,153,0
154,"[ 0.38557255  0.5520882  -0.079635    2.1744523   0.12497682  1.9200711
 -3.026464    1.        ]","[  9.739052  -56.03976    -2.3309329   5.6607914  -5.703647   -4.210138
   2.9329276   0.       ]",[0. 0. 0. 0. 0. 0.],"[ 0.38292763  0.5648539  -0.08012941  2.2008252   0.12622553  1.9318225
 -3.023662    1.        ]","[ 0.01855843 -0.07632239 -0.00506762 -0.16312242 -0.01239511 -0.08406078
  0.01147061  0.        ]",5.133333,154,0,154,0
155,"[ 0.3851394   0.5522472  -0.07926717  2.1741219   0.1259559   1.9206325
 -3.0270767   1.        ]","[ -1.8506918  -43.21039     -2.5057464   18.880203    -5.5604086
  -0.4081213    0.04533471   0.        ]",[0. 0. 0. 0. 0. 0.],"[ 0.38390747  0.5608502  -0.08037101  2.1928465   0.12549305  1.9281199
 -3.0233266   1.        ]","[ 0.02201673 -0.08977897 -0.00626604 -0.1802085  -0.01636703 -0.08642338
  0.01126517  0.        ]",5.1666665,155,0,155,0
156,"[ 0.38575542  0.54662454 -0.07961625  2.1637878   0.12600893  1.9153782
 -3.0265136   1.        ]","[  9.675336   -53.427795    -0.97547156   6.92066      0.05730486
  -3.7540965    0.3467093    0.        ]",[0. 0. 0. 0. 0. 0.],"[ 0.38452297  0.5576308  -0.08030198  2.1861546   0.12526487  1.925142
 -3.0243697   1.        ]","[ 0.01636703 -0.08152697  0.00089026 -0.16514263 -0.00804655 -0.07597999
 -0.02160585  0.        ]",5.2,156,0,156,0
157,"[ 0.386251    0.54431397 -0.07983103  2.159876    0.12555319  1.913949
 -3.0263748   1.        ]","[ -2.7735121  -41.148277     0.46746495  19.151926     0.20788312
  -0.10680116   0.5430528    0.        ]",[0. 0. 0. 0. 0. 0.],"[ 0.38469362  0.5564726  -0.08021569  2.1836638   0.12526487  1.9241794
 -3.0249257   1.        ]","[ 0.01249783 -0.07276136  0.00277349 -0.14904952 -0.00318438 -0.06522842
 -0.02728979  0.        ]",5.233333,157,0,157,0
158,"[ 0.3855751   0.5396217  -0.07815276  2.1487074   0.12766717  1.9099975
 -3.0323415   1.        ]","[-3.7240371e-01 -5.7015522e+01 -8.4810603e-01  5.5517235e+00
  4.3580338e-02 -4.1648593e+00  6.9703096e-01  0.0000000e+00]",[0. 0. 0. 0. 0. 0.],"[ 0.38512698  0.55242676 -0.07994533  2.1751657   0.12536842  1.9205401
 -3.0258653   1.        ]","[ 0.00715629 -0.06848129  0.00465673 -0.14107145  0.00184899 -0.0618386
 -0.01489468  0.        ]",5.266667,158,0,158,0
159,"[ 0.38571227  0.53710526 -0.07814851  2.1436427   0.12767668  1.9078538
 -3.0330179   1.        ]","[ -3.6251953  -55.683064    -2.4281921    7.2592707   -0.17404677
  -4.070748     0.22835656   0.        ]",[0. 0. 0. 0. 0. 0.],"[ 0.38542992  0.54993784 -0.07979576  2.1700268   0.12543361  1.9183944
 -3.0266209   1.        ]","[ 0.00927921 -0.0799519   0.00414312 -0.1611707   0.0020202  -0.06899489
 -0.01759969  0.        ]",5.3,159,0,159,0
160,"[ 0.38587922  0.532246   -0.07811185  2.1345248   0.12762389  1.9035378
 -3.0347607   1.        ]","[  0.8357354 -41.883858   -3.6747198  16.682455   -0.7545933  -0.5186458
   0.8547947   0.       ]",[0. 0. 0. 0. 0. 0.],"[ 0.38564277  0.54376936 -0.07886004  2.157521    0.12648822  1.9133668
 -3.03031     1.        ]","[ 0.00164355 -0.07344618  0.01126517 -0.14877559  0.01431259 -0.05838029
 -0.04345138  0.        ]",5.3333335,160,0,160,0
161,"[ 0.3860299   0.5309654  -0.07799991  2.1316857   0.12736125  1.902163
 -3.0358071   1.        ]","[  0.7305219  -42.35606     -0.59450704  20.472168    -1.0356231
   0.59530383   0.88864547   0.        ]",[0. 0. 0. 0. 0. 0.],"[ 0.3856466   0.54098326 -0.07857241  2.151546    0.12699828  1.9108357
 -3.0315602   1.        ]","[ 0.00020544 -0.07094661  0.00811503 -0.1503849   0.01420987 -0.06262614
 -0.03369279  0.        ]",5.366667,161,0,161,0
162,"[ 0.3860602   0.5284843  -0.077609    2.1261692   0.12739657  1.899623
 -3.038134    1.        ]","[-1.8888015e-02 -4.4790813e+01 -9.2034668e-01  1.7388580e+01
  3.5828922e-03 -1.0571365e+00  3.8330719e-01  0.0000000e+00]",[0. 0. 0. 0. 0. 0.],"[ 0.38570413  0.5376756  -0.07839217  2.1447947   0.12728973  1.9080209
 -3.032847    1.        ]","[ 0.00106146 -0.08180089  0.00479369 -0.16966239  0.00838896 -0.07187111
 -0.03263133  0.        ]",5.4,162,0,162,0
163,"[ 0.38613907  0.5233455  -0.07735354  2.1165218   0.12767047  1.8943726
 -3.0404685   1.        ]","[ 6.0907356e-02 -4.3168491e+01 -1.0457066e+00  2.0033398e+01
  3.8742699e-02  4.4683480e-01  3.6961854e-01  0.0000000e+00]",[0. 0. 0. 0. 0. 0.],"[ 0.385777    0.53584445 -0.07828671  2.14114     0.12735875  1.9063355
 -3.0336618   1.        ]","[ 0.00225988 -0.0775893   0.00424584 -0.1605886   0.00496489 -0.07005636
 -0.032015    0.        ]",5.4333334,163,0,163,0
164,"[ 0.38572308  0.5207954  -0.0768018   2.1107657   0.12902108  1.8921193
 -3.0424392   1.        ]","[-4.4275597e-01 -3.6533573e+01 -1.3216784e+00  2.0359695e+01
  5.1286481e-03  1.9491452e-01  1.3073275e+00  0.0000000e+00]",[0. 0. 0. 0. 0. 0.],"[ 0.38589013  0.53152436 -0.07799142  2.132889    0.12741628  1.9025542
 -3.0360606   1.        ]","[ 0.0020202  -0.07714417  0.00527306 -0.14733748  0.00102722 -0.06752255
 -0.04283505  0.        ]",5.4666667,164,0,164,0
165,"[ 0.38614708  0.5177681  -0.07667138  2.1044574   0.12828495  1.8889552
 -3.04425     1.        ]","[-5.1657930e-02 -4.0755199e+01 -6.6823548e-01  1.5517198e+01
  5.2827764e-02 -3.2858019e+00  3.9571524e-02  0.0000000e+00]",[0. 0. 0. 0. 0. 0.],"[ 0.3859611   0.52785236 -0.07771914  2.125388    0.127562    1.8987691
 -3.0380642   1.        ]","[ 0.00150659 -0.0788562   0.00588939 -0.16260882  0.00280773 -0.08091064
 -0.04369106  0.        ]",5.5,165,0,165,0
166,"[ 0.38639367  0.51413065 -0.07667468  2.0976238   0.12783377  1.8853254
 -3.0459049   1.        ]","[ 4.6090311e-01 -5.1544865e+01 -6.0352778e-01  4.6711593e+00
  1.3624452e-02 -4.1141944e+00 -3.8756320e+00  0.0000000e+00]",[0. 0. 0. 0. 0. 0.],"[ 0.385963    0.5259675  -0.07752355  2.1216526   0.12785538  1.8970414
 -3.039188    1.        ]","[ 0.0010957  -0.08327324  0.00722478 -0.1679161   0.00756718 -0.08337597
 -0.04656727  0.        ]",5.5333333,166,0,166,0
167,"[ 0.38643822  0.5101851  -0.07650409  2.0894635   0.12795599  1.8815833
 -3.0477452   1.        ]","[-5.6304234e-01 -3.9372997e+01 -1.1872901e+00  1.4371046e+01
  1.9736954e-03 -2.4234320e-01  7.8161716e-01  0.0000000e+00]",[0. 0. 0. 0. 0. 0.],"[ 0.38600326  0.52193695 -0.07713814  2.1131928   0.12813534  1.8930281
 -3.0416903   1.        ]","[ 0.00071905 -0.07878772  0.00746446 -0.16165008  0.00588939 -0.07659632
 -0.04882716  0.        ]",5.5666666,167,0,167,0
168,"[ 0.38659573  0.5104019  -0.07651863  2.0893538   0.12741078  1.8816476
 -3.0481422   1.        ]","[-5.6304234e-01 -3.9372997e+01 -1.1872901e+00  1.4371046e+01
  1.9736954e-03 -2.4234320e-01  7.8161716e-01  0.0000000e+00]",[0. 0. 0. 0. 0. 0.],"[ 0.38600326  0.52193695 -0.07713814  2.1131928   0.12813534  1.8930281
 -3.0416903   1.        ]","[ 0.00071905 -0.07878772  0.00746446 -0.16165008  0.00588939 -0.07659632
 -0.04882716  0.        ]",5.6,168,0,168,0
169,"[ 0.38675871  0.5078626  -0.0765387   2.0844812   0.12699312  1.8790008
 -3.049226    1.        ]","[-1.35393161e-02 -3.72585945e+01 -8.32722068e-01  1.49430923e+01
  4.58647795e-02 -1.14584476e-01  3.09854150e-02  0.00000000e+00]",[0. 0. 0. 0. 0. 0.],"[ 0.38610104  0.51835126 -0.07690421  2.1062918   0.12815642  1.8896074
 -3.0436268   1.        ]","[ 0.00191748 -0.07529517  0.0051361  -0.14637874  0.00068481 -0.07413099
 -0.04143118  0.        ]",5.633333,169,0,169,0
170,"[ 0.38681298  0.507028   -0.07655736  2.0828207   0.12686194  1.8779733
 -3.0496104   1.        ]","[-3.1339344e-01 -3.7625919e+01 -1.0694424e+00  1.2957546e+01
  1.9138070e-02  3.8474873e-01  1.1929298e-01  0.0000000e+00]",[0. 0. 0. 0. 0. 0.],"[ 0.38622376  0.5155134  -0.07678149  2.1003053   0.1281315   1.8867503
 -3.0451744   1.        ]","[ 0.00280773 -0.06820736  0.0031159  -0.13785283 -0.00044513 -0.06844705
 -0.03680869  0.        ]",5.6666665,170,0,170,0
171,"[ 0.38711882  0.5034223  -0.07672679  2.0760367   0.12605794  1.8739773
 -3.0510852   1.        ]","[  0.15772378 -35.4298      -0.7396608   13.875592     0.05120491
   0.22673097   0.9313389    0.        ]",[0. 0. 0. 0. 0. 0.],"[ 0.38634264  0.5135902  -0.07670863  2.0963938   0.1279455   1.8847389
 -3.046252    1.        ]","[ 0.00356103 -0.0669747   0.00260229 -0.13761315 -0.00376647 -0.06776223
 -0.03766471  0.        ]",5.7,171,0,171,0
172,"[ 0.38737258  0.4991214  -0.07683861  2.0682585   0.12543082  1.8694762
 -3.0525184   1.        ]","[  0.21385394 -34.294643    -0.75756055  14.917573     0.0479103
   0.0415287    0.406171     0.        ]",[0. 0. 0. 0. 0. 0.],"[ 0.3865574   0.5106028  -0.07663576  2.0903614   0.12752366  1.881671
 -3.0477207   1.        ]","[ 0.00527306 -0.07461036  0.00198596 -0.15076154 -0.00986131 -0.07625391
 -0.03790439  0.        ]",5.733333,172,0,172,0
173,"[ 0.38729793  0.497623   -0.07714038  2.0664887   0.12428992  1.8687819
 -3.053579    1.        ]","[  0.06679491 -34.79932     -0.8958559   13.123149     1.2880111
   0.47955313  -0.14330797   0.        ]",[0. 0. 0. 0. 0. 0.],"[ 0.3866552   0.50925285 -0.07662042  2.0876691   0.12729356  1.8801792
 -3.0483325   1.        ]","[ 0.00520458 -0.07214504  0.00136963 -0.1450776  -0.01095701 -0.07604846
 -0.03434337  0.        ]",5.766667,173,0,173,0
174,"[ 0.38740885  0.4934511  -0.07730156  2.059448    0.1235214   1.8645129
 -3.0550835   1.        ]","[ -0.865148   -30.957495    -1.7302008   16.767591     1.7849966
   0.07199613  -0.25159788   0.        ]",[0. 0. 0. 0. 0. 0.],"[ 0.38685462  0.5063709  -0.07661851  2.082005    0.12673174  1.8771323
 -3.0496497   1.        ]","[ 0.00465673 -0.06492026  0.0001712  -0.13086773 -0.0126348  -0.07094661
 -0.02961816  0.        ]",5.8,174,0,174,0
175,"[ 0.3867548   0.49023488 -0.07735077  2.0554786   0.12416185  1.8622862
 -3.0562165   1.        ]","[ -1.4055562  -45.87551     -1.8322023    4.4696293    1.4898533
  -2.6414926    0.10768309   0.        ]",[0. 0. 0. 0. 0. 0.],"[ 0.38705212  0.5036251  -0.07661851  2.0765402   0.12623894  1.8740318
 -3.0508327   1.        ]","[ 5.0676153e-03 -7.1597181e-02  1.9825412e-18 -1.4165354e-01
 -1.3285370e-02 -7.8821957e-02 -3.1364430e-02  0.0000000e+00]",5.8333335,175,0,175,0
176,"[ 0.3866833   0.48895136 -0.07738287  2.0537806   0.12411692  1.8612087
 -3.0566382   1.        ]","[  0.49281198 -33.47052     -0.73333895  15.226898     1.2801324
   0.2992139    0.6042753    0.        ]",[0. 0. 0. 0. 0. 0.],"[ 0.38711348  0.5023538  -0.07663385  2.0742795   0.12593791  1.8728505
 -3.0513947   1.        ]","[ 0.00462249 -0.07173415 -0.00027393 -0.13795555 -0.01417563 -0.07645936
 -0.03115899  0.        ]",5.866667,176,0,176,0
177,"[ 0.38638878  0.48719567 -0.0774257   2.0521991   0.12462715  1.8600976
 -3.0567865   1.        ]","[ -1.0649388  -32.270657    -1.7487161   13.516038     0.68487346
   0.09978516   0.41003644   0.        ]",[0. 0. 0. 0. 0. 0.],"[ 0.38722467  0.49951208 -0.07675848  2.0695817   0.12516133  1.8702025
 -3.052618    1.        ]","[ 0.00277349 -0.06889217 -0.00249957 -0.11580186 -0.01838722 -0.06396152
 -0.0299948   0.        ]",5.9,177,0,177,0
178,"[ 0.38636786  0.48528785 -0.07747141  2.0497365   0.12463783  1.8586402
 -3.056844    1.        ]","[  0.19420514 -34.30539     -0.55020964   2.050093    -7.2352066
  -2.9547865   -3.714526     0.        ]",[0. 0. 0. 0. 0. 0.],"[ 0.38728988  0.49772498 -0.07678533  2.0665789   0.12469155  1.8684366
 -3.053339    1.        ]","[ 0.00301318 -0.07837683 -0.00249957 -0.13035412 -0.02102375 -0.07498701
 -0.03276829  0.        ]",5.9333334,178,0,178,0
179,"[ 0.38650224  0.48260692 -0.07763717  2.047248    0.12450643  1.8576251
 -3.056826    1.        ]","[ -0.2843606  -31.663836    -1.1282761   14.688828     0.32987303
   0.6820913   -0.283179     0.        ]",[0. 0. 0. 0. 0. 0.],"[ 0.3873033   0.49401468 -0.07700392  2.061047    0.12429079  1.8653762
 -3.054727    1.        ]","[ 0.00068481 -0.07847955 -0.00414312 -0.1194656  -0.01037491 -0.06865249
 -0.02968664  0.        ]",5.9666667,179,0,179,0
180,"[ 0.38653788  0.48039153 -0.07781298  2.0445127   0.12471016  1.8560776
 -3.0569317   1.        ]","[ -0.06207106 -31.404865    -0.9100546   13.3497305    0.06144635
   0.4818084   -0.19604228   0.        ]",[0. 0. 0. 0. 0. 0.],"[ 0.38727838  0.4928431  -0.07708061  2.0594938   0.12428504  1.8644482
 -3.055126    1.        ]","[-0.00044513 -0.06707742 -0.00431432 -0.0936824  -0.00342406 -0.05475079
 -0.02400269  0.        ]",6.0,180,0,180,0
181,"[ 0.38677227  0.4760687  -0.07842099  2.046405    0.12472035  1.8565608
 -3.054111    1.        ]","[  2.2028975  -36.945442     0.63072133   3.9562745    0.21176194
  -2.836119    -3.211919     0.        ]",[0. 0. 0. 0. 0. 0.],"[ 0.38697925  0.48827758 -0.07729921  2.0536206   0.12428504  1.8610754
 -3.0561001   1.        ]","[-5.0676153e-03 -7.7383853e-02 -3.6979895e-03 -9.7551592e-02
 -4.6193206e-16 -5.6873709e-02 -1.6127342e-02  0.0000000e+00]",6.0333333,181,0,181,0
182,"[ 0.38678914  0.47410277 -0.07856696  2.0447397   0.12472078  1.855027
 -3.0538352   1.        ]","[ -1.0542502  -34.73123     -1.8722537    5.7958965   -0.05565536
   0.81713605  -3.0113637    0.        ]",[0. 0. 0. 0. 0. 0.],"[ 0.38688338  0.48654994 -0.07737974  2.0516226   0.12428504  1.8600265
 -3.0563052   1.        ]","[-5.1360964e-03 -8.4095016e-02 -3.9719148e-03 -1.0114686e-01
 -4.6193206e-16 -5.6291617e-02 -1.3251129e-02  0.0000000e+00]",6.0666666,182,0,182,0
183,"[ 0.38657665  0.4703975  -0.07897882  2.0436063   0.12549761  1.8537241
 -3.0519485   1.        ]","[-2.0872146e-01 -4.9903622e+01 -1.0736877e+00  1.6270994e+01
  7.8633502e-03 -3.9157070e-02  1.9487537e-03  0.0000000e+00]",[0. 0. 0. 0. 0. 0.],"[ 0.38683543  0.48273417 -0.07767695  2.0489535   0.12433489  1.8584771
 -3.0558584   1.        ]","[-0.00136963 -0.08015735 -0.00588939 -0.05906511  0.00089026 -0.03355583
  0.00677965  0.        ]",6.1,183,0,183,0
184,"[ 0.38595206  0.46754816 -0.07908909  2.0451374   0.12672523  1.8552785
 -3.051179    1.        ]","[ -1.7053602  -37.930676    -2.3925397   17.354721    -0.10365707
  -0.22459427  -0.4682155    0.        ]",[0. 0. 0. 0. 0. 0.],"[ 0.3868316   0.48173133 -0.07777091  2.048503    0.12435023  1.8581263
 -3.0556169   1.        ]","[-0.00068481 -0.08145849 -0.00674541 -0.04944349  0.00116418 -0.03139867
  0.01249783  0.        ]",6.133333,184,0,184,0
185,"[ 0.3855739   0.466251   -0.07917413  2.0452397   0.1276483   1.8549341
 -3.0505447   1.        ]","[ 1.0906073e+00 -3.8627090e+01  2.0640228e-02  1.7217491e+01
  8.3234340e-02 -8.8832682e-01 -8.9611125e-01  0.0000000e+00]",[0. 0. 0. 0. 0. 0.],"[ 0.3867645   0.47829136 -0.07813714  2.04685     0.1245113   1.8568262
 -3.0546772   1.        ]","[-0.00130114 -0.08477983 -0.00869712 -0.04047244  0.0032871  -0.03136443
  0.0223249   0.        ]",6.1666665,185,0,185,0
186,"[ 0.38471875  0.46420944 -0.07922335  2.0479877   0.12883005  1.8563263
 -3.0506563   1.        ]","[-4.4365674e-01 -5.2323589e+01 -1.1083438e+00  9.4084606e+00
  3.3515658e-02 -3.8932979e+00  2.6062026e+00  0.0000000e+00]",[0. 0. 0. 0. 0. 0.],"[ 0.38669547  0.47598273 -0.0783845   2.0457418   0.12477592  1.8559059
 -3.0538259   1.        ]","[-0.00215716 -0.0852592  -0.00921073 -0.03989035  0.00712205 -0.03246013
  0.02783764  0.        ]",6.2,186,0,186,0
187,"[ 0.3832881   0.46152976 -0.07960424  2.049636    0.13193628  1.8560838
 -3.0482926   1.        ]","[  2.3526936 -57.607132   -9.781105   12.337271    6.8968415  -3.3716092
   3.2943778   0.       ]",[0. 0. 0. 0. 0. 0.],"[ 0.3862391   0.47142872 -0.07878526  2.0451722   0.1258938   1.8553
 -3.052315    1.        ]","[-0.00838896 -0.0861837  -0.00770414 -0.01205271  0.02064711 -0.01246359
  0.02865942  0.        ]",6.233333,187,0,187,0
188,"[ 0.38297778  0.46029985 -0.07961735  2.050187    0.13268179  1.8558211
 -3.0480664   1.        ]","[  2.133497   -43.447086    -4.255257    25.854542    -0.44362053
  -1.3841544   -0.39826548   0.        ]",[0. 0. 0. 0. 0. 0.],"[ 0.3859208   0.46955344 -0.07890222  2.0453696   0.12657067  1.855344
 -3.051853    1.        ]","[-0.01225815 -0.09227853 -0.00677965 -0.00078753  0.02818005 -0.00475945
  0.027461    0.        ]",6.266667,188,0,188,0
189,"[ 0.38180885  0.45876843 -0.07981481  2.053743    0.13504139  1.8563699
 -3.0466588   1.        ]","[-10.7155485 -51.493454   -9.995284   29.416367    6.9264493  -0.37709
   3.411201    0.       ]",[0. 0. 0. 0. 0. 0.],"[ 0.3851826   0.46684596 -0.07909205  2.0464396   0.12816985  1.8555185
 -3.0508099   1.        ]","[-0.01975685 -0.09022409 -0.00588939  0.02263306  0.04273232  0.00390343
  0.02920727  0.        ]",6.3,189,0,189,0
190,"[ 0.38066152  0.45876792 -0.07954707  2.0561693   0.13747697  1.8576738
 -3.0466373   1.        ]","[  2.0682602 -39.044548   -4.901881   19.056282   -1.8589982  -1.3551472
  -1.1239717   0.       ]",[0. 0. 0. 0. 0. 0.],"[ 0.38442516  0.46456608 -0.07927804  2.047707    0.12973642  1.8556643
 -3.0497725   1.        ]","[-0.02379725 -0.07734961 -0.00602635  0.03787015  0.05009406  0.0051361
  0.03352159  0.        ]",6.3333335,190,0,190,0
191,"[ 0.37941194  0.45833752 -0.07952897  2.0601385   0.14003785  1.8576496
 -3.0458336   1.        ]","[  1.7999763 -40.5347      1.3449932  20.329895   -1.0854661  -0.6127932
  -1.1861548   0.       ]",[0. 0. 0. 0. 0. 0.],"[ 0.38372722  0.46280774 -0.07944295  2.0492277   0.13113427  1.855785
 -3.0488846   1.        ]","[-0.02420813 -0.06649533 -0.00568395  0.04718361  0.04923804  0.00434856
  0.03187804  0.        ]",6.366667,191,0,191,0
192,"[ 0.37830484  0.45843256 -0.07945036  2.0626807   0.14224683  1.8565112
 -3.0456288   1.        ]","[ -9.856648   -48.9465      -8.8966465   28.975073     7.545098
  -0.15587457   2.8835058    0.        ]",[0. 0. 0. 0. 0. 0.],"[ 0.3826285   0.46081743 -0.07960977  2.0517702   0.13334703  1.8562356
 -3.047828    1.        ]","[-0.02547504 -0.04786842 -0.0040404   0.05834606  0.05136096  0.00931345
  0.02540656  0.        ]",6.4,192,0,192,0
193,"[ 0.3766355   0.459183   -0.07956444  2.0674968   0.14551584  1.8562622
 -3.0443714   1.        ]","[  0.94585633 -52.039165     0.57497376  22.663649    -0.47924805
   1.4863869   -0.14701049   0.        ]",[0. 0. 0. 0. 0. 0.],"[ 0.38141474  0.45986634 -0.07962511  2.054869    0.1360641   1.8567227
 -3.0470572   1.        ]","[-0.02650226 -0.02328364 -0.00071905  0.06687198  0.05831181  0.01198423
  0.01715456  0.        ]",6.4333334,193,0,193,0
194,"[ 0.3748013   0.46054757 -0.07967173  2.0722046   0.14908308  1.8558632
 -3.0432994   1.        ]","[-3.0453467e-01 -5.4794071e+01  7.7343023e-01  2.3975008e+01
  1.6655648e-02 -6.4597386e-01  6.2396701e-02  0.0000000e+00]",[0. 0. 0. 0. 0. 0.],"[ 0.3806516   0.45961517 -0.07962511  2.056838    0.13772462  1.8567399
 -3.0466719   1.        ]","[-0.03129595 -0.01674367 -0.00010272  0.0807052   0.06981667  0.00698509
  0.01801058  0.        ]",6.4666667,194,0,194,0
195,"[ 0.37200436  0.4622038  -0.0793886   2.0772302   0.15334892  1.855109
 -3.0446928   1.        ]","[-4.0142771e-02 -4.2917255e+01 -1.7658309e+00  2.1676643e+01
 -2.9581797e-01 -1.3948326e+00  1.5019007e-01  0.0000000e+00]",[0. 0. 0. 0. 0. 0.],"[ 0.3799939   0.45942342 -0.07962511  2.0585678   0.13907646  1.8567399
 -3.0463305   1.        ]","[-3.6432043e-02 -1.3593535e-02  1.9825412e-18  9.4504170e-02
  7.9130128e-02  2.9789358e-03  1.9345963e-02  0.0000000e+00]",6.5,195,0,195,0
196,"[ 0.36984187  0.46354452 -0.0796103   2.0811474   0.1581374   1.8557316
 -3.0410209   1.        ]","[ 9.1924185e-01 -4.8001022e+01  2.6527837e-01  1.9831005e+01
 -8.5246325e-01 -8.0187106e-01  3.6641285e-02  0.0000000e+00]",[0. 0. 0. 0. 0. 0.],"[ 0.37838322  0.45900157 -0.07962511  2.0628207   0.14216742  1.8566748
 -3.0454197   1.        ]","[-3.4274884e-02 -9.3134549e-03  1.9825412e-18  9.0361059e-02
  6.6324122e-02 -1.1641819e-03  1.9380204e-02  0.0000000e+00]",6.5333333,196,0,196,0
197,"[ 0.36858246  0.46460676 -0.07915258  2.083613    0.16038898  1.8557484
 -3.0421782   1.        ]","[  1.9353205  -40.88066      2.4777718   33.654064     7.40271
  -0.88133126   3.0470848    0.        ]",[0. 0. 0. 0. 0. 0.],"[ 0.37692016  0.45919523 -0.07962511  2.0663545   0.14488833  1.8564082
 -3.0445683   1.        ]","[-3.3213422e-02  3.1501390e-03  1.9825412e-18  8.1321523e-02
  6.2112525e-02 -5.4442622e-03  1.9345963e-02  0.0000000e+00]",6.5666666,197,0,197,0
198,"[ 0.36724868  0.4658893  -0.07899198  2.087008    0.16317633  1.8548913
 -3.0413296   1.        ]","[  1.8268623  -25.488121     3.120823    21.660889     0.19954798
  -0.38760582  -0.9834871    0.        ]",[0. 0. 0. 0. 0. 0.],"[ 0.37593266  0.45952696 -0.07962511  2.0687973   0.14667158  1.8561417
 -3.044367    1.        ]","[-3.7938632e-02  9.3819359e-03  1.9825412e-18  9.2483975e-02
  6.9268823e-02 -8.3547169e-03  1.5374049e-02  0.0000000e+00]",6.6,198,0,198,0
199,"[ 0.36510205  0.46898243 -0.07832032  2.0931141   0.16779059  1.8554713
 -3.0416012   1.        ]","[  0.16361713 -36.33201     -1.9674784   20.271557    -0.37853578
  -1.2730341   -0.8961918    0.        ]",[0. 0. 0. 0. 0. 0.],"[ 0.37350324  0.46099192 -0.07954649  2.0743122   0.15148444  1.8558483
 -3.0434947   1.        ]","[-0.05639434  0.03088506  0.00140387  0.13035412  0.10939886 -0.0085944
  0.01736001  0.        ]",6.633333,199,0,199,0
200,"[ 0.36433816  0.47037244 -0.07824978  2.0960727   0.16982248  1.8550664
 -3.0404606   1.        ]","[  2.0349476  -38.176037    -5.3556247   19.446222    -2.092763
  -3.6217034   -0.73145133   0.        ]",[0. 0. 0. 0. 0. 0.],"[ 0.3717641   0.46238974 -0.07947938  2.077961    0.15487261  1.8556432
 -3.0428886   1.        ]","[-0.06255765  0.04554005  0.00256805  0.13514781  0.1236772  -0.00708781
  0.02297547  0.        ]",6.6666665,200,0,200,0
201,"[ 0.36105084  0.47608903 -0.07735626  2.1066303   0.17792174  1.8555546
 -3.0381172   1.        ]","[-11.719645  -24.380632    3.3035471  31.237991    8.180394   -3.7364826
   3.467122    0.       ]",[0. 0. 0. 0. 0. 0.],"[ 0.36804035  0.4658316  -0.07906713  2.0865073   0.1621571   1.8554245
 -3.0417612   1.        ]","[-0.06649533  0.06146195  0.00736174  0.15261054  0.13008021 -0.00390343
  0.0201335   0.        ]",6.7,201,0,201,0
202,"[ 0.35908222  0.48024955 -0.07654491  2.1138372   0.18229955  1.856939
 -3.0375245   1.        ]","[-10.318987  -23.540316    3.7606218  30.602175    7.93182    -3.388664
   3.8576944   0.       ]",[0. 0. 0. 0. 0. 0.],"[ 0.366654    0.46752092 -0.07884277  2.0902061   0.16492978  1.8553
 -3.0411706   1.        ]","[-0.05605193  0.06266037  0.00910801  0.1423726   0.11169297 -0.00441704
  0.01982533  0.        ]",6.733333,202,0,202,0
203,"[ 0.35797128  0.48174435 -0.07622605  2.1166832   0.18511927  1.8566878
 -3.0364263   1.        ]","[  3.6359649  -35.617653    -1.3232456   20.67046     -0.59227586
  -1.4479004    0.16259925   0.        ]",[0. 0. 0. 0. 0. 0.],"[ 0.3651833   0.46971643 -0.07853214  2.0943708   0.16821441  1.8552597
 -3.0403404   1.        ]","[-0.04256112  0.0596472   0.00835472  0.11867807  0.09159372 -0.00239685
  0.02229066  0.        ]",6.766667,203,0,203,0
204,"[ 0.35607553  0.4864485  -0.07579577  2.1251273   0.18947849  1.859235
 -3.0336843   1.        ]","[  2.6622846 -37.27848    -3.8461983  19.462957   -0.9289139  -1.0582614
  -0.5850369   0.       ]",[0. 0. 0. 0. 0. 0.],"[ 0.3634921   0.47244692 -0.07800101  2.099598    0.17226413  1.8553287
 -3.0394065   1.        ]","[-0.04550581  0.07176839  0.0129772   0.13720225  0.10744714  0.00116418
  0.0254408   0.        ]",6.8,204,0,204,0
205,"[ 0.35578832  0.48687047 -0.07562969  2.1258252   0.1900248   1.859907
 -3.033868    1.        ]","[-11.782086   -35.188366     6.8028116   30.112131     7.4470606
  -1.311616    -0.96552354   0.        ]",[0. 0. 0. 0. 0. 0.],"[ 0.36139628  0.4763298  -0.07727429  2.1065755   0.177286    1.8559289
 -3.0383365   1.        ]","[-0.04588246  0.08447167  0.01640127  0.15288447  0.11076848  0.01184726
  0.02369452  0.        ]",6.8333335,205,0,205,0
206,"[ 0.35336387  0.49289507 -0.07440935  2.1361852   0.1951441   1.8632847
 -3.0338807   1.        ]","[  0.25875318 -35.36257     -3.1209648   23.4571       0.2906317
  -1.2410618   -0.5985528    0.        ]",[0. 0. 0. 0. 0. 0.],"[ 0.36055836  0.47779283 -0.0770346   2.1092043   0.1792399   1.8562337
 -3.03779     1.        ]","[-0.0449922   0.08190361  0.01489468  0.1461733   0.10624871  0.01434683
  0.02506415  0.        ]",6.866667,206,0,206,0
207,"[ 0.35262373  0.4946327  -0.07407039  2.1390073   0.19669916  1.8647343
 -3.0336645   1.        ]","[-10.401494  -35.439182   -2.801521   22.796736    7.475386   -1.4020104
   3.4590921   0.       ]",[0. 0. 0. 0. 0. 0.],"[ 0.35874632  0.4812021  -0.07655714  2.1153862   0.18333755  1.8574091
 -3.0363195   1.        ]","[-0.04348562  0.08221179  0.01191574  0.14559121  0.09922938  0.02574896
  0.03389823  0.        ]",6.9,207,0,207,0
208,"[ 0.34981883  0.50089175 -0.07318232  2.149884    0.20169555  1.8699101
 -3.0326705   1.        ]","[-10.373137  -22.788124    8.705545   33.735577    8.718685    1.6022962
   3.6224759   0.       ]",[0. 0. 0. 0. 0. 0.],"[ 0.3573811   0.48375043 -0.07617173  2.1203258   0.18633074  1.8587092
 -3.0354834   1.        ]","[-0.04290352  0.08204058  0.01181302  0.15178877  0.09464113  0.03578147
  0.02972088  0.        ]",6.9333334,208,0,208,0
209,"[ 0.34937176  0.5014986  -0.07320172  2.1509295   0.20266935  1.8700835
 -3.0316803   1.        ]","[  1.6996222  -34.969433    -2.4255679   21.017633     0.34123087
  -1.6523837    0.06265581   0.        ]",[0. 0. 0. 0. 0. 0.],"[ 0.35575125  0.48746648 -0.07546035  2.1268394   0.18993558  1.8607206
 -3.034841    1.        ]","[-0.04167086  0.09221005  0.01670943  0.16408116  0.09231278  0.0492038
  0.0179421   0.        ]",6.9666667,209,0,209,0
210,"[ 0.3474961   0.50738764 -0.07237575  2.1608722   0.20643131  1.8751134
 -3.030209    1.        ]","[  1.2057511 -36.519104   -3.0019782  20.758629   -0.611396   -1.1565566
  -0.2506004   0.       ]",[0. 0. 0. 0. 0. 0.],"[ 0.3549593   0.4893878  -0.07509795  2.1301317   0.19174568  1.8620436
 -3.0345304   1.        ]","[-0.04023276  0.09405904  0.01763393  0.16308819  0.08998441  0.05629162
  0.01568221  0.        ]",7.0,210,0,210,0
211,"[ 0.34590572  0.5118637  -0.07162382  2.1682363   0.2096849   1.8786321
 -3.029121    1.        ]","[  0.22349924 -35.722786    -3.3248563   24.443518     0.49157643
  -1.3094021   -0.49387184   0.        ]",[0. 0. 0. 0. 0. 0.],"[ 0.3519508   0.49638277 -0.07394938  2.1421697   0.19777423  1.8669754
 -3.0329504   1.        ]","[-0.04725209  0.10652264  0.01739425  0.18822081  0.09378512  0.07745233
  0.02523535  0.        ]",7.0333333,211,0,211,0
212,"[ 0.3429262   0.51930207 -0.07024451  2.1806908   0.21595754  1.885874
 -3.026382    1.        ]","[-11.128559  -22.326502    7.632265   33.1244      8.649484    2.447007
   3.2184544   0.       ]",[0. 0. 0. 0. 0. 0.],"[ 0.34998155  0.5011189  -0.07325526  2.1505146   0.20156124  1.8705841
 -3.0318115   1.        ]","[-0.04961469  0.11569913  0.01742849  0.20677924  0.09583956  0.0894708
  0.02865942  0.        ]",7.0666666,212,0,212,0
213,"[ 0.34143668  0.5238803  -0.06955878  2.188959    0.21898721  1.8905529
 -3.0247893   1.        ]","[  2.7469652  -37.4215      -3.174293    17.433846    -0.65863353
  -2.1933002   -0.39177564   0.        ]",[0. 0. 0. 0. 0. 0.],"[ 0.34913787  0.503255   -0.07294654  2.1541116   0.20321411  1.8722025
 -3.0313168   1.        ]","[-0.04680696  0.11210386  0.01670943  0.1992463   0.09042954  0.08727939
  0.02708435  0.        ]",7.1,213,0,213,0
214,"[ 0.33950812  0.52924603 -0.06881244  2.198593    0.22289082  1.8963315
 -3.0219274   1.        ]","[-10.130854  -24.539127    8.167252   32.89184     7.645408    2.3333526
   3.842195    0.       ]",[0. 0. 0. 0. 0. 0.],"[ 0.34748307  0.5074677  -0.07230993  2.1609898   0.20655626  1.8754162
 -3.0302315   1.        ]","[-0.04156814  0.1033725   0.01581918  0.17431912  0.08351292  0.08073944
  0.02605713  0.        ]",7.133333,214,0,214,0
215,"[ 0.33866027  0.5314973  -0.06840204  2.202707    0.22431692  1.8987511
 -3.0215347   1.        ]","[-11.311611  -25.719898    7.9217677  33.08531     8.210037    1.5182345
   3.2384975   0.       ]",[0. 0. 0. 0. 0. 0.],"[ 0.34596443  0.5115519  -0.0716043   2.1676779   0.20976612  1.8788503
 -3.0289812   1.        ]","[-0.03913705  0.10142078  0.01763393  0.16938846  0.08217754  0.08491679
  0.03067962  0.        ]",7.1666665,215,0,215,0
216,"[ 0.33764184  0.534255   -0.06791734  2.2076516   0.22646551  1.9016976
 -3.0201566   1.        ]","[-12.64141   -25.019218    7.258464   32.43697     8.247489    1.8795887
  -0.6872014   0.       ]",[0. 0. 0. 0. 0. 0.],"[ 0.34422338  0.5166121  -0.07075103  2.176132    0.21348026  1.8835481
 -3.0272305   1.        ]","[-0.03900009  0.11193266  0.01934596  0.18657726  0.0834102   0.10580359
  0.038418    0.        ]",7.2,216,0,216,0
217,"[ 0.3364859   0.53597784 -0.06755168  2.2113      0.22864021  1.9047816
 -3.0187354   1.        ]","[ -0.6159744  -36.17946     -3.798053    20.939083    -0.07854965
  -2.2065985   -0.52390754   0.        ]",[0. 0. 0. 0. 0. 0.],"[ 0.3435791   0.51824963 -0.07044232  2.1792574   0.21480717  1.8852988
 -3.0266418   1.        ]","[-0.04009579  0.11049455  0.01955141  0.19530863  0.08467711  0.10898796
  0.03869193  0.        ]",7.233333,217,0,217,0
218,"[ 0.33541188  0.5384901  -0.06719303  2.2163057   0.23054254  1.9075592
 -3.0175195   1.        ]","[  1.2849092 -40.010033   -3.7828429  17.46326    -1.6802977  -2.5903187
  -0.5425301   0.       ]",[0. 0. 0. 0. 0. 0.],"[ 0.34195116  0.52261573 -0.06979229  2.186933    0.21802661  1.8896611
 -3.024901    1.        ]","[-0.04057516  0.10720745  0.01712032  0.19287755  0.08118457  0.10915917
  0.04160238  0.        ]",7.266667,218,0,218,0
219,"[ 0.33347675  0.54083    -0.06669884  2.2217882   0.23363568  1.9123558
 -3.0158901   1.        ]","[  1.3686593  -37.882782    -3.524993    19.855536    -0.82079774
  -1.3863188   -0.44453013   0.        ]",[0. 0. 0. 0. 0. 0.],"[ 0.34144303  0.5239158  -0.06961205  2.189328    0.21901028  1.8909382
 -3.0243485   1.        ]","[-0.04084909  0.10837163  0.01650399  0.19280906  0.08063671  0.10802922
  0.04379378  0.        ]",7.3,219,0,219,0
220,"[ 0.33240828  0.5438348  -0.06626791  2.228097    0.23505788  1.9152536
 -3.0152206   1.        ]","[  1.719644   -34.983074    -2.7910893   24.045843     0.7214157
  -1.0300472   -0.42302597   0.        ]",[0. 0. 0. 0. 0. 0.],"[ 0.33895224  0.52990216 -0.06864564  2.2003555   0.22364865  1.8977069
 -3.0215797   1.        ]","[-0.0444786   0.10689928  0.01725728  0.19691794  0.08282811  0.12086947
  0.04944349  0.        ]",7.3333335,220,0,220,0
221,"[ 0.3315122   0.5458816  -0.06633112  2.233479    0.23592515  1.9180503
 -3.0137002   1.        ]","[  2.6034734  -36.018894    -4.00652     19.37425     -0.94102204
  -2.3858564   -0.10093296   0.        ]",[0. 0. 0. 0. 0. 0.],"[ 0.33762532  0.53290874 -0.06810492  2.206177    0.2262219   1.9016683
 -3.020059    1.        ]","[-0.04608791  0.10535846  0.01804482  0.20212251  0.08868326  0.13038836
  0.05310724  0.        ]",7.366667,221,0,221,0
222,"[ 0.32968813  0.55070186 -0.06578256  2.2434638   0.23859902  1.9251869
 -3.0112298   1.        ]","[-12.438631  -24.202215    6.8070464  33.43689     7.3552804   1.9552188
   3.2182348   0.       ]",[0. 0. 0. 0. 0. 0.],"[ 0.33593988  0.53659415 -0.06746831  2.2135363   0.2293378   1.9064083
 -3.0182664   1.        ]","[-0.04351986  0.09601076  0.01650399  0.1901383   0.08180089  0.12220486
  0.04721785  0.        ]",7.4,222,0,222,0
223,"[ 0.32816932  0.5518884  -0.06594055  2.247724    0.2399251   1.9275974
 -3.0101745   1.        ]","[  0.97068846 -38.47079     -4.004139    19.144644    -1.1601254
  -1.9785496   -0.93643075   0.        ]",[0. 0. 0. 0. 0. 0.],"[ 0.33498305  0.5386861  -0.06716918  2.2179196   0.2309178   1.9090238
 -3.0172539   1.        ]","[-0.04115725  0.08779301  0.01393594  0.18373528  0.07231624  0.11450071
  0.04338289  0.        ]",7.4333334,223,0,223,0
224,"[ 0.3260261   0.5579574  -0.06572311  2.260751    0.24241416  1.9353557
 -3.0065715   1.        ]","[-11.926825  -25.489603    7.2043486  34.326958    8.18273    -0.3059349
   3.8139446   0.       ]",[0. 0. 0. 0. 0. 0.],"[ 0.33310202  0.54282594 -0.06672049  2.2267687   0.23369047  1.9145844
 -3.015183    1.        ]","[-0.04803962  0.10552966  0.01218967  0.22455013  0.07320649  0.13905124
  0.05242242  0.        ]",7.4666667,224,0,224,0
225,"[ 0.3245697   0.5624682  -0.06542195  2.2698674   0.2442271   1.9412252
 -3.0040941   1.        ]","[-11.170717   -27.186863     7.09754     30.748972     6.8915973
   1.250845    -0.79020894   0.        ]",[0. 0. 0. 0. 0. 0.],"[ 0.3309506   0.54720545 -0.06630249  2.2364616   0.23658203  1.9206916
 -3.0128515   1.        ]","[-0.05461382  0.11460343  0.01112821  0.2506415   0.07508973  0.15832873
  0.05985264  0.        ]",7.5,225,0,225,0
226,"[ 0.323857    0.5627386  -0.06540496  2.2709942   0.24452433  1.9422607
 -3.004632    1.        ]","[  3.2783797  -39.81552     -3.2407632   15.67157     -0.6485233
  -2.5413456   -0.84015656   0.        ]",[0. 0. 0. 0. 0. 0.],"[ 0.32946646  0.54991674 -0.06615484  2.2428966   0.23833267  1.9246032
 -3.0111601   1.        ]","[-0.04074636  0.07526093  0.00462249  0.17534633  0.04930653  0.10748138
  0.04516341  0.        ]",7.5333333,226,0,226,0
227,"[ 0.3225785   0.565761   -0.06500242  2.2771504   0.24632347  1.9458847
 -3.0032349   1.        ]","[  1.6084753 -36.612034   -3.170685   22.063599    0.5770414  -1.2481729
   0.3632067   0.       ]",[0. 0. 0. 0. 0. 0.],"[ 0.3284694   0.5522197  -0.06603212  2.2480624   0.23951767  1.9278457
 -3.009812    1.        ]","[-0.03882889  0.07803442  0.00407464  0.18400921  0.04588246  0.11422678
  0.04845051  0.        ]",7.5666666,227,0,227,0
228,"[ 0.32068226  0.57011825 -0.06499627  2.2869568   0.24767023  1.953101
 -3.0008628   1.        ]","[  2.499452   -38.15091     -0.37519312  18.177483    -1.0118117
  -1.8468864   -0.5724093    0.        ]",[0. 0. 0. 0. 0. 0.],"[ 0.32678968  0.55629814 -0.06578668  2.2570648   0.24150418  1.9334313
 -3.007605    1.        ]","[-0.0424584   0.10070173  0.00595787  0.22691274  0.05023102  0.14079753
  0.05642858  0.        ]",7.6,228,0,228,0
229,"[ 0.31871727  0.5749003  -0.06424743  2.2969162   0.24962038  1.9604769
 -3.0002291   1.        ]","[  0.96780074 -34.42347      0.7100111   23.564728     7.0395074
  -1.3991785   -0.25582188   0.        ]",[0. 0. 0. 0. 0. 0.],"[ 0.32594025  0.5581868  -0.06565055  2.2613063   0.24249743  1.936156
 -3.0066388   1.        ]","[-0.04225295  0.09655862  0.006403    0.22033854  0.04961469  0.1383322
  0.05252514  0.        ]",7.633333,229,0,229,0
230,"[ 0.31775278  0.57776076 -0.06410366  2.3029642   0.2500045   1.96568
 -2.9994564   1.        ]","[ 7.8653902e-01 -3.5380810e+01 -2.3889985e-02  2.2251352e+01
 -7.1916068e-01 -1.4529026e+00  4.0640326e+00  0.0000000e+00]",[0. 0. 0. 0. 0. 0.],"[ 0.32394797  0.5628214  -0.06544154  2.271281    0.24453571  1.9425259
 -3.0043511   1.        ]","[-0.04536885  0.10258497  0.00534154  0.2217424   0.04673848  0.1449064
  0.05084736  0.        ]",7.6666665,230,0,230,0
231,"[ 0.3163812   0.5830078  -0.06343661  2.3130915   0.25121966  1.9729477
 -2.998686    1.        ]","[  2.3556821  -38.5353      -2.41947     17.180151    -0.37204874
  -2.5379837   -0.14683168   0.        ]",[0. 0. 0. 0. 0. 0.],"[ 0.3226556   0.565665   -0.0652287   2.2776778   0.24576482  1.9467424
 -3.0033023   1.        ]","[-0.04478676  0.10234528  0.00606059  0.22294082  0.04358834  0.14569393
  0.04300625  0.        ]",7.7,231,0,231,0
232,"[ 0.31522262  0.58361435 -0.06337801  2.3144398   0.2521246   1.9755605
 -2.9983623   1.        ]","[  2.7958012  -38.716145    -2.5734706   16.85668     -0.57059383
  -2.0644193   -0.7767287    0.        ]",[0. 0. 0. 0. 0. 0.],"[ 0.32132104  0.56890935 -0.06491999  2.2842758   0.24700926  1.9516627
 -3.0022304   1.        ]","[-0.04307473  0.10207135  0.00890257  0.21270287  0.04040396  0.15336384
  0.03430912  0.        ]",7.733333,232,0,232,0
233,"[ 0.31468272  0.5874559  -0.06372093  2.322393    0.25007284  1.982854
 -2.9986765   1.        ]","[-10.308617  -25.773033    3.1728466  30.598       7.0409217   2.007552
   3.0747912   0.       ]",[0. 0. 0. 0. 0. 0.],"[ 0.3199788   0.57216907 -0.06462469  2.2913876   0.24816741  1.95707
 -3.0011683   1.        ]","[-0.04218447  0.10251649  0.0095189   0.21622966  0.03783591  0.15637702
  0.03379551  0.        ]",7.766667,233,0,233,0
234,"[ 0.31339896  0.59380966 -0.063567    2.3345654   0.24976134  1.9921675
 -2.9977534   1.        ]","[  1.7442156  -38.965485    -1.5941269   17.548035    -0.7081
  -2.2703257   -0.45030513   0.        ]",[0. 0. 0. 0. 0. 0.],"[ 0.31846017  0.57646424 -0.06421436  2.3002367   0.24935241  1.9640285
 -3.0001674   1.        ]","[-0.03886313  0.10683081  0.00986131  0.22057822  0.03098778  0.17137441
  0.02677618  0.        ]",7.8,234,0,234,0
235,"[ 0.3132684   0.596301   -0.06364264  2.3392227   0.24877393  1.9958655
 -2.9979029   1.        ]","[-1.6396169e-01 -3.6150574e+01 -2.2387314e+00  2.2838253e+01
 -6.9174409e-01 -1.1822712e+00 -2.4906887e-02  0.0000000e+00]",[0. 0. 0. 0. 0. 0.],"[ 0.31767592  0.57892436 -0.06405328  2.3052835   0.24965921  1.968291
 -2.9997628   1.        ]","[-0.03879465  0.11426102  0.00938194  0.2345484   0.02455054  0.18959044
  0.0232494   0.        ]",7.8333335,235,0,235,0
236,"[ 0.31226856  0.60239655 -0.06336044  2.3506708   0.24853055  2.004864
 -2.996841    1.        ]","[-11.743145   -24.947744     2.4370022   31.65756      0.92275363
   2.6988661    3.7060294    0.        ]",[0. 0. 0. 0. 0. 0.],"[ 0.31611702  0.58403057 -0.06382319  2.3155978   0.2499104   1.9767337
 -2.9990206   1.        ]","[-0.03944522  0.12775184  0.0062318   0.25868806  0.00873136  0.21366161
  0.01917476  0.        ]",7.866667,236,0,236,0
237,"[ 0.31213233  0.6047013  -0.06369783  2.3542044   0.24755538  2.0089524
 -2.9958863   1.        ]","[ -9.731861   -24.571001     1.2453016   31.79352      0.687983
   2.4149725    0.16569395   0.        ]",[0. 0. 0. 0. 0. 0.],"[ 0.31487066  0.5885367  -0.06374649  2.324489    0.24986054  1.9839932
 -2.9985278   1.        ]","[-3.3384625e-02  1.1819870e-01  2.6022887e-03  2.3482233e-01
 -1.7120321e-04  1.9202152e-01  1.3970182e-02  0.0000000e+00]",7.9,237,0,237,0
238,"[ 0.31323037  0.6124161  -0.06517638  2.3667343   0.24139935  2.0197937
 -2.9958875   1.        ]","[ 3.1113708e+00 -3.4950020e+01  3.7939766e-01  2.2149382e+01
  6.7784375e-01 -6.4452916e-01 -3.0064771e-02  0.0000000e+00]",[0. 0. 0. 0. 0. 0.],"[ 0.31396177  0.59295833 -0.06371006  2.3329604   0.24941377  1.9910783
 -2.9979296   1.        ]","[-0.0245163   0.11076848  0.00102722  0.21441491 -0.00886833  0.17849647
  0.01369626  0.        ]",7.9333334,238,0,238,0
239,"[ 0.31335023  0.61599815 -0.065484    2.3698528   0.239727    2.025832
 -2.9955091   1.        ]","[ -8.819893  -35.77339    -1.2868791  18.813011    2.8656313  -1.675573
   3.10113     0.       ]",[0. 0. 0. 0. 0. 0.],"[ 0.31361854  0.5952076  -0.06370622  2.3371847   0.24898809  1.9943342
 -2.9975538   1.        ]","[-0.02235914  0.1191232   0.00071905  0.2267073  -0.01557949  0.18465978
  0.01739425  0.        ]",7.9666667,239,0,239,0
240,"[ 0.31227162  0.62294817 -0.06500562  2.3788798   0.23950486  2.035227
 -2.9947872   1.        ]","[  0.3141043  -36.100117    -0.54257953  20.74943      1.6193225
  -1.4711126   -0.6709187    0.        ]",[0. 0. 0. 0. 0. 0.],"[ 0.31330597  0.6030654  -0.06402644  2.3507278   0.24581276  2.0062034
 -2.9966986   1.        ]","[-0.00558122  0.14031816 -0.00571819  0.24184166 -0.05670251  0.21194957
  0.01527133  0.        ]",8.0,240,0,240,0
241,"[ 0.31173733  0.6269772  -0.06459898  2.384987    0.2390736   2.0404804
 -2.9950933   1.        ]","[ -1.082451  -34.084724   -1.1643997  31.212006   -6.258763    2.341149
  -0.536387    0.       ]",[0. 0. 0. 0. 0. 0.],"[ 0.31330216  0.6056348  -0.06425462  2.3543844   0.24471979  2.0101552
 -2.996478    1.        ]","[-0.00243109  0.14552273 -0.00917649  0.23352118 -0.06307127  0.22102335
  0.01383322  0.        ]",8.033334,241,0,241,0
242,"[ 0.31071457  0.6321922  -0.06424376  2.3910477   0.23917896  2.0474012
 -2.9951777   1.        ]","[  2.0656655 -24.506542   -8.07123    32.324245   -6.170536    3.096145
   3.2149487   0.       ]",[0. 0. 0. 0. 0. 0.],"[ 0.31313917  0.61040354 -0.06454608  2.361452    0.2430209   2.0175683
 -2.9959948   1.        ]","[-0.00308166  0.15487042 -0.01082004  0.22968623 -0.06077714  0.2343772
  0.0148262   0.        ]",8.066667,242,0,242,0
243,"[ 0.30552253  0.65435743 -0.06252383  2.4207385   0.24259947  2.0768108
 -2.988715    1.        ]","[-2.6913550e+00 -4.0177521e+01 -1.1874807e+00  1.5723591e+01
 -2.9694521e-01 -6.6819674e-01  1.8161271e-03  0.0000000e+00]",[0. 0. 0. 0. 0. 0.],"[ 0.31074616  0.6319963  -0.06426805  2.3909411   0.23919362  2.0472238
 -2.995176    1.        ]","[-0.00047937  0.00267077  0.00089026  0.00636876 -0.00061633  0.00595787
  0.00023968  0.        ]",8.1,243,0,243,0
244,"[ 0.30480886  0.65456134 -0.06226841  2.4205005   0.24389896  2.0768943
 -2.9880419   1.        ]","[ 1.3347906e-15 -3.2595169e+01 -6.6876030e-01  2.4223576e+01
  2.9058439e-01 -1.0617342e+00  1.8030482e-03  0.0000000e+00]",[0. 0. 0. 0. 0. 0.],"[ 0.31073466  0.6320423  -0.06425846  2.3909853   0.23918979  2.0472603
 -2.995176    1.        ]","[-0.00058209  0.00243109  0.00068481  0.00455401 -0.00051361  0.00410888
  0.00013696  0.        ]",8.133333,244,0,244,0
245,"[ 0.296605    0.67345005 -0.0593603   2.4479477   0.25241897  2.1013207
 -2.980676    1.        ]","[-3.0717213e-02 -3.9379585e+01 -6.5887630e-01  1.9018692e+01
  3.0200392e-01 -8.5894167e-01 -8.2649216e-02  0.0000000e+00]",[0. 0. 0. 0. 0. 0.],"[ 0.30489978  0.6539149  -0.06237357  2.4194481   0.24364409  2.0757942
 -2.9883249   1.        ]","[-0.0093477   0.02848822  0.00318438  0.04598518  0.00849168  0.03971915
  0.01013523  0.        ]",8.166667,245,0,245,0
246,"[ 0.29655635  0.6737361  -0.05973234  2.4482567   0.25195238  2.1004224
 -2.980502    1.        ]","[-3.0717213e-02 -3.2811752e+01 -6.5887630e-01  1.7041842e+01
  3.0200392e-01 -1.4889417e+00  1.9377148e-03  0.0000000e+00]",[0. 0. 0. 0. 0. 0.],"[ 0.30488253  0.6540664  -0.06227387  2.4202573   0.2437898   2.0764635
 -2.9881563   1.        ]","[-0.00095874  0.00455401  0.00232836  0.02167433  0.00390343  0.01756545
  0.00445128  0.        ]",8.2,246,0,246,0
247,"[ 0.29649308  0.6739299  -0.0600292   2.448583    0.2517739   2.0994997
 -2.980023    1.        ]","[-3.0717213e-02 -3.2811752e+01 -6.5887630e-01  1.6640741e+01
  3.0200392e-01 -1.3209417e+00  1.9377148e-03  0.0000000e+00]",[0. 0. 0. 0. 0. 0.],"[ 0.30488253  0.6541201  -0.06224127  2.4204204   0.24382433  2.0766132
 -2.988116    1.        ]","[-0.00010272  0.00273925  0.00195172  0.0139017   0.00256805  0.01181302
  0.00304742  0.        ]",8.233334,247,0,247,0
248,"[ 0.29649618  0.6747451  -0.06116831  2.4508617   0.25085488  2.0969956
 -2.9781182   1.        ]","[ 1.5053283e-16 -3.2897682e+01 -6.4896840e-01  2.2834049e+01
  3.0442971e-01 -1.0141748e+00  1.9352074e-03  0.0000000e+00]",[0. 0. 0. 0. 0. 0.],"[ 0.30486718  0.654517   -0.06221634  2.4204874   0.24386077  2.0767684
 -2.9880662   1.        ]","[-0.00027393  0.00753294  0.00061633  0.0020202   0.00082178  0.00376647
  0.0010957   0.        ]",8.266666,248,0,248,0
249,"[ 0.2938122   0.6861093  -0.06130249  2.4734313   0.25263914  2.1014318
 -2.9710793   1.        ]","[-11.711865   -21.624853     6.658937    18.708883     6.777705
   1.607608     0.06225907   0.        ]",[0. 0. 0. 0. 0. 0.],"[ 0.30067942  0.66426355 -0.06101409  2.435093    0.24802168  2.0891285
 -2.9839838   1.        ]","[-0.06228373  0.14196171  0.01845571  0.21472307  0.05944176  0.17500393
  0.05820909  0.        ]",8.3,249,0,249,0
250,"[ 0.2935675   0.6877821  -0.06152156  2.4772143   0.2524967   2.1006186
 -2.9700644   1.        ]","[-10.974865   -28.174105    -0.6012637   23.149633     7.19313
   1.817608    -0.17574093   0.        ]",[0. 0. 0. 0. 0. 0.],"[ 0.2986028   0.6695941  -0.06094122  2.4426363   0.24946746  2.0932548
 -2.9811957   1.        ]","[-0.05362085  0.13285369  0.00496489  0.18517339  0.03910282  0.11439799
  0.06430393  0.        ]",8.333333,250,0,250,0
251,"[ 0.29362497  0.68891025 -0.06192835  2.4805086   0.2515362   2.0978434
 -2.9707649   1.        ]","[ -9.567865   -31.875854    -0.6012637   19.897858     7.092855
   2.027608    -0.94574094   0.        ]",[0. 0. 0. 0. 0. 0.],"[ 0.29770732  0.67183757 -0.06096615  2.4459035   0.24999093  2.094668
 -2.9799206   1.        ]","[-0.04944349  0.12651917  0.00041089  0.17644203  0.03133019  0.09080619
  0.06721438  0.        ]",8.366667,251,0,251,0
252,"[ 0.29361907  0.689459   -0.0622192   2.4821806   0.25117943  2.096588
 -2.9705386   1.        ]","[  4.105183   -43.003258    -0.62331325  22.349512     0.18196587
  -0.8717811    0.18153563   0.        ]",[0. 0. 0. 0. 0. 0.],"[ 0.2967946   0.6739755  -0.06104285  2.4491768   0.25051057  2.0960698
 -2.978749    1.        ]","[-0.02448206  0.06081138 -0.00181475  0.08738212  0.01397018  0.03886313
  0.03180956  0.        ]",8.4,252,0,252,0
253,"[ 0.2934196   0.69003195 -0.06319004  2.4851892   0.25084412  2.0923407
 -2.9684637   1.        ]","[ -8.558343   -28.383535    -0.41272208  34.863525     7.727099
   1.8992563    4.391894     0.        ]",[0. 0. 0. 0. 0. 0.],"[ 0.29657602  0.67481923 -0.0610601   2.450893    0.25068122  2.0966182
 -2.9781718   1.        ]","[-0.01807906  0.04800538 -0.00157507  0.07930133  0.01068308  0.03163835
  0.02759796  0.        ]",8.433333,253,0,253,0
254,"[ 0.29321477  0.6919527  -0.06310953  2.4893231   0.2508423   2.091545
 -2.968452    1.        ]","[-11.583999  -22.455698   -0.3673821  28.508656    6.8648586   0.6658545
   2.6944761   0.       ]",[0. 0. 0. 0. 0. 0.],"[ 0.29555398  0.67967045 -0.06112146  2.461951    0.25130633  2.097924
 -2.9749985   1.        ]","[-0.02020198  0.096045   -0.00123266  0.21605845  0.01290872  0.02852246
  0.06296854  0.        ]",8.466666,254,0,254,0
255,"[ 0.29265177  0.69817775 -0.06274199  2.500413    0.25135267  2.093333
 -2.966071    1.        ]","[  0.20135374 -36.66697     -1.1157782   18.994673     0.22532563
  -1.3376327   -0.16947675   0.        ]",[0. 0. 0. 0. 0. 0.],"[ 0.2949404   0.683028   -0.06147236  2.4690206   0.25133124  2.0973334
 -2.9732995   1.        ]","[-0.01862691  0.0993321  -0.00695085  0.2128056   0.00338982 -0.00592363
  0.05262787  0.        ]",8.5,255,0,255,0
256,"[ 0.2904704   0.7007059  -0.06090767  2.5033193   0.25592417  2.094185
 -2.9650192   1.        ]","[-11.252102   -32.497074    -9.312286    31.906889     0.43433398
  -3.2812521    3.4809852    0.        ]",[0. 0. 0. 0. 0. 0.],"[ 0.29446486  0.6854766  -0.06191913  2.4738624   0.25133124  2.0958874
 -2.97194     1.        ]","[-1.6880637e-02  9.0463780e-02 -1.3422332e-02  1.8366681e-01
  1.3696257e-04 -3.6397804e-02  4.7834177e-02  0.0000000e+00]",8.533334,256,0,256,0
257,"[ 0.29025394  0.70356137 -0.06068057  2.508182    0.2561681   2.094287
 -2.9646285   1.        ]","[ -9.128348   -38.307606    -8.056329    31.175806     0.35572347
  -3.1114128    2.9599545    0.        ]",[0. 0. 0. 0. 0. 0.],"[ 0.29385704  0.6882339  -0.06243493  2.480376    0.2512507   2.0942078
 -2.9704041   1.        ]","[-0.01544253  0.07375434 -0.01379898  0.16456053 -0.00143811 -0.04471828
  0.04074636  0.        ]",8.566667,257,0,257,0
258,"[ 0.2892108   0.70564425 -0.0600621   2.5121655   0.25754532  2.09459
 -2.964193    1.        ]","[  2.5379555  -23.879665    -0.77572703  30.26933      0.29543
  -3.2101753    3.234184     0.        ]",[0. 0. 0. 0. 0. 0.],"[ 0.29355022  0.6902051  -0.06257108  2.4850278   0.2512488   2.0938225
 -2.9694188   1.        ]","[-0.01451803  0.07382283 -0.00958738  0.18017426 -0.00147235 -0.03013176
  0.04006155  0.        ]",8.6,258,0,258,0
259,"[ 0.28876474  0.70822203 -0.0598278   2.5166936   0.25795284  2.0952797
 -2.9634225   1.        ]","[ 9.6833873e-01 -3.2612175e+01  1.8543711e-02  1.8624004e+01
  1.0916362e+00 -3.8306847e-01 -5.3992733e-02  0.0000000e+00]",[0. 0. 0. 0. 0. 0.],"[ 0.2931169   0.6928685  -0.06256533  2.4904945   0.25155175  2.0937304
 -2.9682393   1.        ]","[-0.01414139  0.08741636 -0.0029447   0.19205576  0.0053073  -0.01023795
  0.04112301  0.        ]",8.633333,259,0,259,0
260,"[ 0.28798544  0.71163684 -0.05923001  2.522308    0.25937024  2.096516
 -2.9623718   1.        ]","[  0.86897916 -38.208996    -3.3998017   17.498268    -0.36647287
  -1.4458494   -0.33352908   0.        ]",[0. 0. 0. 0. 0. 0.],"[ 0.2919568   0.6968894  -0.06203802  2.4972153   0.25344238  2.0938013
 -2.9666843   1.        ]","[-0.02485871  0.09323727  0.01016947  0.1613419   0.03917129  0.00099298
  0.03704838  0.        ]",8.666667,260,0,260,0
261,"[ 0.2874197   0.71334875 -0.05893437  2.525323    0.25987872  2.096994
 -2.9622447   1.        ]","[  0.3331868  -40.816322    -3.458694    20.716969    -0.76267976
  -0.9052959   -0.5313148    0.        ]",[0. 0. 0. 0. 0. 0.],"[ 0.29138732  0.69895643 -0.06163343  2.500383    0.2543762   2.0939317
 -2.966111    1.        ]","[-0.02526959  0.08943656  0.01479196  0.14175627  0.04266384  0.00359527
  0.02989208  0.        ]",8.7,261,0,261,0
262,"[ 0.28697956  0.71492887 -0.05870111  2.528184    0.26008397  2.0971596
 -2.9625413   1.        ]","[-11.36539   -30.218636    7.0027714  31.32066     6.3943086  -0.7921199
   2.51339     0.       ]",[0. 0. 0. 0. 0. 0.],"[ 0.29039982  0.7025517  -0.06096423  2.5064805   0.25580856  2.0943594
 -2.9650755   1.        ]","[-0.02461902  0.08936808  0.01694912  0.14764565  0.03687717  0.00931345
  0.02530384  0.        ]",8.733334,262,0,262,0
263,"[ 0.28667775  0.7165703  -0.05846398  2.5310297   0.26037055  2.0976295
 -2.9622366   1.        ]","[-10.294865  -25.73735     8.092647   30.845898    7.351746    2.137624
   3.0006256   0.       ]",[0. 0. 0. 0. 0. 0.],"[ 0.28963473  0.7051441  -0.06048486  2.5111878   0.2568018   2.094879
 -2.9643278   1.        ]","[-0.02681042  0.09135403  0.01698336  0.16278002  0.03564451  0.01496316
  0.02663922  0.        ]",8.766666,263,0,263,0
264,"[ 0.28569335  0.72074234 -0.05780273  2.5378935   0.2614617   2.0980732
 -2.9616458   1.        ]","[  3.4055686 -36.591015   -2.852248   16.42748    -0.5197705  -1.2318934
  -0.6268748   0.       ]",[0. 0. 0. 0. 0. 0.],"[ 0.28853986  0.7087125  -0.05981375  2.5178301   0.2581632   2.0957687
 -2.9634361   1.        ]","[-0.02824853  0.09231278  0.01722304  0.16873789  0.03499394  0.0223249
  0.02393421  0.        ]",8.8,264,0,264,0
265,"[ 0.2850891   0.7229995  -0.05737552  2.5413616   0.2622059   2.0975091
 -2.9615111   1.        ]","[ -8.922476  -27.606834    7.8790045  30.054485    7.3951163   1.8618152
   3.2080262   0.       ]",[0. 0. 0. 0. 0. 0.],"[ 0.28803173  0.7108352  -0.05947052  2.5213928   0.25876722  2.0962691
 -2.9631102   1.        ]","[-0.02170857  0.08190361  0.01444955  0.140866    0.02633105  0.01996229
  0.01554525  0.        ]",8.833333,265,0,265,0
266,"[ 0.28447887  0.7266257  -0.05688642  2.5474184   0.2627887   2.0988455
 -2.9608858   1.        ]","[  1.7499946  -40.059452    -2.5345933   21.38821     -0.37526357
  -1.9352806   -0.2670505    0.        ]",[0. 0. 0. 0. 0. 0.],"[ 0.2871631   0.71474683 -0.05880899  2.5277665   0.2598525   2.097107
 -2.9625003   1.        ]","[-0.01941444  0.08772453  0.01468924  0.1423726   0.02403693  0.01869539
  0.01345657  0.        ]",8.866667,266,0,266,0
267,"[ 0.2838949   0.7300993  -0.05640971  2.5530353   0.2634012   2.0994434
 -2.9604108   1.        ]","[-11.135972  -29.01776     7.447033   30.088366    6.8876176   1.4710374
   3.312529    0.       ]",[0. 0. 0. 0. 0. 0.],"[ 0.2867566   0.7166969  -0.05846576  2.5310855   0.26039517  2.097454
 -2.96223     1.        ]","[-0.01924324  0.08673155  0.01496316  0.14764565  0.02472174  0.01712032
  0.01325113  0.        ]",8.9,267,0,267,0
268,"[ 0.2835533   0.7318993  -0.05619782  2.555539    0.2638515   2.096304
 -2.960932    1.        ]","[  1.056862   -40.75364     -3.8083007   15.842818    -1.0383686
  -2.0693698   -0.32184777   0.        ]",[0. 0. 0. 0. 0. 0.],"[ 0.28653803  0.71766526 -0.05827976  2.532819    0.26068854  2.0975711
 -2.9620976   1.        ]","[-0.01681216  0.07847955  0.01393594  0.13360699  0.02218794  0.0129772
  0.01105973  0.        ]",8.933333,268,0,268,0
269,"[ 0.28301087  0.7353192  -0.05565879  2.5613382   0.26445013  2.097032
 -2.9603412   1.        ]","[  0.64426214 -34.537064    -2.9946148   19.330984    -0.6318361
  -1.0071543   -0.32615602   0.        ]",[0. 0. 0. 0. 0. 0.],"[ 0.28558886  0.7216325  -0.05763358  2.539486    0.2616741   2.0980792
 -2.961582    1.        ]","[-0.0190378   0.07871924  0.01307993  0.13340154  0.02051014  0.00996403
  0.01030643  0.        ]",8.966666,269,0,269,0
270,"[ 0.28265882  0.7390956  -0.05528639  2.5675876   0.26473463  2.0970707
 -2.9596963   1.        ]","[  2.0623398  -38.295513    -2.9953475   17.668324    -0.49863768
  -1.4252534    2.990438     0.        ]",[0. 0. 0. 0. 0. 0.],"[ 0.2852399   0.72313195 -0.05743224  2.5418272   0.26197323  2.0981944
 -2.9614074   1.        ]","[-0.01985957  0.08217754  0.01229239  0.13329881  0.01825026  0.00982706
  0.01030643  0.        ]",9.0,270,0,270,0
271,"[ 0.2824211   0.74173796 -0.05488388  2.5719874   0.26505947  2.0973713
 -2.959474    1.        ]","[ 2.2186575e+00 -4.1907646e+01 -3.1459465e+00  1.9004450e+01
 -1.9893780e-01 -4.9305364e-01 -4.0605621e-04  0.0000000e+00]",[0. 0. 0. 0. 0. 0.],"[ 0.2843521   0.7277243  -0.05683015  2.548851    0.26288405  2.097527
 -2.9611123   1.        ]","[-0.01585342  0.08200634  0.01075156  0.12542348  0.0162643  -0.01191574
  0.00527306  0.        ]",9.033334,271,0,271,0
272,"[ 0.2823561   0.74315244 -0.0547935   2.5745678   0.26504925  2.0973718
 -2.9591954   1.        ]","[ 1.5151575e+00 -4.0701645e+01 -2.9740465e+00  1.9720701e+01
 -5.5687804e-02 -9.1305363e-01 -4.0605621e-04  0.0000000e+00]",[0. 0. 0. 0. 0. 0.],"[ 0.28408557  0.72938484 -0.0565828   2.5516217   0.2632196   2.097408
 -2.9609435   1.        ]","[-0.01438107  0.08091064  0.01133365  0.13031988  0.01653823 -0.01075156
  0.00630028  0.        ]",9.066667,272,0,272,0
273,"[ 0.28218448  0.7449587  -0.05460219  2.5779698   0.26522568  2.097543
 -2.9586215   1.        ]","[-1.14478035e+01 -2.66388073e+01  6.95387411e+00  2.83630085e+01
  7.44433689e+00 -1.05528831e+00  1.87902362e-03  0.00000000e+00]",[0. 0. 0. 0. 0. 0.],"[ 0.28353333  0.7332773  -0.05599605  2.5584154   0.26391757  2.097226
 -2.960464    1.        ]","[-0.0117103   0.08111608  0.01222391  0.14120841  0.0148262  -0.00410888
  0.00979282  0.        ]",9.1,273,0,273,0
274,"[ 0.28193706  0.74593824 -0.05418976  2.579699    0.26573044  2.097643
 -2.9587433   1.        ]","[ 3.4965941e-01 -3.8849129e+01 -3.7024162e+00  1.6770023e+01
 -2.4424555e-02 -1.4784266e+00  2.2119201e-04  0.0000000e+00]",[0. 0. 0. 0. 0. 0.],"[ 0.28335884  0.73450834 -0.05584073  2.5603023   0.26409397  2.0971856
 -2.9603145   1.        ]","[-0.01109397  0.07745233  0.01105973  0.1304911   0.01270328 -0.00325286
  0.0096901   0.        ]",9.133333,274,0,274,0
275,"[ 0.28155267  0.7482394  -0.05375029  2.5836127   0.26622704  2.098226
 -2.9583232   1.        ]","[ -9.705213   -29.416767    -0.71679205  28.72822      0.3225955
  -0.8557979    2.6111097    0.        ]",[0. 0. 0. 0. 0. 0.],"[ 0.28277403  0.7388687  -0.05534411  2.5674984   0.2645791   2.097176
 -2.9597604   1.        ]","[-0.01119669  0.08474559  0.00972434  0.1369968   0.00941618 -0.00034241
  0.01058036  0.        ]",9.166667,275,0,275,0
276,"[ 0.28079897  0.7503819  -0.05270795  2.5875392   0.26768327  2.098961
 -2.9581928   1.        ]","[ -0.18853636 -40.95119     -0.41844806  19.558708     0.3835641
  -1.3713093   -0.93051946   0.        ]",[0. 0. 0. 0. 0. 0.],"[ 0.28263405  0.7400863  -0.05521372  2.5694716   0.2647018   2.0971837
 -2.9595761   1.        ]","[-0.00948466  0.07635663  0.00835472  0.12285542  0.00756718  0.00013696
  0.01013523  0.        ]",9.2,276,0,276,0
277,"[ 0.28017724  0.75245965 -0.05190711  2.591244    0.26889881  2.099923
 -2.9576185   1.        ]","[-2.1283127e-01 -4.0315460e+01 -4.3906027e-01  1.8309507e+01
  3.9291707e-01 -1.2569525e+00  1.1400805e-03  0.0000000e+00]",[0. 0. 0. 0. 0. 0.],"[ 0.28234068  0.742625   -0.05480146  2.5739815   0.26515818  2.0974293
 -2.9591908   1.        ]","[-0.00722478  0.06272886  0.00924497  0.10871404  0.00989555  0.00451976
  0.0095189   0.        ]",9.233334,277,0,277,0
278,"[ 0.27995417  0.7536718  -0.05162182  2.593453    0.2692539   2.1003568
 -2.95729     1.        ]","[  0.3305416  -27.341536     7.5810995   29.031374     7.2494273
  -0.75829333   3.0516489    0.        ]",[0. 0. 0. 0. 0. 0.],"[ 0.2821585   0.7440382  -0.05450426  2.576543    0.26549757  2.0976632
 -2.9589665   1.        ]","[-0.00808079  0.06683774  0.01222391  0.12025314  0.01383322  0.00845744
  0.01040915  0.        ]",9.266666,278,0,278,0
279,"[ 0.2794218   0.75519437 -0.0510046   2.5978076   0.27033603  2.1007118
 -2.9561129   1.        ]","[ 3.9769658e-01 -3.9847469e+01 -3.4861925e+00  1.7639084e+01
 -8.2793379e-01 -2.4435854e+00  1.3869783e-04  0.0000000e+00]",[0. 0. 0. 0. 0. 0.],"[ 0.28170982  0.7466134  -0.05381013  2.5811126   0.26635468  2.0981789
 -2.9586349   1.        ]","[-0.01064884  0.06635837  0.01674367  0.11860958  0.02027046  0.01239511
  0.00914225  0.        ]",9.3,279,0,279,0
280,"[ 0.2791949   0.7558294  -0.05065798  2.600322    0.27085406  2.1012204
 -2.955477    1.        ]","[-1.1780544e+01 -2.8179680e+01  7.8180442e+00  2.8941624e+01
  6.6780057e+00  1.3020028e+00  3.1404372e-03  0.0000000e+00]",[0. 0. 0. 0. 0. 0.],"[ 0.28135893  0.74810326 -0.0533461   2.5837202   0.2669817   2.098593
 -2.9584007   1.        ]","[-0.01311417  0.06255765  0.0182845   0.11220659  0.02413965  0.01475772
  0.00879985  0.        ]",9.333333,280,0,280,0
281,"[ 0.2786193   0.7573386  -0.04999598  2.6038976   0.2719137   2.1018317
 -2.954597    1.        ]","[  1.0455991  -38.9125      -2.5476933   18.794075    -0.8984646
  -1.5434846   -0.26307258   0.        ]",[0. 0. 0. 0. 0. 0.],"[ 0.28077024  0.7503448  -0.05267306  2.587605    0.26790398  2.0992336
 -2.9579983   1.        ]","[-0.01503164  0.05728459  0.01739425  0.1021056   0.02441358  0.01650399
  0.01020371  0.        ]",9.366667,281,0,281,0
282,"[ 0.2782759   0.75658756 -0.04972982  2.6066551   0.27308148  2.100217
 -2.9527178   1.        ]","[  1.3266386  -39.424637    -2.4111385   19.139778    -0.7717342
  -1.4652133    0.08607917   0.        ]",[0. 0. 0. 0. 0. 0.],"[ 0.28050756  0.75127476 -0.05239503  2.5894191   0.26832968  2.0995116
 -2.9577317   1.        ]","[-0.01417563  0.05255939  0.01533981  0.09474386  0.02239338  0.01530557
  0.01133365  0.        ]",9.4,282,0,282,0
283,"[ 0.27828524  0.7570743  -0.04965318  2.6105294   0.2732965   2.1004307
 -2.9511135   1.        ]","[-10.427759 -28.653587   8.403927  28.9586     6.971366   2.124579
   3.818498   0.      ]",[0. 0. 0. 0. 0. 0.],"[ 0.2800301   0.75292    -0.05182746  2.5932617   0.2692021   2.1000657
 -2.9569952   1.        ]","[-0.01229239  0.04269808  0.01383322  0.09508626  0.02181129  0.01383322
  0.0171888   0.        ]",9.433333,283,0,283,0
284,"[ 0.276741    0.7572704  -0.04813568  2.6138651   0.2772632   2.100043
 -2.9469514   1.        ]","[ 4.0760201e-01 -3.8904888e+01 -2.1365647e+00  2.0335892e+01
  1.8607165e-01 -1.8986611e-01 -3.7146199e-02  0.0000000e+00]",[0. 0. 0. 0. 0. 0.],"[ 0.2796006   0.7542181  -0.05123496  2.597039    0.2701551   2.1003745
 -2.9559886   1.        ]","[-0.01105973  0.03492546  0.01458651  0.09655862  0.02355756  0.00982706
  0.02372877  0.        ]",9.466666,284,0,284,0
285,"[ 0.27601752  0.75787705 -0.04741409  2.6154468   0.2790698   2.1003537
 -2.9447796   1.        ]","[-11.295257   -30.792479     7.8548207   32.983772     7.19565
  -0.20591849   3.007309     0.        ]",[0. 0. 0. 0. 0. 0.],"[ 0.27918833  0.7552267  -0.05069615  2.600826    0.27115604  2.100382
 -2.954608    1.        ]","[-0.01198423  0.03088506  0.01605886  0.108851    0.02900182  0.00225988
  0.03711686  0.        ]",9.5,285,0,285,0
286,"[ 0.27564842  0.7577385  -0.04702654  2.6165326   0.2803818   2.1008387
 -2.9423816   1.        ]","[ 4.3207371e-01 -4.0670891e+01 -2.3065407e+00  2.9149632e+01
  5.1375663e-01 -2.2180037e-01  3.2008018e-03  0.0000000e+00]",[0. 0. 0. 0. 0. 0.],"[ 0.2786917   0.7558537  -0.05014008  2.604918    0.27242157  2.1003764
 -2.952823    1.        ]","[-1.31826475e-02  2.18112897e-02  1.55110108e-02  1.15288243e-01
  3.32134217e-02 -3.42406420e-05  4.76287343e-02  0.00000000e+00]",9.533334,286,0,286,0
287,"[ 0.27528313  0.7602521  -0.04629546  2.6219084   0.28170577  2.1013398
 -2.9399643   1.        ]","[-10.924851  -28.214045    8.265416   28.49439     8.353607   -0.8156329
   2.988849    0.       ]",[0. 0. 0. 0. 0. 0.],"[ 0.27747604  0.75662833 -0.04893015  2.6101239   0.27546078  2.100361
 -2.949128    1.        ]","[-0.02413965  0.01588766  0.02461902  0.11090544  0.06060594 -0.00034241
  0.07519245  0.        ]",9.566667,287,0,287,0
288,"[ 0.27532792  0.7591745  -0.0460529   2.626674    0.28404143  2.0980458
 -2.9329271   1.        ]","[  3.2393982 -38.999588   -4.0048676  14.218754   -1.2200252  -2.1248653
  -1.4793046   0.       ]",[0. 0. 0. 0. 0. 0.],"[ 0.27700433  0.7569275  -0.04849489  2.6116579   0.2765077   2.100361
 -2.9478738   1.        ]","[-0.02554352  0.01643551  0.02502991  0.09837337  0.06101682 -0.00010272
  0.07546638  0.        ]",9.6,288,0,288,0
289,"[ 0.27579877  0.7595619  -0.04614553  2.6301003   0.2840533   2.096888
 -2.930815    1.        ]","[ -8.868825   -28.291115     8.043816    28.435938     7.6632915
  -1.0546633    0.30076036   0.        ]",[0. 0. 0. 0. 0. 0.],"[ 0.27634087  0.7576561  -0.04780076  2.6146798   0.27830437  2.1004395
 -2.945201    1.        ]","[-0.01831874  0.0170176   0.01835298  0.0746446   0.04632759  0.00140387
  0.06488602  0.        ]",9.633333,289,0,289,0
290,"[ 0.27583393  0.7601711  -0.04593624  2.632179    0.28461152  2.09671
 -2.9291768   1.        ]","[ -8.865487   -30.235434     8.3707075   31.141937     7.839864
  -0.45390072   0.24992026   0.        ]",[0. 0. 0. 0. 0. 0.],"[ 0.2760475   0.7582352  -0.04739617  2.6169674   0.2794798   2.1003208
 -2.94304     1.        ]","[-0.01465499  0.02205097  0.0168464   0.08659458  0.04711512 -0.00071905
  0.07803442  0.        ]",9.666667,290,0,290,0
291,"[ 0.27497324  0.75999147 -0.04510025  2.633654    0.28797168  2.0965486
 -2.9227993   1.        ]","[  1.9330273 -41.632874   -2.8495142  17.458172   -1.045288    0.2798956
  -1.4609044   0.       ]",[0. 0. 0. 0. 0. 0.],"[ 0.27570045  0.75880855 -0.04678641  2.6211934   0.2814663   2.0994866
 -2.9387064   1.        ]","[-0.00975858  0.01722304  0.01551101  0.10450244  0.05043647 -0.0170176
  0.10552966  0.        ]",9.7,291,0,291,0
292,"[ 0.27578282  0.760592   -0.04534613  2.636665    0.28754818  2.0960739
 -2.920545    1.        ]","[ -3.098674  -39.25988     7.792173   28.574537    6.995357   -3.9549527
   3.1982417   0.       ]",[0. 0. 0. 0. 0. 0.],"[ 0.27566785  0.7588737  -0.04665219  2.6227026   0.28197443  2.0991645
 -2.93732     1.        ]","[-0.00677965  0.01140213  0.01328537  0.10241376  0.04454708 -0.02064711
  0.10213984  0.        ]",9.733334,292,0,292,0
293,"[ 0.27595398  0.7610811  -0.04527946  2.6381974   0.28790542  2.0960362
 -2.9186516   1.        ]","[ -0.16616401 -34.64055     -0.5992139   17.88589      0.42394918
  -1.1927897   -0.11203122   0.        ]",[0. 0. 0. 0. 0. 0.],"[ 0.27562568  0.7592016  -0.04627061  2.6265528   0.28346622  2.0983016
 -2.9332666   1.        ]","[-0.0010957   0.00674541  0.0084232   0.08967625  0.03345311 -0.01975685
  0.09128556  0.        ]",9.766666,293,0,293,0
294,"[ 0.27662495  0.7613363  -0.04516123  2.6409643   0.28882566  2.0963476
 -2.91386     1.        ]","[  1.6207223 -28.530022    8.508527   28.164795    7.9047437  -1.4817364
   3.9757862   0.       ]",[0. 0. 0. 0. 0. 0.],"[ 0.27552405  0.7594643  -0.04602134  2.6282842   0.2844403   2.0979757
 -2.9308965   1.        ]","[-0.00253381  0.00992979  0.01006675  0.08721092  0.04047244 -0.01797634
  0.10426275  0.        ]",9.8,294,0,294,0
295,"[ 0.27722397  0.76164347 -0.04537297  2.6427746   0.2887012   2.096264
 -2.9113977   1.        ]","[ -5.652111  -29.598007    7.847907   29.809721    7.2282095  -4.112182
   4.602581    0.       ]",[0. 0. 0. 0. 0. 0.],"[ 0.2754876   0.76020443 -0.04562442  2.6330147   0.2862945   2.0969977
 -2.9247742   1.        ]","[-0.00041089  0.01229239  0.00616332  0.07858227  0.03016601 -0.01623007
  0.10148927  0.        ]",9.833333,295,0,295,0
296,"[ 0.27757967  0.7627509  -0.04511878  2.6461456   0.28948095  2.0961785
 -2.9072874   1.        ]","[  6.085221   -40.746437     1.8699323   18.375483    -0.3622578
  -0.81694436  -1.131759     0.        ]",[0. 0. 0. 0. 0. 0.],"[ 0.2755221   0.7604556  -0.04554389  2.634568    0.2867988   2.0968175
 -2.9226131   1.        ]","[ 0.00061633  0.01181302  0.00455401  0.07474732  0.02557776 -0.01256632
  0.09875001  0.        ]",9.866667,296,0,296,0
297,"[ 0.2775619   0.7634649  -0.04477987  2.6477637   0.290243    2.0962448
 -2.905186    1.        ]","[  4.435755   -40.121475     1.2377069   18.244858    -0.31998226
  -1.725164    -0.8653797    0.        ]",[0. 0. 0. 0. 0. 0.],"[ 0.27594396  0.7609273  -0.04538858  2.6379983   0.28774795  2.0965664
 -2.917944    1.        ]","[ 0.00814927  0.01095701  0.00359527  0.07721265  0.02259882 -0.00630028
  0.1055639   0.        ]",9.9,297,0,297,0
298,"[ 0.2772215  0.7638151 -0.0440648  2.6495488  0.2919677  2.0960708
 -2.902429   1.       ]","[ -2.0789614  -39.334225     1.2377069   17.084534    -0.42025724
  -1.725164    -1.2993797    0.        ]",[0. 0. 0. 0. 0. 0.],"[ 0.2761127   0.76104623 -0.04536556  2.6388977   0.28793395  2.0965223
 -2.9167917   1.        ]","[ 0.01054612  0.01054612  0.00318438  0.07731537  0.02027046 -0.00527306
  0.10395459  0.        ]",9.933333,298,0,298,0
299,"[ 0.27677774  0.7641114  -0.04347973  2.6509225   0.29327178  2.0962875
 -2.9005656   1.        ]","[ 10.190092   -39.077408    -0.41872913  18.373909    -0.11971644
  -1.301254    -0.45198643   0.        ]",[0. 0. 0. 0. 0. 0.],"[ 0.27664194  0.7616387  -0.04527352  2.64177     0.28854755  2.096388
 -2.9130275   1.        ]","[ 0.01345657  0.01335385  0.00222564  0.0726244   0.01544253 -0.00349255
  0.09491506  0.        ]",9.966666,299,0,299,0
300,"[ 0.276572    0.7652701  -0.04297795  2.6539757   0.29454103  2.0966444
 -2.8969219   1.        ]","[ 10.020953   -41.267773    -1.786849    20.88775      0.5638518
  -0.8955181    0.32531217   0.        ]",[0. 0. 0. 0. 0. 0.],"[ 0.27690846  0.762469   -0.04498015  2.6443546   0.28955036  2.0962596
 -2.9093728   1.        ]","[ 0.0084232   0.01996229  0.00592363  0.0660502   0.02246186 -0.00301318
  0.09231278  0.        ]",10.0,300,0,300,0
301,"[ 0.27582368  0.7649547  -0.04223277  2.6551204   0.2961936   2.0972319
 -2.8950984   1.        ]","[  2.849927   -40.80624     -2.9615273   17.790869    -0.24036019
  -1.5463123   -0.7121615    0.        ]",[0. 0. 0. 0. 0. 0.],"[ 0.277012    0.7631171  -0.04449503  2.646924    0.29080632  2.0961943
 -2.9059503   1.        ]","[ 0.00349255  0.0179421   0.01140213  0.06584476  0.03085082 -0.00184899
  0.08899143  0.        ]",10.033334,301,0,301,0
302,"[ 0.27540356  0.7639824  -0.04200454  2.656251    0.2968381   2.098553
 -2.8935544   1.        ]","[  1.8327246  -40.07933     -2.923225    17.081814    -0.69990265
  -1.4489611   -0.390546     0.        ]",[0. 0. 0. 0. 0. 0.],"[ 0.277012    0.76336634 -0.04420549  2.648132    0.29151005  2.0961943
 -2.904378    1.        ]","[ 0.00154083  0.01458651  0.01311417  0.0625919   0.03287102 -0.00095874
  0.08258843  0.        ]",10.066667,302,0,302,0
303,"[ 0.27487808  0.76332986 -0.04183881  2.6581159   0.29772255  2.1005583
 -2.8902268   1.        ]","[ -0.21973576 -29.376392    -2.6306548   17.952154    -0.49162254
  -1.6391238   -1.0245211    0.        ]",[0. 0. 0. 0. 0. 0.],"[ 0.2769468   0.76395506 -0.04359957  2.650621    0.29300758  2.096342
 -2.9009666   1.        ]","[-0.00116418  0.01414139  0.01506588  0.06180436  0.03694565  0.00263653
  0.08354717  0.        ]",10.1,303,0,303,0
304,"[ 0.27428368  0.7630937  -0.04150285  2.6602643   0.2985411   2.1040964
 -2.8869615   1.        ]","[ -0.8775037 -31.549255   -2.7795699  18.642916   -0.6530085  -2.0629146
  -0.6453125   0.       ]",[0. 0. 0. 0. 0. 0.],"[ 0.27665728  0.7641525  -0.04308377  2.6523948   0.29420602  2.0969403
 -2.898522    1.        ]","[-0.00633452  0.01082004  0.01698336  0.06406424  0.0413627   0.01331961
  0.08673155  0.        ]",10.133333,304,0,304,0
305,"[ 0.27414113  0.76324254 -0.04144278  2.661096    0.29867652  2.1052532
 -2.8859007   1.        ]","[ -9.284438  -46.108067    7.586933   27.321325    7.5272393   1.1157982
   3.3931391   0.       ]",[0. 0. 0. 0. 0. 0.],"[ 0.2760341   0.7641602  -0.04253154  2.6548376   0.2956959   2.098294
 -2.8950474   1.        ]","[-0.01352505  0.00089026  0.01355929  0.05588073  0.03482273  0.02961816
  0.07895892  0.        ]",10.166667,305,0,305,0
306,"[ 0.27389058  0.76356405 -0.04116133  2.6621268   0.2992455   2.1060045
 -2.8845584   1.        ]","[ -9.478293  -37.971893    7.710147   27.316072    7.7538257  -2.172458
   4.1722465   0.       ]",[0. 0. 0. 0. 0. 0.],"[ 0.2758385   0.7641525  -0.04238964  2.655522    0.29606596  2.0987792
 -2.8941903   1.        ]","[-0.01379898 -0.00010272  0.01140213  0.05187457  0.03064537  0.03098778
  0.06995364  0.        ]",10.2,306,0,306,0
307,"[ 0.27270463  0.7636617  -0.04023173  2.6639159   0.30063835  2.1092033
 -2.8833082   1.        ]","[ -9.915122   -51.696606     0.21914493  28.14081      7.2979927
   2.308451     2.9714386    0.        ]",[0. 0. 0. 0. 0. 0.],"[ 0.27534187  0.7640777  -0.0420886   2.6571538   0.29694033  2.100476
 -2.891594    1.        ]","[-0.01325113 -0.00147235  0.00856016  0.04454708  0.02400269  0.04095181
  0.0671459   0.        ]",10.233334,307,0,307,0
308,"[ 0.27250713  0.7634664  -0.0402762   2.663847    0.30069485  2.1095707
 -2.883066    1.        ]","[ 2.5099533e+00 -4.6014984e+01 -3.4296972e-01  1.7220028e+01
 -1.9252969e-01 -1.4620711e+00 -4.3522590e-03  0.0000000e+00]",[0. 0. 0. 0. 0. 0.],"[ 0.2747206   0.76391095 -0.04173003  2.6590137   0.29784346  2.1026926
 -2.889086    1.        ]","[-0.01424411 -0.0034583   0.00801231  0.04317745  0.0212292   0.05077887
  0.05903087  0.        ]",10.266666,308,0,308,0
309,"[ 0.2718537   0.7637048  -0.03993227  2.6659515   0.3009548   2.1137269
 -2.881412    1.        ]","[  2.2115536 -50.363194   -2.490118   18.439299   -0.337612   -1.8983829
  -1.2634485   0.       ]",[0. 0. 0. 0. 0. 0.],"[ 0.27398622  0.76384956 -0.04121039  2.6607854   0.29888272  2.1052275
 -2.886716    1.        ]","[-0.01640127 -0.00198596  0.0115391   0.04002731  0.02304395  0.05749004
  0.05255939  0.        ]",10.3,309,0,309,0
310,"[ 0.27145907  0.763982   -0.03952597  2.6667676   0.30154425  2.1149642
 -2.8805673   1.        ]","[-10.175505  -53.915066    8.108393   28.063957    7.3934746  -1.0781645
   2.8447504   0.       ]",[0. 0. 0. 0. 0. 0.],"[ 0.27372736  0.76383424 -0.0410359   2.6613781   0.29922596  2.1060865
 -2.8860238   1.        ]","[-0.01664095 -0.00102722  0.0117103   0.03954794  0.02318092  0.05687371
  0.05023102  0.        ]",10.333333,310,0,310,0
311,"[ 0.2706518   0.7642644  -0.03910912  2.6686642   0.30181077  2.1189575
 -2.879474    1.        ]","[-1.0835154e+01 -5.1979004e+01 -1.7538698e-01  2.7349062e+01
  2.4635188e-02  1.6263785e+00  3.7143583e+00  0.0000000e+00]",[0. 0. 0. 0. 0. 0.],"[ 0.273062    0.7637153  -0.04061981  2.6630943   0.29989323  2.1088939
 -2.8842425   1.        ]","[-0.01510012 -0.0023626   0.00975858  0.03793863  0.01605886  0.06194132
  0.04102029  0.        ]",10.366667,311,0,311,0
312,"[ 0.28834164  0.76218283 -0.05620799  2.6753976   0.26243442  2.1423986
 -2.8916736   1.        ]","[-2.9315666e-15 -3.3824345e+01 -3.4914187e-01  2.3091900e+01
  4.4606847e-01 -1.2109129e+00  1.5238541e-03  0.0000000e+00]",[0. 0. 0. 0. 0. 0.],"[ 0.27065173  0.764141   -0.03909734  2.6686568   0.3017973   2.1189165
 -2.8794947   1.        ]","[-0.00013696  0.00078753  0.00030817  0.00143811  0.00054785  0.00112994
  0.00078753  0.        ]",10.4,312,0,312,0
313,"[ 0.30810112  0.7630566  -0.0740808   2.6825778   0.22181286  2.158108
 -2.9053993   1.        ]","[-1.1740699e-15 -4.8273499e+01 -5.1149505e-01  2.3349751e+01
  3.3384389e-01 -1.1884841e+00  1.5532423e-03  0.0000000e+00]",[0. 0. 0. 0. 0. 0.],"[ 0.28809118  0.76229835 -0.05624916  2.675343    0.26257533  2.142254
 -2.8916      1.        ]","[-0.00123266 -0.0009245  -0.00554698  0.00095874 -0.00780687  0.0042116
 -0.00270501  0.        ]",10.433333,313,0,313,0
314,"[ 0.30776492  0.76305866 -0.07383253  2.6823053   0.22270164  2.158332
 -2.903979    1.        ]","[-1.1740699e-15 -4.6464500e+01 -5.1149505e-01  2.2103476e+01
  3.3384389e-01 -1.1884841e+00  1.5532423e-03  0.0000000e+00]",[0. 0. 0. 0. 0. 0.],"[ 0.28838646  0.7621315  -0.05624724  2.6754541   0.26250055  2.1423614
 -2.8916593   1.        ]","[ 0.00523882 -0.00195172  0.00010272  0.00154083 -0.00065057  0.00082178
 -0.00065057  0.        ]",10.466666,314,0,314,0
315,"[ 0.30774727  0.76306653 -0.07383169  2.6823297   0.22273107  2.158384
 -2.9038353   1.        ]","[-1.1740699e-15 -4.6397499e+01 -5.1149505e-01  2.2017525e+01
  3.3384389e-01 -1.1884841e+00  1.5532423e-03  0.0000000e+00]",[0. 0. 0. 0. 0. 0.],"[ 0.28844783  0.7621315  -0.05623765  2.6754541   0.26249862  2.1423614
 -2.891663    1.        ]","[ 0.00558122 -0.00112994  0.00027393  0.00102722 -0.00051361  0.00054785
 -0.00054785  0.        ]",10.5,315,0,315,0
316,"[ 0.31425458  0.7646705  -0.08130109  2.687961    0.20486422  2.1664686
 -2.9123988   1.        ]","[-4.4807588e-16 -3.3608044e+01 -6.7806554e-01  2.1415874e+01
  2.1805768e-01 -1.1733330e+00  1.5566609e-03  0.0000000e+00]",[0. 0. 0. 0. 0. 0.],"[ 0.30784884  0.763119   -0.07386309  2.682361    0.2227321   2.1583762
 -2.9038467   1.        ]","[-2.2256419e-03 -2.0618427e-16 -5.1360962e-04  6.8481284e-05
 -1.4723476e-03  4.1088770e-04 -1.3696257e-04  0.0000000e+00]",10.533334,316,0,316,0
317,"[ 0.31392303  0.7646281  -0.08109261  2.687947    0.20545308  2.1663053
 -2.9119248   1.        ]","[-4.4807588e-16 -3.3608044e+01 -6.7806554e-01  2.1272625e+01
  2.1805768e-01 -1.1733330e+00  1.5566609e-03  0.0000000e+00]",[0. 0. 0. 0. 0. 0.],"[ 0.30770314  0.763119   -0.07386501  2.682361    0.22270142  2.158382
 -2.9038486   1.        ]","[-4.1088769e-03 -2.0618427e-16 -3.0816579e-04  3.4240642e-05
 -9.5873798e-04  2.3968449e-04 -6.8481284e-05  0.0000000e+00]",10.566667,317,0,317,0
318,"[ 0.31376788  0.7646244  -0.08102903  2.6880078   0.20564239  2.1660705
 -2.9118896   1.        ]","[-4.4807588e-16 -3.3608044e+01 -6.7806554e-01  2.1172350e+01
  2.1805768e-01 -1.1733330e+00  1.5566609e-03  0.0000000e+00]",[0. 0. 0. 0. 0. 0.],"[ 0.3077012   0.763119   -0.07386501  2.682361    0.2226995   2.1583838
 -2.9038486   1.        ]","[-2.25988240e-03 -2.06184270e-16 -3.42406420e-05  0.00000000e+00
 -4.79368988e-04  1.02721926e-04 -3.42406420e-05  0.00000000e+00]",10.6,318,0,318,0
319,"[ 0.31364915  0.76461816 -0.08100198  2.6880553   0.20575757  2.1658943
 -2.9118514   1.        ]","[-4.4807588e-16 -3.3608044e+01 -6.7806554e-01  2.0943150e+01
  2.1805768e-01 -1.1733330e+00  1.5566609e-03  0.0000000e+00]",[0. 0. 0. 0. 0. 0.],"[ 0.3077549   0.763119   -0.07385351  2.682361    0.2226995   2.1583838
 -2.9038486   1.        ]","[ 9.5873798e-04 -2.0618427e-16  2.0544385e-04  0.0000000e+00
 -5.5907658e-16  0.0000000e+00  0.0000000e+00  0.0000000e+00]",10.633333,319,0,319,0
320,"[ 0.3135765   0.7645699  -0.08102585  2.6881607   0.2056511   2.1658487
 -2.9117234   1.        ]","[ 4.9041183e-04 -3.3607658e+01 -6.7964876e-01  1.5702982e+01
  2.1682544e-01 -1.1731623e+00  1.5566720e-03  0.0000000e+00]",[0. 0. 0. 0. 0. 0.],"[ 0.30781052  0.763119   -0.07384008  2.682361    0.2226995   2.1583858
 -2.9038506   1.        ]","[ 1.9517166e-03 -2.0618427e-16  4.4512836e-04  0.0000000e+00
 -5.5907658e-16  3.4240642e-05 -3.4240642e-05  0.0000000e+00]",10.666667,320,0,320,0
321,"[ 0.3141429   0.7656658  -0.08524662  2.694016    0.19731252  2.1673434
 -2.9145203   1.        ]","[-9.4597444e-16 -3.3580254e+01 -7.4538279e-01  2.2017525e+01
  1.6823664e-01 -1.1686829e+00  1.5502480e-03  0.0000000e+00]",[0. 0. 0. 0. 0. 0.],"[ 0.31357443  0.7645552  -0.08106897  2.688167    0.20570299  2.165839
 -2.911695    1.        ]","[-2.0544385e-04  6.8481284e-05 -6.8481284e-04  8.9025672e-04
 -1.4381070e-03  6.5057218e-04 -9.9297869e-04  0.0000000e+00]",10.7,321,0,321,0
322,"[ 0.31278455  0.7669384  -0.08524372  2.6968918   0.19697101  2.16646
 -2.9141397   1.        ]","[-6.5392060e-03 -3.3569107e+01 -7.8330475e-01  2.0084093e+01
 -9.0010107e-01 -1.1766587e+00 -4.4705182e-01  0.0000000e+00]",[0. 0. 0. 0. 0. 0.],"[ 0.31359935  0.76468176 -0.08151957  2.6888843   0.20450649  2.1660748
 -2.9121418   1.        ]","[-1.1895246e-16  1.7462728e-03 -8.0465507e-03  1.2634797e-02
 -2.0955274e-02  4.0403958e-03 -7.4987006e-03  0.0000000e+00]",10.733334,322,0,322,0
323,"[ 0.31289428  0.7674009  -0.08544725  2.697732    0.19639665  2.1667016
 -2.9146397   1.        ]","[-6.5392060e-03 -3.3569107e+01 -3.2065204e-01  2.0399244e+01
  8.8323921e-02 -1.8176726e+00 -3.6305183e-01  0.0000000e+00]",[0. 0. 0. 0. 0. 0.],"[ 0.3136569   0.7650154  -0.0827736   2.6905735   0.20200993  2.1665158
 -2.9129891   1.        ]","[ 0.00102722  0.00770414 -0.03043993  0.04276656 -0.06509146  0.0118815
 -0.02256458  0.        ]",10.766666,323,0,323,0
324,"[ 0.31246355  0.7678793  -0.08507767  2.6982617   0.197126    2.166338
 -2.9145606   1.        ]","[-6.5392060e-03 -3.8668587e+01  1.9140480e+00  1.6646093e+01
  2.3516738e+00 -1.5096726e+00  5.0494820e-01  0.0000000e+00]",[0. 0. 0. 0. 0. 0.],"[ 0.31386396  0.76539505 -0.0843862   2.6928477   0.1989247   2.1670258
 -2.9139998   1.        ]","[ 0.00472521  0.01082004 -0.0444786   0.06245493 -0.08738212  0.01472348
 -0.02886486  0.        ]",10.8,324,0,324,0
325,"[ 0.31204748  0.76816356 -0.08494744  2.6987412   0.19752225  2.1660578
 -2.9141414   1.        ]","[-6.5392060e-03 -3.3569107e+01  1.6561979e+00  1.6560144e+01
  1.9505739e+00 -1.6356726e+00  5.6094819e-01  0.0000000e+00]",[0. 0. 0. 0. 0. 0.],"[ 0.31390616  0.7654219  -0.08451659  2.6930797   0.19864093  2.1670718
 -2.9140995   1.        ]","[ 0.00517034  0.00931345 -0.03999307  0.0554356  -0.07580879  0.01307993
 -0.02502991  0.        ]",10.833333,325,0,325,0
326,"[ 0.311939    0.76845026 -0.08522031  2.6994958   0.19705983  2.165397
 -2.9141638   1.        ]","[ 2.1679372e-02 -3.3570114e+01 -7.7343696e-01  1.8551687e+01
  1.3236570e+00 -1.1804966e+00  1.5055852e-03  0.0000000e+00]",[0. 0. 0. 0. 0. 0.],"[ 0.31413817  0.7656673  -0.08499979  2.6938217   0.19774163  2.1672254
 -2.914391    1.        ]","[ 0.00414312  0.0043828  -0.00862864  0.01325113 -0.01605886  0.00273925
 -0.00520458  0.        ]",10.866667,326,0,326,0
327,"[ 0.31184828  0.76911193 -0.08530468  2.7006125   0.19701223  2.1641154
 -2.9133503   1.        ]","[-1.2957305e-03 -3.3567707e+01 -7.7990079e-01  2.6928175e+01
  1.8061792e+00 -1.1805756e+00  1.5080544e-03  0.0000000e+00]",[0. 0. 0. 0. 0. 0.],"[ 0.31401163  0.76588976 -0.08511292  2.6944084   0.19753455  2.167208
 -2.9143949   1.        ]","[-0.00047937  0.00701933 -0.0065742   0.01763393 -0.01160758  0.00099298
 -0.00239685  0.        ]",10.9,327,0,327,0
328,"[ 0.31185228  0.7693687  -0.08540205  2.7010164   0.19692504  2.1639194
 -2.9129343   1.        ]","[-5.8978692e-02 -4.0252544e+01 -7.9426700e-01  1.7876364e+01
  1.3634600e-01 -1.1858398e+00  1.4998374e-03  0.0000000e+00]",[0. 0. 0. 0. 0. 0.],"[ 0.31359553  0.76664716 -0.08524907  2.695996    0.19707243  2.1670067
 -2.914458    1.        ]","[-0.00801231  0.01455227 -0.00273925  0.03030297 -0.00890257 -0.00369799
 -0.00112994  0.        ]",10.933333,328,0,328,0
329,"[ 0.31172085  0.76978815 -0.08535004  2.7015758   0.19710419  2.163341
 -2.9125092   1.        ]","[ 2.3218280e-02 -4.0431534e+01 -7.7001292e-01  1.8032187e+01
  1.4466621e-01 -1.1820940e+00  1.5062853e-03  0.0000000e+00]",[0. 0. 0. 0. 0. 0.],"[ 0.31344405  0.7669022  -0.08524907  2.6964507   0.19705133  2.166911
 -2.9144714   1.        ]","[-0.00825199  0.01561373 -0.00167779  0.02996056 -0.00674541 -0.00472521
 -0.00133539  0.        ]",10.966666,329,0,329,0
330,"[ 0.311804    0.7700947  -0.08557635  2.7020624   0.19678272  2.1629088
 -2.9121492   1.        ]","[ 1.9616387e+00 -3.9730015e+01 -7.8133011e-01  1.6714809e+01
  1.4030100e-01 -1.1882751e+00  1.4883247e-03  0.0000000e+00]",[0. 0. 0. 0. 0. 0.],"[ 0.31298003  0.76743525 -0.08524907  2.6975243   0.19705133  2.1665618
 -2.9144714   1.        ]","[-1.0991246e-02  1.4072904e-02  4.3615904e-17  2.7289793e-02
 -3.7664708e-04 -7.9438295e-03 -2.3968449e-04  0.0000000e+00]",11.0,330,0,330,0
331,"[ 0.31136343  0.77096057 -0.08518326  2.7033005   0.19742627  2.1619701
 -2.9110394   1.        ]","[ 1.7564358e+00 -3.9248322e+01 -7.7492338e-01  1.7006056e+01
  1.4166711e-01 -1.3800392e+00  1.4840395e-03  0.0000000e+00]",[0. 0. 0. 0. 0. 0.],"[ 0.3127691   0.7676903  -0.08524907  2.6980612   0.19705133  2.166232
 -2.91441     1.        ]","[-1.1299412e-02  1.3045684e-02  4.3615904e-17  2.6741942e-02
 -5.3528612e-16 -1.1436375e-02  1.0957005e-03  0.0000000e+00]",11.033334,331,0,331,0
332,"[ 0.31121242  0.7716081  -0.08510917  2.704079    0.19736707  2.1611898
 -2.9108157   1.        ]","[  0.24081859 -29.964497    -0.71406066  26.553713     0.16062368
  -3.6897018    2.9944327    0.        ]",[0. 0. 0. 0. 0. 0.],"[ 0.31218234  0.768649   -0.08524907  2.6996891   0.19705133  2.1648746
 -2.9136047   1.        ]","[-9.7585833e-03  1.6024621e-02  4.3615904e-17  2.7015867e-02
 -5.3528612e-16 -2.2256417e-02  1.3764738e-02  0.0000000e+00]",11.066667,332,0,332,0
333,"[ 0.31059915  0.77243465 -0.08453812  2.7049043   0.19842301  2.1602693
 -2.909901    1.        ]","[ -0.19278675 -39.674614    -0.8282857   18.013136     0.12810943
  -0.22688653  -0.71684396   0.        ]",[0. 0. 0. 0. 0. 0.],"[ 0.31203663  0.76892704 -0.08526248  2.7001436   0.19705133  2.1644545
 -2.9133077   1.        ]","[-8.7656043e-03  1.5065882e-02 -2.3968449e-04  2.4619022e-02
 -5.3528612e-16 -2.1468883e-02  1.4723476e-02  0.0000000e+00]",11.1,333,0,333,0
334,"[ 0.31061515  0.7730237  -0.08437973  2.7057939   0.19845513  2.1599407
 -2.909446    1.        ]","[ -0.5518778  -38.51863     -0.91014546  17.991865     0.09625916
  -0.11154709  -0.82245      0.        ]",[0. 0. 0. 0. 0. 0.],"[ 0.31187555  0.7696365  -0.08530659  2.7013535   0.19705133  2.163425
 -2.9124427   1.        ]","[-3.8349519e-03  1.4552273e-02 -9.9297869e-04  2.5201112e-02
 -5.3528612e-16 -2.1263439e-02  1.7839374e-02  0.0000000e+00]",11.133333,334,0,334,0
335,"[ 0.31054842  0.7732369  -0.08431758  2.7060409   0.19854464  2.1598144
 -2.9093106   1.        ]","[-3.8737482e-01 -3.8342388e+01 -8.6478585e-01  1.7280024e+01
  1.1189750e-01  1.1079737e-02 -9.5001096e-01  0.0000000e+00]",[0. 0. 0. 0. 0. 0.],"[ 0.31177968  0.769997   -0.08530659  2.7019672   0.19705133  2.1629705
 -2.9120324   1.        ]","[-3.7664706e-03  1.6058862e-02 -3.7664708e-04  2.7974606e-02
 -5.3528612e-16 -2.2016734e-02  1.9722611e-02  0.0000000e+00]",11.166667,335,0,335,0
336,"[ 0.31046614  0.77351975 -0.08423709  2.706291    0.19872358  2.1594977
 -2.9090765   1.        ]","[ 8.2710106e-03 -3.8544231e+01 -7.5360346e-01  2.6239868e+01
  1.6152500e-01 -5.2564412e-01 -5.1479918e-01  0.0000000e+00]",[0. 0. 0. 0. 0. 0.],"[ 0.3116052   0.77064705 -0.08530659  2.7028666   0.1970801   2.1622455
 -2.9115071   1.        ]","[-4.4855243e-03  1.6332787e-02  4.3615904e-17  2.4824467e-02
  5.1360962e-04 -1.9380204e-02  1.5100123e-02  0.0000000e+00]",11.2,336,0,336,0
337,"[ 0.3103469   0.7741265  -0.08416046  2.7070491   0.19903034  2.1589599
 -2.9081798   1.        ]","[ -0.74239224 -39.25988     -0.92145365  17.429405     0.09422904
  -0.71161395  -0.4605435    0.        ]",[0. 0. 0. 0. 0. 0.],"[ 0.31150547  0.77090394 -0.08526632  2.7031522   0.19719899  2.1619792
 -2.9113076   1.        ]","[-0.00489641  0.01619582  0.00071905  0.02116072  0.00263653 -0.01770241
  0.01294296  0.        ]",11.233334,337,0,337,0
338,"[ 0.31035683  0.7744977  -0.08412442  2.707484    0.1989517   2.1587505
 -2.907997    1.        ]","[ -0.6853056  -39.39587     -0.94725144  17.797878    -1.4567391
  -1.0820686   -0.0831657    0.        ]",[0. 0. 0. 0. 0. 0.],"[ 0.31106254  0.7716863  -0.08510142  2.7040381   0.19769752  2.1611967
 -2.91065     1.        ]","[-0.0093477   0.01715456  0.00349255  0.01972261  0.01068308 -0.01766817
  0.01455227  0.        ]",11.266666,338,0,338,0
339,"[ 0.31022462  0.7749007  -0.0839064   2.7080023   0.19914572  2.1583993
 -2.9078414   1.        ]","[ -0.6853056  -39.412617    -0.94725144  18.585752     0.09384599
  -1.5160686    0.1268343    0.        ]",[0. 0. 0. 0. 0. 0.],"[ 0.3108919   0.77211773 -0.08495569  2.704527    0.19789311  2.1608517
 -2.91032     1.        ]","[-0.00879985  0.01766817  0.00455401  0.02016774  0.00979282 -0.01636703
  0.01427835  0.        ]",11.3,339,0,339,0
340,"[ 0.3099879   0.7749898  -0.08368109  2.708025    0.19953915  2.158142
 -2.9079347   1.        ]","[ 1.5581872e-02 -3.9755245e+01 -7.6304936e-01  1.8156004e+01
  1.4694366e-01 -1.1865091e+00  2.0981714e-01  0.0000000e+00]",[0. 0. 0. 0. 0. 0.],"[ 0.31074616  0.7725645  -0.08476203  2.705108    0.19812512  2.1604605
 -2.9099405   1.        ]","[-0.00616332  0.01674367  0.00647148  0.02033894  0.00818351 -0.0140729
  0.01349081  0.        ]",11.333333,340,0,340,0
341,"[ 0.30981335  0.7754879  -0.08336898  2.7086968   0.1998896   2.1578221
 -2.9075198   1.        ]","[  0.18892021 -40.170715    -0.7501056   18.524454     0.14137392
  -4.159544     3.5663416    0.        ]",[0. 0. 0. 0. 0. 0.],"[ 0.31063303  0.7732682  -0.08448591  2.7059267   0.1985067   2.1597912
 -2.9092195   1.        ]","[-0.00263653  0.01458651  0.00588939  0.01756545  0.00811503 -0.01386746
  0.01489468  0.        ]",11.366667,341,0,341,0
342,"[ 0.30974007  0.77566    -0.08321396  2.7088344   0.20005055  2.1578307
 -2.9075828   1.        ]","[ -0.03095469 -30.468       -0.87727886  27.806873     0.11437187
  -4.160643     3.3507452    0.        ]",[0. 0. 0. 0. 0. 0.],"[ 0.31056592  0.77377445 -0.08432484  2.706527    0.19870995  2.1593657
 -2.9087574   1.        ]","[-0.00195172  0.01540829  0.00523882  0.01804482  0.00712205 -0.01355929
  0.01520285  0.        ]",11.4,342,0,342,0
343,"[ 0.30958903  0.77612233 -0.08292165  2.7093673   0.20027438  2.1577735
 -2.9075468   1.        ]","[ -0.25193426 -40.58544     -0.6882904   18.326412     0.1764352
  -0.6022237   -0.38726786   0.        ]",[0. 0. 0. 0. 0. 0.],"[ 0.3104854   0.7740352  -0.08421747  2.706878    0.19884993  2.1590896
 -2.9085407   1.        ]","[-0.00273925  0.01472348  0.00527306  0.0181133   0.00664268 -0.01345657
  0.01318265  0.        ]",11.433333,343,0,343,0
344,"[ 0.30924478  0.7768044  -0.08229557  2.7102304   0.20092365  2.1576104
 -2.9072528   1.        ]","[  0.10542445 -29.419033    -0.7619072   26.180304     6.665428
  -3.501084     2.8647044    0.        ]",[0. 0. 0. 0. 0. 0.],"[ 0.31003284  0.77489233 -0.08373617  2.708063    0.19946352  2.1582766
 -2.9079175   1.        ]","[-0.0076699   0.01431259  0.00814927  0.01989381  0.01030643 -0.01307993
  0.01034067  0.        ]",11.466666,344,0,344,0
345,"[ 0.3091503   0.7771682  -0.08196041  2.7107968   0.20115817  2.157561
 -2.9072146   1.        ]","[ 5.1870400e-01 -2.9388021e+01 -7.8253317e-01  2.6426647e+01
  1.2223202e-01 -1.0902404e+00  1.8698022e-03  0.0000000e+00]",[0. 0. 0. 0. 0. 0.],"[ 0.3099082   0.7751569  -0.08357511  2.7083793   0.19965144  2.1581097
 -2.9077718   1.        ]","[-0.00664268  0.01236087  0.00736174  0.0160931   0.00886833 -0.00910801
  0.00746446  0.        ]",11.5,345,0,345,0
346,"[ 0.3091486   0.7772876  -0.0819154   2.711044    0.20112936  2.1574423
 -2.9072764   1.        ]","[-2.7691686e-01 -3.9461624e+01 -7.4868220e-01  1.6975269e+01
  1.6662532e-01 -1.2498614e+00  1.2292353e-03  0.0000000e+00]",[0. 0. 0. 0. 0. 0.],"[ 0.30977207  0.7756248  -0.08327982  2.7088969   0.19993138  2.1579447
 -2.9076414   1.        ]","[-0.00397191  0.01184726  0.00725902  0.01335385  0.0074987  -0.00496489
  0.0042116   0.        ]",11.533334,346,0,346,0
347,"[ 0.30881673  0.7776651  -0.08146828  2.711464    0.20158063  2.157639
 -2.9072704   1.        ]","[-2.9554334e-02 -3.9105000e+01 -3.7063727e+00  1.6930956e+01
 -7.7831507e-01 -1.2394030e+00  1.1531907e-03  0.0000000e+00]",[0. 0. 0. 0. 0. 0.],"[ 0.30950746  0.7764071  -0.08258377  2.7098384   0.20057566  2.1577203
 -2.9074342   1.        ]","[-0.00434856  0.01232663  0.01119669  0.01513436  0.01051188 -0.00356103
  0.00332134  0.        ]",11.566667,347,0,347,0
348,"[ 0.3085365   0.7779021  -0.08108433  2.7117102   0.20200323  2.1577415
 -2.9072738   1.        ]","[-3.6134221e-02 -2.9135735e+01  6.7875409e+00  2.6073547e+01
  1.1655852e-01 -1.1656013e+00  1.7338437e-03  0.0000000e+00]",[0. 0. 0. 0. 0. 0.],"[ 0.30942884  0.77660847 -0.08241504  2.7101126   0.20070988  2.1576686
 -2.9074      1.        ]","[-0.00434856  0.01143637  0.0104434   0.01486044  0.00931345 -0.0031159
  0.00273925  0.        ]",11.6,348,0,348,0
349,"[ 0.30823663  0.77828103 -0.0804759   2.7122653   0.20254947  2.1580582
 -2.907289    1.        ]","[ 1.7967857e-01 -3.4176655e+01 -7.3081481e-01  1.7336391e+01
  1.5375525e-01 -1.2004058e+00  1.5421037e-03  0.0000000e+00]",[0. 0. 0. 0. 0. 0.],"[ 0.30921027  0.7769632  -0.0821255   2.7105901   0.20095532  2.1576188
 -2.9073653   1.        ]","[-0.00469097  0.00832048  0.00695085  0.01123093  0.00561547 -0.00143811
  0.0009245   0.        ]",11.633333,349,0,349,0
350,"[ 0.30795532  0.778485   -0.07998923  2.7126741   0.20313534  2.1578372
 -2.9071763   1.        ]","[ 3.3503997e-01 -3.3959705e+01 -6.5188766e-01  1.7172836e+01
  1.8615161e-01 -1.2038068e+00  1.4210760e-03  0.0000000e+00]",[0. 0. 0. 0. 0. 0.],"[ 0.30897442  0.7772489  -0.08179186  2.710964    0.20126787  2.1576169
 -2.90735     1.        ]","[-0.00630028  0.00787535  0.00852592  0.0104434   0.00797807 -0.00027393
  0.00051361  0.        ]",11.666667,350,0,350,0
351,"[ 0.3075244   0.77880394 -0.07939035  2.7131405   0.2038281   2.1576416
 -2.907206    1.        ]","[-1.6621991e-01 -3.3759232e+01 -3.4464498e+00  1.7056358e+01
 -2.4796717e-01 -1.2070900e+00  1.5767276e-03  0.0000000e+00]",[0. 0. 0. 0. 0. 0.],"[ 0.3087079   0.7776132  -0.08130673  2.711426    0.20174149  2.1576207
 -2.9073403   1.        ]","[-6.7111659e-03  8.7998454e-03  1.1607578e-02  1.1333653e-02
  1.1162450e-02  6.8481284e-05  2.7392514e-04  0.0000000e+00]",11.7,351,0,351,0
352,"[ 0.3068561   0.77917856 -0.07843468  2.713689    0.20509438  2.1574655
 -2.9071875   1.        ]","[-2.7327105e-01 -3.2835861e+01 -7.2650838e-01  1.7407860e+01
  1.8188913e-01 -1.2105675e+00  1.1971436e-03  0.0000000e+00]",[0. 0. 0. 0. 0. 0.],"[ 0.30841067  0.77806383 -0.08071615  2.7119744   0.20234165  2.1577492
 -2.9073212   1.        ]","[-0.00493065  0.00722478  0.00972434  0.00903953  0.00992979  0.0021914
  0.00034241  0.        ]",11.733334,352,0,352,0
353,"[ 0.30650136  0.7794346  -0.07797147  2.7139237   0.20570534  2.1572335
 -2.9073708   1.        ]","[ 5.5423822e-02 -3.4108585e+01 -7.6820582e-01  1.7497694e+01
 -7.6508123e-01 -1.2018957e+00  1.5659629e-03  0.0000000e+00]",[0. 0. 0. 0. 0. 0.],"[ 0.30825534  0.7782422  -0.08046113  2.7122047   0.20263502  2.1577625
 -2.9072962   1.        ]","[-0.00551274  0.00695085  0.00989555  0.00862864  0.01064884  0.00133539
  0.00071905  0.        ]",11.766666,353,0,353,0
354,"[ 0.30621192  0.7796745  -0.07760015  2.7143283   0.20611413  2.1571856
 -2.907334    1.        ]","[ 9.7290007e-03 -3.4019863e+01 -3.5427849e+00  1.7336887e+01
 -9.0989399e-01 -1.2044075e+00  1.4889778e-03  0.0000000e+00]",[0. 0. 0. 0. 0. 0.],"[ 0.3078872   0.77847797 -0.07997409  2.7126417   0.2032352   2.1577625
 -2.9072638   1.        ]","[-7.4987006e-03  5.3072996e-03  1.0374915e-02  9.0737706e-03
  1.2360872e-02  6.8481284e-05  7.5329415e-04  0.0000000e+00]",11.8,354,0,354,0
355,"[ 0.30589256  0.7798857  -0.07719187  2.7146082   0.20664555  2.156753
 -2.9076283   1.        ]","[-9.6536314e-01 -3.2838379e+01 -3.4739377e+00  1.7219498e+01
 -1.0066336e+00 -1.2510165e+00  9.3512004e-04  0.0000000e+00]",[0. 0. 0. 0. 0. 0.],"[ 0.3076993   0.7785892  -0.07971714  2.7128315   0.20356883  2.1577625
 -2.907256    1.        ]","[-0.00856016  0.00517034  0.01136789  0.0093477   0.01434683  0.
  0.00051361  0.        ]",11.833333,355,0,355,0
356,"[ 0.30523175  0.7802668  -0.07627998  2.7150452   0.20793995  2.156288
 -2.9074688   1.        ]","[ 1.4785609e+00 -3.4023167e+01 -3.3259339e+00  1.7535509e+01
 -1.3360499e+00 -1.2087761e+00  1.4954290e-03  0.0000000e+00]",[0. 0. 0. 0. 0. 0.],"[ 0.3069457   0.7791395  -0.07859159  2.7135353   0.2049571   2.1575096
 -2.907256    1.        ]","[-0.01208695  0.00897105  0.01766817  0.01126517  0.02222218 -0.00448552
  0.          0.        ]",11.866667,356,0,356,0
357,"[ 0.30485782  0.7804404  -0.0757347   2.7155573   0.20867479  2.1558464
 -2.9070628   1.        ]","[-1.0406574e+01 -3.5638577e+01  7.5486093e+00  2.6410002e+01
  6.5166211e+00 -1.1346768e+00  2.3121573e-03  0.0000000e+00]",[0. 0. 0. 0. 0. 0.],"[ 0.30659097  0.7793965  -0.07810647  2.7138824   0.20556876  2.1572793
 -2.907256    1.        ]","[-0.01023795  0.0076699   0.01444955  0.01006675  0.01777089 -0.00578667
  0.          0.        ]",11.9,357,0,357,0
358,"[ 0.30458924  0.7805967  -0.07540397  2.7158172   0.20912914  2.1557593
 -2.906833    1.        ]","[ 1.5472072e+00 -3.1947830e+01 -3.3485906e+00  1.7293447e+01
 -1.2039287e+00 -1.3199828e+00  3.9732936e-04  0.0000000e+00]",[0. 0. 0. 0. 0. 0.],"[ 0.30640116  0.7795134  -0.07786103  2.7140589   0.20590816  2.1571412
 -2.9072618   1.        ]","[-0.01037491  0.00722478  0.01400442  0.01003251  0.0181133  -0.00701933
 -0.00010272  0.        ]",11.933333,358,0,358,0
359,"[ 0.30386758  0.7808738  -0.07460508  2.7163174   0.21023373  2.155583
 -2.9063463   1.        ]","[-1.0376765e+01 -3.3961853e+01  7.8342838e+00  2.6201271e+01
  6.9931188e+00 -4.1354771e+00  1.8164206e-03  0.0000000e+00]",[0. 0. 0. 0. 0. 0.],"[ 0.30541366  0.78008294 -0.07652263  2.7149792   0.2076358   2.1563647
 -2.9072828   1.        ]","[-0.01383322  0.0076699   0.01848995  0.01294296  0.02403693 -0.01092277
 -0.00013696  0.        ]",11.966666,359,0,359,0
360,"[ 0.3030269   0.78109    -0.07365246  2.7165823   0.21156906  2.155658
 -2.9063966   1.        ]","[ 1.6339858e-01 -3.3632069e+01 -3.0165470e+00  1.7125383e+01
 -5.6980652e-01 -1.2317553e+00  1.2868058e-03  0.0000000e+00]",[0. 0. 0. 0. 0. 0.],"[ 0.3049324   0.78036094 -0.0758937   2.715447    0.20848332  2.1560502
 -2.9071581   1.        ]","[-0.00955314  0.0054785   0.012806    0.00917649  0.01667519 -0.00630028
  0.00222564  0.        ]",12.0,360,0,360,0
361,"[ 0.30213755  0.78119737 -0.07274909  2.7170098   0.21291263  2.1552217
 -2.906196    1.        ]","[ 1.6339858e-01 -3.3632069e+01 -3.0595222e+00  1.7469183e+01
 -5.1250654e-01 -1.2317553e+00  1.2868058e-03  0.0000000e+00]",[0. 0. 0. 0. 0. 0.],"[ 0.30465052  0.78051054 -0.07550061  2.715683    0.20898955  2.155914
 -2.9069262   1.        ]","[-0.00924497  0.0051361   0.01260056  0.00845744  0.0168464  -0.00493065
  0.00619756  0.        ]",12.033334,361,0,361,0
362,"[ 0.30167335  0.7811943  -0.07234529  2.717138    0.21368387  2.1550198
 -2.9058514   1.        ]","[ 9.9101490e-01 -3.4099163e+01 -2.9505837e+00  1.7276621e+01
 -7.5220227e-01 -1.2104416e+00  1.6811563e-03  0.0000000e+00]",[0. 0. 0. 0. 0. 0.],"[ 0.3041769   0.7807118  -0.07495414  2.7160435   0.20977955  2.1557453
 -2.906606    1.        ]","[-0.01232663  0.00561547  0.01479196  0.00955314  0.02092103 -0.00469097
  0.00886833  0.        ]",12.066667,362,0,362,0
363,"[ 0.30132437  0.7811698  -0.0719648   2.7174773   0.2142985   2.1546676
 -2.9054468   1.        ]","[ 1.1757389e+00 -3.4336128e+01 -3.1555212e+00  1.7115377e+01
 -1.0750154e+00 -1.2607021e+00  1.3078378e-03  0.0000000e+00]",[0. 0. 0. 0. 0. 0.],"[ 0.3039602   0.78077894 -0.07470679  2.7161584   0.21012852  2.155711
 -2.906537    1.        ]","[-0.01311417  0.00517034  0.01551101  0.00910801  0.02167433 -0.00393767
  0.00760142  0.        ]",12.1,363,0,363,0
364,"[ 0.30051875  0.7812745  -0.07112861  2.7177598   0.21562535  2.1546357
 -2.9046416   1.        ]","[ 2.4998930e+00 -3.4102058e+01 -3.2005072e+00  1.7733860e+01
 -5.3384101e-01 -1.2646785e+00  1.3097831e-03  0.0000000e+00]",[0. 0. 0. 0. 0. 0.],"[ 0.30244157  0.7810129  -0.07318047  2.7168353   0.21241032  2.155193
 -2.9060404   1.        ]","[-0.01931172  0.00246533  0.01835298  0.0085944   0.02862518 -0.00736174
  0.00736174  0.        ]",12.133333,364,0,364,0
365,"[ 0.29953304  0.7814284  -0.07025674  2.718631    0.21720557  2.1530118
 -2.903309    1.        ]","[ 2.6894722e+00 -3.4065140e+01 -3.0450437e+00  1.7131424e+01
 -1.7991045e-01 -1.2416285e+00  1.2737180e-03  0.0000000e+00]",[0. 0. 0. 0. 0. 0.],"[ 0.3017321   0.7810589  -0.07245758  2.717211    0.21353397  2.1549265
 -2.905626    1.        ]","[-0.01712032  0.00119842  0.01674367  0.00890257  0.02660498 -0.00664268
  0.0093477   0.        ]",12.166667,365,0,365,0
366,"[ 0.29846627  0.7816062  -0.06954219  2.7198255   0.21892914  2.1501224
 -2.901297    1.        ]","[ -9.235332  -32.71693     7.5067396  17.393637    7.2320232  -1.5131533
   0.2920788   0.       ]",[0. 0. 0. 0. 0. 0.],"[ 0.30089992  0.7811797  -0.07155445  2.7176216   0.21499507  2.1545641
 -2.9048553   1.        ]","[-0.0159219   0.00222564  0.01725728  0.00784111  0.02783764 -0.00677965
  0.01451803  0.        ]",12.2,366,0,366,0
367,"[ 0.29733464  0.7819336  -0.06880871  2.7208138   0.22092523  2.1472304
 -2.8984327   1.        ]","[  2.4052467  -35.431324    -3.1152475   17.24199     -1.2206846
  -0.53613263  -0.44110966   0.        ]",[0. 0. 0. 0. 0. 0.],"[ 0.29992008  0.7813427  -0.07065899  2.7185628   0.21669205  2.1527119
 -2.9033847   1.        ]","[-0.01342233  0.0020202   0.0117103   0.01328537  0.02242762 -0.02705011
  0.02033894  0.        ]",12.233334,367,0,367,0
368,"[ 0.2965052   0.78219426 -0.06794723  2.720976    0.22261652  2.1461723
 -2.897452    1.        ]","[ -9.73076    -33.425404     7.3975234   17.609594     6.4219112
  -0.50437087   2.9601343    0.        ]",[0. 0. 0. 0. 0. 0.],"[ 0.29965165  0.7813811  -0.07043848  2.7188084   0.21714073  2.1521597
 -2.9029493   1.        ]","[-0.0139017   0.00195172  0.01184726  0.01393594  0.0235918  -0.02944695
  0.0224961   0.        ]",12.266666,368,0,368,0
369,"[ 0.2960859   0.78246135 -0.06722463  2.7216084   0.22375245  2.144414
 -2.8968933   1.        ]","[ -9.906928  -30.519924   -3.1110198  26.609636   -0.7187896  -4.3716207
   3.0190172   0.       ]",[0. 0. 0. 0. 0. 0.],"[ 0.29890192  0.7815421  -0.0698479   2.7195063   0.21838517  2.1504953
 -2.9016263   1.        ]","[-0.01712032  0.00342406  0.01359353  0.01551101  0.02783764 -0.03739078
  0.0290703   0.        ]",12.3,369,0,369,0
370,"[ 0.29588675  0.7826066  -0.0669564   2.721817    0.22426684  2.1437564
 -2.8962338   1.        ]","[-11.22541   -32.602375    7.9283137  26.607218    7.5618377  -4.784315
   3.589123    0.       ]",[0. 0. 0. 0. 0. 0.],"[ 0.2980314   0.7817588  -0.06911159  2.720095    0.21994984  2.1487966
 -2.9000502   1.        ]","[-0.02071559  0.00489641  0.0170176   0.01475772  0.03578147 -0.04149966
  0.0373223   0.        ]",12.333333,370,0,370,0
371,"[ 0.29512277  0.78294915 -0.06634834  2.7229555   0.22620308  2.1398766
 -2.8924346   1.        ]","[-10.061961  -32.357536    7.198916   26.360203    7.0455933  -4.1465497
   3.3008828   0.       ]",[0. 0. 0. 0. 0. 0.],"[ 0.29730082  0.78200805 -0.06843855  2.720609    0.22133042  2.1472223
 -2.898823    1.        ]","[-0.02150312  0.00664268  0.01934596  0.01441531  0.03995883 -0.04410195
  0.03653476  0.        ]",12.366667,371,0,371,0
372,"[ 0.29480755  0.783135   -0.06605968  2.7238166   0.22707067  2.1371915
 -2.8912666   1.        ]","[ -9.8315115  -35.16116      7.220801    26.511028     7.0279074
  -0.93947744  -0.39104563   0.        ]",[0. 0. 0. 0. 0. 0.],"[ 0.29708606  0.7821001  -0.06822187  2.7207816   0.2217676   2.1467524
 -2.8984241   1.        ]","[-0.02016774  0.00712205  0.01927748  0.01431259  0.03845224 -0.0428008
  0.03461729  0.        ]",12.4,372,0,372,0
373,"[ 0.29390165  0.7837997  -0.06521698  2.7257786   0.22957143  2.130594
 -2.8871152   1.        ]","[ -9.891124   -34.886765     6.9284916   17.18417      6.619457
  -0.6142158   -0.48862377   0.        ]",[0. 0. 0. 0. 0. 0.],"[ 0.2960794   0.7825162  -0.06724013  2.7218437   0.22404365  2.143395
 -2.8956034   1.        ]","[-0.01691488  0.00695085  0.01646975  0.01804482  0.038418   -0.05629162
  0.04821083  0.        ]",12.433333,373,0,373,0
374,"[ 0.29364008  0.78444374 -0.06574582  2.7279208   0.22975777  2.1236143
 -2.8849566   1.        ]","[ 2.2164173e+00 -3.4290630e+01 -3.6467757e+00  1.7339930e+01
 -5.5421042e-01 -7.0182848e-01  1.8432627e-02  0.0000000e+00]",[0. 0. 0. 0. 0. 0.],"[ 0.29575342  0.7826696  -0.0669736   2.7223806   0.22480297  2.1415522
 -2.8944683   1.        ]","[-0.01585342  0.00688237  0.01397018  0.02126344  0.03670597 -0.06854977
  0.05074463  0.        ]",12.466666,374,0,374,0
375,"[ 0.293349    0.7849787  -0.06549434  2.728702    0.23083813  2.1202607
 -2.88231     1.        ]","[  1.6375589 -35.878727   -3.1420374  16.929636   -0.4268137  -0.5569666
  -0.8191815   0.       ]",[0. 0. 0. 0. 0. 0.],"[ 0.29495382  0.7831336  -0.0663159   2.7240622   0.22683357  2.136168
 -2.891038    1.        ]","[-0.01331961  0.00780687  0.01099125  0.02824853  0.03389823 -0.09036106
  0.05752428  0.        ]",12.5,375,0,375,0
376,"[ 0.29304093  0.7855308  -0.06500237  2.7293491   0.23203027  2.117103
 -2.880434    1.        ]","[  1.1578861  -38.64842     -0.7470695   18.234306    -0.50935775
  -0.30186197   0.13220565   0.        ]",[0. 0. 0. 0. 0. 0.],"[ 0.2944246   0.78367054 -0.06604171  2.7255502   0.22812787  2.1310139
 -2.888434    1.        ]","[-0.0129772   0.01174454  0.00773839  0.03417216  0.03204924 -0.11768509
  0.06207829  0.        ]",12.533334,376,0,376,0
377,"[ 0.2930366   0.7858596  -0.06494474  2.729771    0.23238172  2.115096
 -2.8793545   1.        ]","[-10.684314   -28.454714    -0.18822636  28.009512     7.0270267
  -5.6949654    3.8961017    0.        ]",[0. 0. 0. 0. 0. 0.],"[ 0.2942693   0.7838699  -0.06595926  2.7260563   0.2285708   2.1294472
 -2.887458    1.        ]","[-0.01304568  0.01366202  0.00695085  0.03759623  0.03307646 -0.1289845
  0.06772799  0.        ]",12.566667,377,0,377,0
378,"[ 0.29296458  0.7865437  -0.06486896  2.7308357   0.23320839  2.110631
 -2.8766575   1.        ]","[  1.8436853  -39.51093     -0.9465391   16.543629    -1.5957816
  -0.57863367  -0.29940885   0.        ]",[0. 0. 0. 0. 0. 0.],"[ 0.29357517  0.7847443  -0.06551056  2.7279565   0.23044418  2.1226575
 -2.883648    1.        ]","[-0.01030643  0.01355929  0.00715629  0.02886486  0.02900182 -0.10114686
  0.05807213  0.        ]",12.6,378,0,378,0
379,"[ 0.29277608  0.7871598  -0.06471875  2.7318592   0.23397526  2.106633
 -2.8748796   1.        ]","[ -0.4015122  -39.43057     -0.5091427   17.638697    -1.0888544
  -1.3175818   -0.06323816   0.        ]",[0. 0. 0. 0. 0. 0.],"[ 0.29340643  0.78508943 -0.065361    2.7285032   0.2310175   2.1203756
 -2.8823211   1.        ]","[-0.00828624  0.01383322  0.00691661  0.02444782  0.02585169 -0.09306607
  0.05430566  0.        ]",12.633333,379,0,379,0
380,"[ 0.29260504  0.7878746  -0.06455225  2.7329636   0.23487927  2.101535
 -2.8723397   1.        ]","[  0.37697092 -39.3718      -0.56587124  17.503654    -0.7084149
  -1.3791567   -0.24278979   0.        ]",[0. 0. 0. 0. 0. 0.],"[ 0.29322618  0.7857011  -0.06517501  2.7294984   0.23193598  2.116046
 -2.8798802   1.        ]","[-0.00475945  0.0139017   0.00445128  0.02294123  0.02153736 -0.09676406
  0.05632586  0.        ]",12.666667,380,0,380,0
381,"[ 0.2925386   0.78811055 -0.06433786  2.7330294   0.23531263  2.1005578
 -2.8716128   1.        ]","[  0.05322168 -28.949175    -0.59171027  26.84469      7.0478005
  -5.276212     4.026332     0.        ]",[0. 0. 0. 0. 0. 0.],"[ 0.29314372  0.78597915 -0.06509448  2.7299795   0.23235399  2.1140192
 -2.8788178   1.        ]","[-0.00431432  0.01489468  0.00448552  0.02485871  0.02246186 -0.10501605
  0.05879118  0.        ]",12.7,381,0,381,0
382,"[ 0.29242653  0.7890571  -0.06378872  2.7339852   0.23635666  2.0959978
 -2.8705854   1.        ]","[ -0.8030269  -39.784794    -0.41683406  17.666862    -0.57115215
  -0.25562635  -1.1826023    0.        ]",[0. 0. 0. 0. 0. 0.],"[ 0.2929539   0.78673655 -0.06488547  2.7311742   0.23336259  2.109024
 -2.8761506   1.        ]","[-0.00486217  0.01848995  0.00517034  0.02992632  0.02547504 -0.12538923
  0.06659805  0.        ]",12.733334,382,0,382,0
383,"[ 0.29243642  0.7898002  -0.0634866   2.7342997   0.23711133  2.0926993
 -2.868593    1.        ]","[ -0.1043942  -39.60163     -0.51178896  17.918005    -0.5036297
   0.11274353  -0.7130284    0.        ]",[0. 0. 0. 0. 0. 0.],"[ 0.29283884  0.78715074 -0.06475317  2.7317455   0.23392248  2.1062438
 -2.8747778   1.        ]","[-0.00479369  0.01818178  0.00534154  0.02752948  0.02475598 -0.12247878
  0.06382456  0.        ]",12.766666,383,0,383,0
384,"[ 0.29251158  0.7901744  -0.06346528  2.7344995   0.23724131  2.091231
 -2.867934    1.        ]","[  0.8381049  -29.719736    -0.39419562  27.287539     6.8862195
  -4.523612     3.4935887    0.        ]",[0. 0. 0. 0. 0. 0.],"[ 0.2927353   0.7875208  -0.06460168  2.7321656   0.23442678  2.1041844
 -2.8737214   1.        ]","[-0.00472521  0.01667519  0.00575243  0.02160585  0.0223249  -0.10371491
  0.05242242  0.        ]",12.8,384,0,384,0
385,"[ 0.29270148  0.7907018  -0.06340323  2.7348394   0.23745526  2.0890863
 -2.8671136   1.        ]","[  0.27446288 -40.08727     -0.2591151   18.402294    -0.8499816
  -0.9409522   -0.3283427    0.        ]",[0. 0. 0. 0. 0. 0.],"[ 0.29265478  0.78793305 -0.06440227  2.7326527   0.23497902  2.1018393
 -2.8727338   1.        ]","[-0.0032871   0.01397018  0.00626604  0.01619582  0.01886659 -0.07865076
  0.03650052  0.        ]",12.833333,385,0,385,0
386,"[ 0.29297715  0.7913855  -0.06341847  2.7350287   0.23746307  2.086759
 -2.865966    1.        ]","[  0.50095314 -39.595284    -0.13598219  17.542315    -0.98599267
  -0.5377882   -1.0319918    0.        ]",[0. 0. 0. 0. 0. 0.],"[ 0.29257616  0.7886483  -0.06406096  2.7333658   0.23582654  2.0980465
 -2.871012    1.        ]","[-0.00195172  0.01564797  0.0074987   0.01636703  0.01914052 -0.08539616
  0.03773319  0.        ]",12.866667,386,0,386,0
387,"[ 0.2932925   0.7916148  -0.0637492   2.7351327   0.23691687  2.0863717
 -2.8660126   1.        ]","[  0.2348718  -38.98853     -0.6283019   17.562778     6.6677375
  -0.3463885   -0.40286744   0.        ]",[0. 0. 0. 0. 0. 0.],"[ 0.29255697  0.7894958  -0.06372156  2.7340255   0.23664722  2.0940833
 -2.8692727   1.        ]","[-0.00061633  0.01845571  0.0076699   0.01492892  0.01852419 -0.08960776
  0.03910282  0.        ]",12.9,387,0,387,0
388,"[ 0.29359475  0.79240584 -0.06358401  2.735172    0.23716103  2.083665
 -2.8643835   1.        ]","[ -2.2070024 -29.399199   -1.368678   26.920496    7.0200276  -5.244796
   3.6530292   0.       ]",[0. 0. 0. 0. 0. 0.],"[ 0.29255697  0.7901228  -0.06358734  2.7343802   0.23698853  2.0915463
 -2.8681605   1.        ]","[-0.00010272  0.01814754  0.0051361   0.01164182  0.01277176 -0.07752082
  0.03362431  0.        ]",12.933333,388,0,388,0
389,"[ 0.29364616  0.7926576  -0.06352175  2.7351782   0.23723875  2.0829127
 -2.8639553   1.        ]","[  0.36292407 -29.90894     -0.4924892   26.659601     0.26725844
  -4.328458     3.6391053    0.        ]",[0. 0. 0. 0. 0. 0.],"[ 0.29257998  0.79062134 -0.06354899  2.7346237   0.23705755  2.0898168
 -2.867409    1.        ]","[ 0.00041089  0.0168464   0.00212292  0.00838896  0.00472521 -0.06252341
  0.0268789   0.        ]",12.966666,389,0,389,0
390,"[ 0.2942192   0.7935894  -0.06371191  2.7351727   0.23676446  2.0809705
 -2.8628047   1.        ]","[ -0.26347524 -29.435234    -0.64720577  26.16746      0.2319406
  -4.586905     2.7495432    0.        ]",[0. 0. 0. 0. 0. 0.],"[ 0.29282543  0.7912982  -0.06354899  2.734896    0.23705755  2.0873606
 -2.8662336   1.        ]","[ 4.7936901e-03  1.5442530e-02  3.4240642e-05  6.3687596e-03
  3.4240642e-05 -5.4476861e-02  2.5920166e-02  0.0000000e+00]",13.0,390,0,390,0
391,"[ 0.29442918  0.79383063 -0.06376295  2.7351604   0.23657368  2.0802207
 -2.8623924   1.        ]","[  2.828458   -39.90882      0.26818314  17.312948     0.47904953
  -1.1965281   -1.1301823    0.        ]",[0. 0. 0. 0. 0. 0.],"[ 0.29295197  0.79157436 -0.06354899  2.7349575   0.23705947  2.086469
 -2.8657598   1.        ]","[ 6.0948343e-03  1.4997401e-02  3.7668280e-17  5.0676153e-03
  3.4240642e-05 -5.1566407e-02  2.6468016e-02  0.0000000e+00]",13.033334,391,0,391,0
392,"[ 0.29514542  0.7945024  -0.06404908  2.7350023   0.23595662  2.0791574
 -2.8615844   1.        ]","[  0.21000448 -39.52633     -0.5071974   17.307693     0.27591902
  -0.90077543  -0.58844227   0.        ]",[0. 0. 0. 0. 0. 0.],"[ 0.29334506  0.79233366 -0.06354899  2.7350457   0.23705947  2.0842695
 -2.8646438   1.        ]","[ 8.8340854e-03  1.7531209e-02  3.7668280e-17  2.3968450e-03
  3.4240642e-05 -5.0915837e-02  2.6741942e-02  0.0000000e+00]",13.066667,392,0,392,0
393,"[ 0.29532492  0.79489976 -0.06403478  2.7350154   0.235974    2.0780244
 -2.8609996   1.        ]","[  8.878563   -29.801153    -1.2761135   26.192944     0.06379275
  -4.656991     3.2070813    0.        ]",[0. 0. 0. 0. 0. 0.],"[ 0.29352722  0.79264045 -0.06355474  2.735059    0.23705947  2.0834737
 -2.8642278   1.        ]","[ 1.02721928e-02  1.90377980e-02 -1.02721926e-04  1.81475410e-03
 -5.39251191e-16 -5.34838848e-02  2.73582730e-02  0.00000000e+00]",13.1,393,0,393,0
394,"[ 0.2958183   0.79548246 -0.06411651  2.7347314   0.23577961  2.0772557
 -2.8600786   1.        ]","[ -2.924594   -40.750534    -0.52000445  26.24174      0.2962417
  -0.79640245  -0.41713908   0.        ]",[0. 0. 0. 0. 0. 0.],"[ 0.29383594  0.79306805 -0.06360843  2.7350686   0.23695977  2.0824978
 -2.8637102   1.        ]","[ 0.0117103   0.01848995 -0.00106146  0.00089026 -0.00178051 -0.04550581
  0.0243451   0.        ]",13.133333,394,0,394,0
395,"[ 0.29621047  0.7957621  -0.06418327  2.7344868   0.2354174   2.0769668
 -2.859553    1.        ]","[  8.772234   -30.282461    -1.8991274   17.292929    -0.03807964
  -4.3762045    3.6591525    0.        ]",[0. 0. 0. 0. 0. 0.],"[ 0.2943249   0.7936644  -0.06369089  2.7350743   0.23668556  2.0810962
 -2.8628798   1.        ]","[ 0.01342233  0.01705184 -0.00232836  0.00023968 -0.00667693 -0.03947946
  0.02253034  0.        ]",13.166667,395,0,395,0
396,"[ 0.296683    0.79636425 -0.06416169  2.733961    0.23506634  2.0773208
 -2.8593955   1.        ]","[  8.880515   -30.233732    -1.4887022   16.544516     0.05671892
  -4.3602414    3.432949     0.        ]",[0. 0. 0. 0. 0. 0.],"[ 0.29459718  0.7940153  -0.06370622  2.735078    0.23654367  2.080193
 -2.8622835   1.        ]","[ 0.01266904  0.0157507  -0.00157507  0.0001712  -0.00691661 -0.03766471
  0.02400269  0.        ]",13.2,396,0,396,0
397,"[ 0.29687902  0.7965952  -0.06417007  2.7337427   0.23497923  2.0772808
 -2.858904    1.        ]","[  9.413404   -30.18134     -2.7558427   19.080873    -0.22178218
  -4.5468173    2.6832488    0.        ]",[0. 0. 0. 0. 0. 0.],"[ 0.29514942  0.79473054 -0.0638788   2.735078    0.23620236  2.078661
 -2.861108    1.        ]","[ 0.00986131  0.01277176 -0.00308166  0.         -0.00609483 -0.02735827
  0.02098951  0.        ]",13.233334,397,0,397,0
398,"[ 0.29747158  0.79727453 -0.06421667  2.7335312   0.23454806  2.0767345
 -2.8583882   1.        ]","[ -2.0395699  -39.95189      0.7705844   20.036598     0.53441155
  -1.2059907   -1.0030844    0.        ]",[0. 0. 0. 0. 0. 0.],"[ 0.29541594  0.79503345 -0.06394783  2.7350514   0.2359876   2.0782871
 -2.8607073   1.        ]","[ 0.01037491  0.01256632 -0.00325286 -0.00047937 -0.00756718 -0.01985957
  0.01845571  0.        ]",13.266666,398,0,398,0
399,"[ 0.2985149   0.79843414 -0.06452633  2.733292    0.2334988   2.0760405
 -2.8584332   1.        ]","[ 10.20422   -29.24472    -1.7986639   7.145007   -5.314404   -4.5153413
   2.7855616   0.       ]",[0. 0. 0. 0. 0. 0.],"[ 0.29598352  0.7956375  -0.06404562  2.7348213   0.2355581   2.077823
 -2.8600132   1.        ]","[ 0.01349081  0.01462075 -0.00256805 -0.00458825 -0.01040915 -0.01229239
  0.01725728  0.        ]",13.3,399,0,399,0
400,"[ 0.2986774   0.79856265 -0.06456661  2.7332      0.23336828  2.0757444
 -2.8581023   1.        ]","[ -2.3790362  -39.94442      0.06737589  11.442827     0.38580695
  -1.2850915   -0.8361914    0.        ]",[0. 0. 0. 0. 0. 0.],"[ 0.2962577   0.7959232  -0.06407821  2.7345738   0.23538935  2.0776715
 -2.8596892   1.        ]","[ 0.01414139  0.01492892 -0.00212292 -0.00825199 -0.00996403 -0.00975858
  0.01705184  0.        ]",13.333333,400,0,400,0
401,"[ 0.29896334  0.79899496 -0.06455547  2.7330942   0.2332993   2.0751932
 -2.8577728   1.        ]","[ -2.14211    -39.86136     -0.5492879    7.52632      0.25442743
  -1.3593417    3.1746042    0.        ]",[0. 0. 0. 0. 0. 0.],"[ 0.29686365  0.79658854 -0.06413382  2.7340984   0.23496942  2.0772076
 -2.8591216   1.        ]","[ 0.01287448  0.01369626 -0.00119842 -0.01010099 -0.00852592 -0.00917649
  0.01208695  0.        ]",13.366667,401,0,401,0
402,"[ 0.3039797   0.8030854  -0.06626508  2.731641    0.22877394  2.07302
 -2.856352    1.        ]","[  3.9063284  -42.330933     0.51517135   9.803588     0.46517137
  -1.2548367    0.31901625   0.        ]",[0. 0. 0. 0. 0. 0.],"[ 0.29893833  0.7989873  -0.06455183  2.7330782   0.23333956  2.0752306
 -2.8578215   1.        ]","[ 0.00198596  0.0010957  -0.00051361 -0.00078753 -0.00119842 -0.00167779
  0.00157507  0.        ]",13.4,402,0,402,0
403,"[ 0.3040984   0.8031678  -0.06631795  2.7316594   0.22861497  2.0729458
 -2.8565392   1.        ]","[  3.9063284  -42.28068      0.51517135   9.803588     0.46517137
  -1.2548367    0.20701626   0.        ]",[0. 0. 0. 0. 0. 0.],"[ 0.29894793  0.79898924 -0.06457292  2.7330744   0.23330314  2.0752037
 -2.8577852   1.        ]","[ 1.3696257e-04  3.4240642e-05 -3.7664708e-04 -6.8481284e-05
 -6.1633158e-04 -4.1088770e-04  5.8209093e-04  0.0000000e+00]",13.433333,403,0,403,0
404,"[ 0.30416244  0.80321157 -0.06636145  2.7316258   0.22852816  2.0730035
 -2.8565435   1.        ]","[ 3.9063284e+00 -4.2314182e+01  5.1517135e-01  9.8035879e+00
  4.6517137e-01 -1.2548367e+00  5.6103105e-04  0.0000000e+00]",[0. 0. 0. 0. 0. 0.],"[ 0.29894793  0.79899114 -0.06457676  2.7330725   0.23329547  2.075198
 -2.8577774   1.        ]","[-1.1895246e-16  3.4240642e-05 -3.0816579e-04 -6.8481284e-05
 -5.4785027e-04 -3.4240642e-04  4.4512836e-04  0.0000000e+00]",13.466666,404,0,404,0
405,"[ 0.30424255  0.80335265 -0.06638743  2.731558    0.22842202  2.0730107
 -2.8564837   1.        ]","[ 3.0402351e-02 -3.4284599e+01 -6.1580092e-01  1.3563828e+01
  2.3199752e-01 -1.3595278e+00  5.7255858e-01  0.0000000e+00]",[0. 0. 0. 0. 0. 0.],"[ 0.29899585  0.79904103 -0.06459018  2.733061    0.23320918  2.0751615
 -2.8577545   1.        ]","[ 0.00085602  0.00089026 -0.00027393 -0.00020544 -0.00160931 -0.00068481
  0.00047937  0.        ]",13.5,405,0,405,0
406,"[ 0.3044548   0.8035159  -0.06645857  2.7315469   0.22806914  2.0727937
 -2.8564646   1.        ]","[  0.9494557  -34.41126     -0.638284    13.619635     1.2605138
  -1.3623264    0.60357136   0.        ]",[0. 0. 0. 0. 0. 0.],"[ 0.29952702  0.79943794 -0.06475892  2.7329612   0.23265503  2.0749028
 -2.8575876   1.        ]","[ 0.01034067  0.00794383 -0.00321862 -0.00198596 -0.01140213 -0.00523882
  0.00335558  0.        ]",13.533334,406,0,406,0
407,"[ 0.3050071   0.80386573 -0.06676522  2.7316582   0.22719699  2.0720458
 -2.8568375   1.        ]","[  0.3232674  -38.73609      2.000318    16.503586     1.4099325
  -1.0720185    0.39454418   0.        ]",[0. 0. 0. 0. 0. 0.],"[ 0.3014349   0.8009163  -0.0653936   2.7324398   0.23091972  2.074078
 -2.8571389   1.        ]","[ 0.03992459  0.03071386 -0.01307993 -0.01040915 -0.03677445 -0.01712032
  0.00972434  0.        ]",13.566667,407,0,407,0
408,"[ 0.31045556  0.8079333  -0.06969968  2.731563    0.22022375  2.0679944
 -2.8585973   1.        ]","[ 1.5450820e-01 -3.4087128e+01 -5.8619767e-01  1.3475415e+01
  2.3553781e-01 -1.9021118e+00  1.0445100e-03  0.0000000e+00]",[0. 0. 0. 0. 0. 0.],"[ 0.30504742  0.8039287  -0.06676652  2.7316267   0.22721516  2.0720687
 -2.8568034   1.        ]","[ 1.6435508e-03  6.8481284e-05 -1.3696257e-04 -6.8481284e-05
 -4.1088770e-04 -6.1633158e-04  0.0000000e+00  0.0000000e+00]",13.6,408,0,408,0
409,"[ 0.31044525  0.808056   -0.06963589  2.7315598   0.22029996  2.0678356
 -2.858671    1.        ]","[-7.7064333e-16 -3.4343143e+01 -6.2875050e-01  1.3588863e+01
  2.2683045e-01 -3.5699999e+00  1.0608427e-03  0.0000000e+00]",[0. 0. 0. 0. 0. 0.],"[ 0.30505317  0.8039287  -0.06677035  2.7316267   0.22719981  2.0720532
 -2.8568034   1.        ]","[ 4.79368988e-04 -2.06184270e-16 -1.02721926e-04  0.00000000e+00
 -3.42406420e-04 -4.45128360e-04  0.00000000e+00  0.00000000e+00]",13.633333,409,0,409,0
410,"[ 0.3105975   0.8083683  -0.0695728   2.7317162   0.22020479  2.067206
 -2.859327    1.        ]","[-7.7064333e-16 -3.4343143e+01 -6.2875050e-01  1.3588863e+01
  2.2683045e-01 -3.4719999e+00  1.0608427e-03  0.0000000e+00]",[0. 0. 0. 0. 0. 0.],"[ 0.30505317  0.8039287  -0.06677993  2.7316248   0.22718447  2.0720437
 -2.8568034   1.        ]","[-1.1895246e-16 -2.0618427e-16 -2.3968449e-04 -3.4240642e-05
 -5.1360962e-04 -3.7664708e-04  0.0000000e+00  0.0000000e+00]",13.666667,410,0,410,0
411,"[ 0.31076324  0.80846435 -0.06962678  2.731702    0.21981844  2.0668807
 -2.8594468   1.        ]","[ 9.1599403e-03 -3.4345062e+01 -6.3114494e-01  1.3589041e+01
  2.2423555e-01 -2.1733804e+00  1.0578154e-03  0.0000000e+00]",[0. 0. 0. 0. 0. 0.],"[ 0.30505508  0.8039306  -0.06678761  2.7316248   0.22713079  2.072015
 -2.8568034   1.        ]","[ 3.4240642e-05  3.4240642e-05 -2.7392514e-04 -3.4240642e-05
 -1.1984225e-03 -6.8481284e-04  0.0000000e+00  0.0000000e+00]",13.7,411,0,411,0
412,"[ 0.311208    0.8087176  -0.06997939  2.7317493   0.2189223   2.0661335
 -2.85978     1.        ]","[-1.01563744e-01 -3.45683479e+01 -6.84306681e-01  1.36806211e+01
 -6.77969408e+00 -5.52460146e+00  1.06728985e-03  0.00000000e+00]",[0. 0. 0. 0. 0. 0.],"[ 0.305429    0.80415875 -0.06702346  2.7316248   0.22646542  2.071618
 -2.8569586   1.        ]","[ 0.00671117  0.00410888 -0.0043828   0.         -0.01287448 -0.00763566
 -0.00277349  0.        ]",13.733334,412,0,412,0
413,"[ 0.31191912  0.8092173  -0.07060274  2.7319093   0.21758497  2.0651758
 -2.8601785   1.        ]","[ -0.82456243 -39.771255     1.1114298   13.5675       1.6259909
  -0.73932993   0.9619519    0.        ]",[0. 0. 0. 0. 0. 0.],"[ 0.30808085  0.80616826 -0.06840979  2.7316248   0.2231175   2.0694206
 -2.8579865   1.        ]","[ 0.0418763   0.03235741 -0.0215716   0.         -0.05201153 -0.03372703
 -0.01623007  0.        ]",13.766666,413,0,413,0
414,"[ 0.31229967  0.80946594 -0.07092083  2.732031    0.21680647  2.0647502
 -2.8608012   1.        ]","[ -1.230888   -41.378845     1.2229297   13.616845     1.633006
  -0.5822253    0.86594576   0.        ]",[0. 0. 0. 0. 0. 0.],"[ 0.30860052  0.80665916 -0.06863797  2.7316248   0.22250392  2.068949
 -2.8582358   1.        ]","[ 0.03920554  0.03307646 -0.01859267  0.         -0.04670424 -0.03280254
 -0.01633279  0.        ]",13.8,414,0,414,0
415,"[ 0.31255302  0.8096944  -0.0710744   2.732065    0.21632893  2.0643864
 -2.86113     1.        ]","[ -2.2093403  -41.71756      0.83372146  13.658303     1.4855609
  -1.346834     0.4369334    0.        ]",[0. 0. 0. 0. 0. 0.],"[ 0.30975866  0.80761594 -0.06917486  2.731623    0.22103897  2.0677946
 -2.858834    1.        ]","[ 2.5475038e-02  2.1674328e-02 -1.1367894e-02 -3.4240642e-05
 -3.1946521e-02 -2.4413578e-02 -1.3079925e-02  0.0000000e+00]",13.833333,415,0,415,0
416,"[ 0.3128521   0.8099986  -0.07119276  2.7319517   0.21590112  2.0641038
 -2.8612974   1.        ]","[ -3.1558988  -40.06911      0.6450222   13.680661     1.439582
  -1.6618602    0.15154776   0.        ]",[0. 0. 0. 0. 0. 0.],"[ 0.31035691  0.8079592  -0.06952768  2.731623    0.22016267  2.067158
 -2.859185    1.        ]","[ 0.02379725  0.01564797 -0.01229239  0.         -0.03263133 -0.02441358
 -0.01284024  0.        ]",13.866667,416,0,416,0
417,"[ 0.31366083  0.81060666 -0.07145416  2.7319489   0.2148361   2.0629025
 -2.8622031   1.        ]","[ -2.3481097  -37.599575     1.0822977   13.495387     1.1904438
  -1.9784809   -0.04162895   0.        ]",[0. 0. 0. 0. 0. 0.],"[ 0.31113923  0.80845964 -0.07008374  2.731642    0.21877825  2.06618
 -2.8598197   1.        ]","[ 0.02297547  0.01403866 -0.01510012  0.00034241 -0.03810984 -0.02718707
 -0.01670943  0.        ]",13.9,417,0,417,0
418,"[ 0.31410718  0.8109239  -0.07171555  2.7319806   0.21412784  2.0622952
 -2.8626442   1.        ]","[ 10.60269   -27.580002   -8.661191   13.682194   -6.035771   -4.759551
  -3.6443923   0.       ]",[0. 0. 0. 0. 0. 0.],"[ 0.31149206  0.808776   -0.07039246  2.7316651   0.2180688   2.0656662
 -2.860159    1.        ]","[ 0.02027046  0.01458651 -0.01544253  0.00075329 -0.03739078 -0.02663922
 -0.01739425  0.        ]",13.933333,418,0,418,0
419,"[ 0.3146407   0.81141067 -0.07203384  2.7320166   0.2133092   2.0613976
 -2.8629198   1.        ]","[ 3.3030275e-02 -4.0483326e+01  2.2626698e+00  1.5333169e+01
  1.4284867e+00 -1.0415130e+00 -3.9157429e-01  0.0000000e+00]",[0. 0. 0. 0. 0. 0.],"[ 0.31206346  0.80942416 -0.07080472  2.7316785   0.2170046   2.0647764
 -2.8607476   1.        ]","[ 0.01523709  0.01619582 -0.01140213  0.00054785 -0.02913879 -0.02321516
 -0.01537405  0.        ]",13.966666,419,0,419,0
420,"[ 0.31512225  0.81175417 -0.07232595  2.7320373   0.21250337  2.0609314
 -2.8634906   1.        ]","[ 11.584693  -31.729887   -0.9300179  25.063225   -6.035551   -3.9465618
  -3.8537862   0.       ]",[0. 0. 0. 0. 0. 0.],"[ 0.3125716   0.8099131  -0.07103865  2.7316842   0.21625678  2.0641015
 -2.8612597   1.        ]","[ 0.01629855  0.0170176  -0.00886833  0.00020544 -0.02615985 -0.02369452
 -0.01660671  0.        ]",14.0,420,0,420,0
421,"[ 0.31569502  0.812162   -0.07269472  2.732062    0.2115065   2.0603735
 -2.8641825   1.        ]","[ -1.6931726  -39.56616     -0.35330728  17.596283     1.6119001
  -0.89875036   0.11138719   0.        ]",[0. 0. 0. 0. 0. 0.],"[ 0.31347665  0.81045574 -0.07139722  2.7317207   0.2150411   2.0630393
 -2.8619633   1.        ]","[ 0.02006502  0.01328537 -0.00821775  0.00068481 -0.02711859 -0.0243451
 -0.01650399  0.        ]",14.033334,421,0,421,0
422,"[ 0.31614205  0.8124263  -0.07296288  2.7320244   0.21056254  2.0596929
 -2.8648272   1.        ]","[ -2.7336516  -38.88954     -0.18309665  16.919        1.8906693
  -0.875531     0.3967163    0.        ]",[0. 0. 0. 0. 0. 0.],"[ 0.31384864  0.81065327 -0.07155445  2.7317955   0.21453297  2.0626078
 -2.862272    1.        ]","[ 0.01989381  0.01133365 -0.00814927  0.00195172 -0.02681042 -0.0235918
 -0.0159219   0.        ]",14.066667,422,0,422,0
423,"[ 0.31667677  0.81284314 -0.0733496   2.732039    0.20947452  2.0591242
 -2.8655555   1.        ]","[ -1.8780304  -38.48175     -0.49011654  25.223572     1.9762896
  -1.4201462    0.64495605   0.        ]",[0. 0. 0. 0. 0. 0.],"[ 0.3144584   0.8111077  -0.07192644  2.7319086   0.21346493  2.0618427
 -2.862968    1.        ]","[ 0.01616158  0.01092277 -0.00893681  0.0031159  -0.0263653  -0.01975685
 -0.01691488  0.        ]",14.1,423,0,423,0
424,"[ 0.31695753  0.81305104 -0.07349565  2.732065    0.2090062   2.058812
 -2.8659158   1.        ]","[ 11.269287  -29.000366   -9.1782     25.507814   -5.768293   -5.1254077
  -3.0066574   0.       ]",[0. 0. 0. 0. 0. 0.],"[ 0.31481695  0.811449   -0.07218914  2.7319298   0.21274397  2.0613403
 -2.8634322   1.        ]","[ 0.01506588  0.01290872 -0.01020371  0.00191748 -0.02838549 -0.01948293
 -0.01842147  0.        ]",14.133333,424,0,424,0
425,"[ 0.3174701   0.8137407  -0.07357034  2.732175    0.20816901  2.0575674
 -2.8672953   1.        ]","[ -1.3505101  -31.239847    -0.12532745  16.820738     1.7090406
  -1.749424     0.3188935    0.        ]",[0. 0. 0. 0. 0. 0.],"[ 0.31558588  0.8120089  -0.07266083  2.7319546   0.21139789  2.060422
 -2.8642738   1.        ]","[ 0.0137305   0.00999827 -0.0084232   0.00044513 -0.02403693 -0.01640127
 -0.01503164  0.        ]",14.166667,425,0,425,0
426,"[ 0.31767938  0.81387126 -0.07365239  2.7321627   0.20772266  2.05723
 -2.8677747   1.        ]","[ -1.7063879  -36.236176    -1.0396739   16.3197       1.201497
  -2.0236554    0.05839679   0.        ]",[0. 0. 0. 0. 0. 0.],"[ 0.31590608  0.81216615 -0.07282382  2.7319891   0.21090318  2.0600843
 -2.864617    1.        ]","[ 0.01462075  0.00849168 -0.00814927  0.0009245  -0.02400269 -0.01619582
 -0.01568221  0.        ]",14.2,426,0,426,0
427,"[ 0.31809062  0.8142399  -0.07374684  2.73221     0.20679545  2.0564885
 -2.8695424   1.        ]","[ -3.4434607  -36.940468    -0.08249464  16.10306      1.3158145
  -1.6053809   -0.10454403   0.        ]",[0. 0. 0. 0. 0. 0.],"[ 0.3166424   0.8126493  -0.07315746  2.7320697   0.20978913  2.0591774
 -2.865545    1.        ]","[ 0.01787362  0.01092277 -0.00835472  0.00198596 -0.02711859 -0.02116072
 -0.02160585  0.        ]",14.233334,427,0,427,0
428,"[ 0.3182161   0.81435186 -0.07385272  2.7322178   0.20645742  2.0563037
 -2.8698874   1.        ]","[ -3.4896667  -37.676914    -0.46089828  16.08231      1.3933474
  -1.3787249   -0.3027044    0.        ]",[0. 0. 0. 0. 0. 0.],"[ 0.31699714  0.8130309  -0.07330127  2.732087    0.20914869  2.0585332
 -2.8662565   1.        ]","[ 0.01585342  0.01349081 -0.00660844  0.00133539 -0.02595441 -0.0232494
 -0.02523535  0.        ]",14.266666,428,0,428,0
429,"[ 0.31832683  0.81464845 -0.07372741  2.7320833   0.20614648  2.055863
 -2.8705928   1.        ]","[  0.09564923 -28.086174    -0.72179604  16.081718     1.4438591
  -4.5624337    0.22499654   0.        ]",[0. 0. 0. 0. 0. 0.],"[ 0.31728476  0.8134489  -0.07340673  2.7320926   0.20849483  2.057908
 -2.8671923   1.        ]","[ 0.00948466  0.01239511 -0.00359527  0.00027393 -0.01975685 -0.01896932
 -0.02598865  0.        ]",14.3,429,0,429,0
430,"[ 0.3182617   0.8147608  -0.07350167  2.731999    0.20629965  2.0557237
 -2.8708515   1.        ]","[ -3.2118    -27.621122   -1.5119493  15.9782095  -6.1169806  -4.7183385
  -3.1535366   0.       ]",[0. 0. 0. 0. 0. 0.],"[ 0.3174343   0.8136119  -0.07347193  2.7321002   0.20813435  2.0576148
 -2.8677022   1.        ]","[ 0.00780687  0.01037491 -0.00304742  0.00023968 -0.0181133  -0.01640127
 -0.02581744  0.        ]",14.333333,430,0,430,0
431,"[ 0.31837392  0.8150405  -0.07328273  2.7317915   0.20597556  2.0553575
 -2.871757    1.        ]","[  0.781075   -33.770687    -0.54696184  24.142616     1.3365502
  -1.7600392    0.7220265    0.        ]",[0. 0. 0. 0. 0. 0.],"[ 0.31787726  0.81405103 -0.07361574  2.7321424   0.20713343  2.0567539
 -2.869129    1.        ]","[ 0.00739598  0.0073275  -0.0023626   0.00071905 -0.01667519 -0.01410714
 -0.02383149  0.        ]",14.366667,431,0,431,0
432,"[ 0.31830883  0.8151076  -0.07298845  2.7317126   0.20636082  2.0551946
 -2.871547    1.        ]","[  2.0417142 -29.296373   -0.129908   23.882317    1.2765541  -1.7353609
   0.540574    0.       ]",[0. 0. 0. 0. 0. 0.],"[ 0.31796545  0.814191   -0.07361957  2.7321444   0.20696276  2.0565562
 -2.869474    1.        ]","[ 0.00609483  0.00715629 -0.00119842  0.00051361 -0.01273752 -0.01181302
 -0.02054439  0.        ]",14.4,432,0,432,0
433,"[ 0.31836233  0.8150917  -0.07289956  2.731708    0.20651759  2.0549989
 -2.871128    1.        ]","[  1.0957961  -32.51309     -0.32801473  12.8232       0.2899994
  -1.8973098    0.22908607   0.        ]",[0. 0. 0. 0. 0. 0.],"[ 0.31811503  0.81451315 -0.07361957  2.7321444   0.2066138   2.0560942
 -2.8702736   1.        ]","[ 3.6295082e-03  7.3617380e-03 -3.4240642e-05  0.0000000e+00
 -8.0465507e-03 -1.0169471e-02 -1.8044818e-02  0.0000000e+00]",14.433333,433,0,433,0
434,"[ 0.3183232   0.81506294 -0.07270317  2.731547    0.20683716  2.0549695
 -2.870471    1.        ]","[  1.0957961  -32.51309     -0.32801473  12.8232       0.2899994
  -1.8973098    0.22908607   0.        ]",[0. 0. 0. 0. 0. 0.],"[ 0.31811503  0.81451315 -0.07361957  2.7321444   0.2066138   2.0560942
 -2.8702736   1.        ]","[ 3.6295082e-03  7.3617380e-03 -3.4240642e-05  0.0000000e+00
 -8.0465507e-03 -1.0169471e-02 -1.8044818e-02  0.0000000e+00]",14.466666,434,0,434,0
435,"[ 0.3178766   0.8147591  -0.07174476  2.7309608   0.20883623  2.0556428
 -2.8673565   1.        ]","[ 1.8264562e+00 -2.9468491e+01 -7.7647589e-02  1.1402179e+01
  3.3101749e-01 -2.0604935e+00 -2.9089049e-04  0.0000000e+00]",[0. 0. 0. 0. 0. 0.],"[ 0.3182224   0.81486976 -0.07339714  2.732087    0.20646806  2.0554423
 -2.8709102   1.        ]","[ 0.00116418  0.00434856  0.00321862 -0.00102722 -0.00123266 -0.00893681
 -0.00684813  0.        ]",14.5,435,0,435,0
436,"[ 0.3177896   0.81470126 -0.07146439  2.7308674   0.20923136  2.055556
 -2.866972    1.        ]","[ 1.8264562e+00 -2.9468491e+01 -7.7647589e-02  1.1402179e+01
  3.3101749e-01 -2.0604935e+00 -2.9089049e-04  0.0000000e+00]",[0. 0. 0. 0. 0. 0.],"[ 0.3182224   0.81486976 -0.07339714  2.732087    0.20646806  2.0554423
 -2.8709102   1.        ]","[ 0.00116418  0.00434856  0.00321862 -0.00102722 -0.00123266 -0.00893681
 -0.00684813  0.        ]",14.533334,436,0,436,0
437,"[ 0.31786403  0.8142661  -0.0708074   2.7300525   0.2099849   2.0577168
 -2.8656518   1.        ]","[  0.06431253 -34.782394    -0.6464154   13.774239     0.2137931
  -1.3771286   -0.7844715    0.        ]",[0. 0. 0. 0. 0. 0.],"[ 0.31822622  0.81491196 -0.07287176  2.731855    0.20685348  2.055306
 -2.8700666   1.        ]","[ 0.00010272  0.00089026  0.00979282 -0.00434856  0.00688237 -0.00291045
  0.01506588  0.        ]",14.566667,437,0,437,0
438,"[ 0.31798637  0.814138   -0.07050669  2.7298896   0.21006173  2.058118
 -2.8658419   1.        ]","[  0.34465778 -35.09994      7.0557885   13.947696     6.1431036
  -1.3628207    3.2089317    0.        ]",[0. 0. 0. 0. 0. 0.],"[ 0.31822622  0.81491196 -0.07266659  2.7317033   0.20718904  2.055306
 -2.869572    1.        ]","[ 3.4240642e-05  3.7664708e-04  1.1402134e-02 -6.6769253e-03
  1.2874481e-02 -9.5873798e-04  2.3728766e-02  0.0000000e+00]",14.6,438,0,438,0
439,"[ 0.31722137  0.8111775  -0.06677753  2.7275164   0.21539505  2.0648327
 -2.8601942   1.        ]","[-4.4230631e-01 -5.1748470e+01 -1.0165865e+00  1.4481851e+01
 -5.4228883e-03 -1.5539888e+00 -2.6584027e-04  0.0000000e+00]",[0. 0. 0. 0. 0. 0.],"[ 0.3180383   0.81433094 -0.07051134  2.7298818   0.21001156  2.0580404
 -2.8658693   1.        ]","[-0.00058209 -0.00383495  0.0010957  -0.00085602  0.00116418  0.00208868
  0.0012669   0.        ]",14.633333,439,0,439,0
440,"[ 0.3171305   0.81112355 -0.06662036  2.7274356   0.2155054   2.0651662
 -2.8606417   1.        ]","[-4.4230631e-01 -5.1949471e+01 -1.0165865e+00  1.4481851e+01
 -5.4228883e-03 -1.5539888e+00 -2.6584027e-04  0.0000000e+00]",[0. 0. 0. 0. 0. 0.],"[ 0.3180134   0.8142907  -0.07050367  2.7298741   0.21002498  2.0580595
 -2.8658595   1.        ]","[-0.00082178 -0.00287621  0.00068481 -0.00054785  0.0009245   0.00143811
  0.00082178  0.        ]",14.666667,440,0,440,0
441,"[ 0.3170228   0.811005   -0.06647495  2.7273066   0.2156194   2.065677
 -2.861003    1.        ]","[ 2.6815380e-16 -4.7335499e+01 -6.8877339e-01  1.3700681e+01
  1.8241918e-01 -1.3667892e+00  1.0228417e-03  0.0000000e+00]",[0. 0. 0. 0. 0. 0.],"[ 0.3179827   0.8142562  -0.07049792  2.7298627   0.21004416  2.0580864
 -2.8658462   1.        ]","[-0.00082178 -0.00099298  0.0001712  -0.00027393  0.00047937  0.00065057
  0.00034241  0.        ]",14.7,441,0,441,0
442,"[ 0.3168642   0.8109265  -0.06624057  2.727234    0.21591201  2.0659509
 -2.8612916   1.        ]","[ 2.6815380e-16 -4.7452751e+01 -6.8877339e-01  1.3700681e+01
  1.8241918e-01 -1.3667892e+00  1.0228417e-03  0.0000000e+00]",[0. 0. 0. 0. 0. 0.],"[ 0.3179808   0.8142408  -0.07049601  2.7298589   0.21004991  2.058096
 -2.8658423   1.        ]","[-0.00044513 -0.00071905  0.00013696 -0.00023968  0.00037665  0.00054785
  0.00023968  0.        ]",14.733334,442,0,442,0
443,"[ 0.3167115   0.8106985  -0.0660682   2.7270906   0.21611893  2.0667593
 -2.8614345   1.        ]","[-2.1055834e-02 -5.4276524e+01 -6.6682810e-01  1.3657401e+01
  7.1824541e+00  2.5561006e+00  3.2422345e+00  0.0000000e+00]",[0. 0. 0. 0. 0. 0.],"[ 0.3179367   0.8139436  -0.07018729  2.7296748   0.21061556  2.0588093
 -2.8652422   1.        ]","[-0.00082178 -0.00554698  0.00554698 -0.00332134  0.01020371  0.01287448
  0.01075156  0.        ]",14.766666,443,0,443,0
444,"[ 0.31469586  0.8078647  -0.06221374  2.7235448   0.22012691  2.078872
 -2.862002    1.        ]","[-1.1622682e-16 -5.1757500e+01 -6.5115702e-01  1.3681839e+01
  2.0411126e-01 -1.3502021e+00  1.0821027e-03  0.0000000e+00]",[0. 0. 0. 0. 0. 0.],"[ 0.31670183  0.8106935  -0.06605705  2.7270555   0.21611872  2.0667553
 -2.8614283   1.        ]","[-6.84812840e-05 -3.42406420e-04  1.02721926e-04  0.00000000e+00
  2.05443852e-04  2.05443852e-04  3.42406420e-05  0.00000000e+00]",14.8,444,0,444,0
445,"[ 0.31470865  0.80784154 -0.06221391  2.72351     0.22011     2.0790017
 -2.862025    1.        ]","[-1.1622682e-16 -5.1723999e+01 -6.5115702e-01  1.3681839e+01
  2.0411126e-01 -1.3502021e+00  1.0821027e-03  0.0000000e+00]",[0. 0. 0. 0. 0. 0.],"[ 0.31669992  0.8106916  -0.06605705  2.7270555   0.21612063  2.0667572
 -2.8614283   1.        ]","[-6.8481284e-05 -2.7392514e-04  3.4240642e-05  0.0000000e+00
  1.3696257e-04  1.3696257e-04  0.0000000e+00  0.0000000e+00]",14.833333,445,0,445,0
446,"[ 0.31488854  0.8078067  -0.06237255  2.723561    0.21967866  2.079125
 -2.862617    1.        ]","[-1.1622682e-16 -5.1723999e+01 -6.5115702e-01  1.3681839e+01
  2.0411126e-01 -1.3502021e+00  1.0821027e-03  0.0000000e+00]",[0. 0. 0. 0. 0. 0.],"[ 0.316698    0.8106897  -0.06605705  2.7270555   0.21612255  2.066759
 -2.8614264   1.        ]","[-3.4240642e-05 -3.4240642e-05  3.7668280e-17  0.0000000e+00
  3.4240642e-05  3.4240642e-05  3.4240642e-05  0.0000000e+00]",14.866667,446,0,446,0
447,"[ 0.3149035   0.8077922  -0.06241838  2.7235522   0.21961747  2.0791738
 -2.862584    1.        ]","[-1.1622682e-16 -5.1723999e+01 -6.5115702e-01  1.3681839e+01
  2.0411126e-01 -1.3502021e+00  1.0821027e-03  0.0000000e+00]",[0. 0. 0. 0. 0. 0.],"[ 0.316698    0.8106897  -0.06605705  2.7270555   0.21612448  2.066761
 -2.8614264   1.        ]","[-3.4240642e-05 -3.4240642e-05  3.7668280e-17  0.0000000e+00
  6.8481284e-05  3.4240642e-05  0.0000000e+00  0.0000000e+00]",14.9,447,0,447,0
448,"[ 0.3127423   0.80647135 -0.05997808  2.721991    0.22146177  2.086464
 -2.8652864   1.        ]","[-1.6804576e-16 -4.8122749e+01 -6.2285143e-01  1.3663842e+01
  2.1936071e-01 -1.3240100e+00  1.1624154e-03  0.0000000e+00]",[0. 0. 0. 0. 0. 0.],"[ 0.31488216  0.80776554 -0.06240426  2.7235272   0.21962386  2.0791767
 -2.862598    1.        ]","[-1.1895246e-16 -2.0618427e-16  3.9650823e-17  0.0000000e+00
  3.4240642e-05  3.4240642e-05  0.0000000e+00  0.0000000e+00]",14.933333,448,0,448,0
449,"[ 0.31166318  0.805893   -0.05874636  2.7237132   0.22281116  2.0841858
 -2.8642952   1.        ]","[-7.7678676e-16 -4.8809502e+01 -6.0465002e-01  1.3652386e+01
  2.2829580e-01 -1.3088052e+00  1.2072542e-03  0.0000000e+00]",[0. 0. 0. 0. 0. 0.],"[ 0.312725    0.8064559  -0.0599518   2.7219627   0.22146848  2.086467
 -2.8652997   1.        ]","[-3.4240642e-05 -2.0618427e-16  5.2537341e-17  0.0000000e+00
 -5.7493690e-16  3.4240642e-05  0.0000000e+00  0.0000000e+00]",14.966666,449,0,449,0
450,"[ 0.31167167  0.8059086  -0.05876554  2.7236679   0.22278224  2.0842862
 -2.8642735   1.        ]","[-7.7678676e-16 -4.8692249e+01 -6.0465002e-01  1.3652386e+01
  2.2829580e-01 -1.3088052e+00  1.2072542e-03  0.0000000e+00]",[0. 0. 0. 0. 0. 0.],"[ 0.312725    0.80645394 -0.0599518   2.7219627   0.22146848  2.086467
 -2.8652997   1.        ]","[-3.4240642e-05 -3.4240642e-05  5.2537341e-17  0.0000000e+00
 -5.7493690e-16  0.0000000e+00  0.0000000e+00  0.0000000e+00]",15.0,450,0,450,0
451,"[ 0.31168264  0.8062076  -0.05842925  2.7242403   0.22304256  2.0827177
 -2.863036    1.        ]","[-1.8744954e-03 -4.4851559e+01 -5.9528351e-01  1.3645432e+01
  2.3245588e-01 -1.3170577e+00  1.1867450e-03  0.0000000e+00]",[0. 0. 0. 0. 0. 0.],"[ 0.31271732  0.8064501  -0.0599518   2.7219627   0.22150491  2.0864515
 -2.8652997   1.        ]","[-1.3696257e-04 -6.8481284e-05  5.2537341e-17  0.0000000e+00
  6.5057218e-04 -2.7392514e-04  0.0000000e+00  0.0000000e+00]",15.033334,451,0,451,0
452,"[ 0.31163955  0.8062943  -0.0582566   2.724386    0.22310238  2.082569
 -2.8629415   1.        ]","[ 3.7659872e-03 -5.6377602e+01 -5.9316880e-01  2.6545443e+01
  6.8059859e+00 -4.3342519e+00  1.1851779e-03  0.0000000e+00]",[0. 0. 0. 0. 0. 0.],"[ 0.3121977   0.8062565  -0.05938807  2.7226164   0.22223355  2.0852532
 -2.8648202   1.        ]","[-0.00903953 -0.00342406  0.00999827  0.01140213  0.01249783 -0.02074983
  0.00856016  0.        ]",15.066667,452,0,452,0
453,"[ 0.31171155  0.8063476  -0.05814765  2.724517    0.22316206  2.0822628
 -2.8623557   1.        ]","[ 3.7659872e-03 -5.4685852e+01 -5.9316880e-01  2.5514044e+01
  2.3279145e-01 -4.0822520e+00  1.1851779e-03  0.0000000e+00]",[0. 0. 0. 0. 0. 0.],"[ 0.31184295  0.8059708  -0.05894321  2.7233088   0.22264197  2.0845668
 -2.864456    1.        ]","[-0.00633452 -0.00510186  0.00794383  0.01236087  0.00729326 -0.01225815
  0.00650572  0.        ]",15.1,453,0,453,0
454,"[ 0.31178513  0.8064568  -0.05793962  2.724734    0.22314146  2.0816777
 -2.8619745   1.        ]","[-6.5855950e-04 -5.4652405e+01 -5.9177601e-01  1.6956863e+01
  2.3372068e-01 -1.3210030e+00  1.1764357e-03  0.0000000e+00]",[0. 0. 0. 0. 0. 0.],"[ 0.31177008  0.8059286  -0.05885884  2.723464    0.22270334  2.0843673
 -2.8643236   1.        ]","[-0.00335558 -0.00304742  0.00397191  0.00753294  0.0032871  -0.00722478
  0.00455401  0.        ]",15.133333,454,0,454,0
455,"[ 0.31181556  0.8064558  -0.05797986  2.7247107   0.2231441   2.0816922
 -2.8617055   1.        ]","[-1.8612007e-04 -4.7251751e+01 -5.9181082e-01  2.5897295e+01
  2.3352602e-01 -4.0948715e+00  3.1976976e+00  0.0000000e+00]",[0. 0. 0. 0. 0. 0.],"[ 0.3116742   0.8059286  -0.05871503  2.7237535   0.22282988  2.083727
 -2.863825    1.        ]","[-0.00263653 -0.00037665  0.00359527  0.00705357  0.00301318 -0.01424411
  0.01088852  0.        ]",15.166667,455,0,455,0
456,"[ 0.31180048  0.8065161  -0.05784122  2.7247674   0.2232865   2.0813882
 -2.8611646   1.        ]","[ 3.8053570e-04 -5.0718132e+01 -5.9020144e-01  1.7102499e+01
  2.3425291e-01 -8.8772649e-01 -1.5228458e-01  0.0000000e+00]",[0. 0. 0. 0. 0. 0.],"[ 0.31164354  0.8059286  -0.05856547  2.723976    0.22290659  2.083259
 -2.8634953   1.        ]","[-1.4381070e-03 -2.0618427e-16  4.2458395e-03  7.0878132e-03
  2.7734921e-03 -1.5613733e-02  1.1299412e-02  0.0000000e+00]",15.2,456,0,456,0
457,"[ 0.31180546  0.80656093 -0.05771983  2.7248273   0.22333719  2.0812428
 -2.8609457   1.        ]","[-5.2183110e-04 -4.8859016e+01 -5.8965486e-01  1.7373993e+01
  2.3446505e-01 -8.9956176e-01  1.1730304e-03  0.0000000e+00]",[0. 0. 0. 0. 0. 0.],"[ 0.31164354  0.8059286  -0.05842933  2.7241101   0.22296794  2.0829484
 -2.8632345   1.        ]","[-2.0544385e-04 -2.0618427e-16  4.2115990e-03  4.8964117e-03
  1.9174760e-03 -1.0546118e-02  8.3889570e-03  0.0000000e+00]",15.233334,457,0,457,0
458,"[ 0.31186476  0.80660737 -0.05765989  2.724928    0.22328292  2.0810144
 -2.8606982   1.        ]","[ 3.2167132e-03 -4.7201820e+01 -5.8790278e-01  1.7403786e+01
  2.3480873e-01 -1.3231261e+00  1.1725428e-03  0.0000000e+00]",[0. 0. 0. 0. 0. 0.],"[ 0.31164354  0.8059286  -0.05832962  2.7242386   0.22301205  2.0827165
 -2.8629546   1.        ]","[-1.1895246e-16 -2.0618427e-16  3.9376738e-03  4.3485616e-03
  1.7462728e-03 -8.9368075e-03  9.1422517e-03  0.0000000e+00]",15.266666,458,0,458,0
459,"[ 0.31204024  0.80666906 -0.05774244  2.7250922   0.22305758  2.0806432
 -2.860656    1.        ]","[-1.2172958e-03 -3.4433990e+01 -5.8913285e-01  1.6818388e+01
  2.3438148e-01 -1.3230324e+00 -8.7493375e-02  0.0000000e+00]",[0. 0. 0. 0. 0. 0.],"[ 0.31164354  0.8059497  -0.05819348  2.7244458   0.22305615  2.0823367
 -2.8625002   1.        ]","[-1.1895246e-16  3.7664708e-04  3.4583048e-03  5.0676153e-03
  1.1641819e-03 -9.1764918e-03  1.0785802e-02  0.0000000e+00]",15.3,459,0,459,0
460,"[ 0.31200713  0.80672616 -0.05757304  2.7251918   0.22321424  2.080282
 -2.860256    1.        ]","[ 1.1031361e-02 -3.4423920e+01 -5.8353573e-01  1.7133951e+01
  2.3647535e-01 -1.3245558e+00 -4.4907314e-01  0.0000000e+00]",[0. 0. 0. 0. 0. 0.],"[ 0.31164354  0.8060091  -0.05810336  2.7245512   0.22309642  2.0820203
 -2.8620842   1.        ]","[-1.1895246e-16  1.4381070e-03  2.9789358e-03  4.1773585e-03
  1.2669038e-03 -9.7928233e-03  1.2942963e-02  0.0000000e+00]",15.333333,460,0,460,0
461,"[ 0.31197804  0.8067637  -0.05744428  2.7252452   0.22332269  2.0801187
 -2.8599565   1.        ]","[-1.7343946e-02 -3.4513245e+01 -5.9662527e-01  1.7263126e+01
  2.3138465e-01 -1.3244963e+00  2.7767878e+00  0.0000000e+00]",[0. 0. 0. 0. 0. 0.],"[ 0.31164354  0.80616057 -0.05796338  2.7246778   0.22316161  2.0816195
 -2.8615203   1.        ]","[-1.1895246e-16  2.9789358e-03  2.8419734e-03  2.5680482e-03
  1.3011444e-03 -8.4916791e-03  1.1676059e-02  0.0000000e+00]",15.366667,461,0,461,0
462,"[ 0.31206572  0.8068783  -0.05732385  2.725381    0.22320658  2.0798314
 -2.8599734   1.        ]","[  0.06199354 -34.3574      -0.5670281   17.112274     0.24055062
  -1.3277328   -0.8083231    0.        ]",[0. 0. 0. 0. 0. 0.],"[ 0.31164354  0.80622005 -0.05790778  2.7247546   0.22317119  2.0814164
 -2.8613095   1.        ]","[-1.1895246e-16  3.2186203e-03  2.9446953e-03  3.1843798e-03
  1.0614599e-03 -9.2107328e-03  1.1128209e-02  0.0000000e+00]",15.4,462,0,462,0
463,"[ 0.31221917  0.8069047  -0.05737015  2.7254972   0.2230301   2.0795615
 -2.859673    1.        ]","[ -0.12261719 -34.56243     -0.62671834  25.930746     0.22139177
  -4.073583     2.5953043    0.        ]",[0. 0. 0. 0. 0. 0.],"[ 0.31169915  0.8063715  -0.05775054  2.7249424   0.22319037  2.0809102
 -2.8608031   1.        ]","[ 0.00099298  0.00342406  0.0034583   0.00424584  0.00044513 -0.01129941
  0.01157334  0.        ]",15.433333,463,0,463,0
464,"[ 0.31221017  0.8070099  -0.0572258   2.7255988   0.22304057  2.0792956
 -2.8593001   1.        ]","[  0.20697972 -34.27814     -0.5205972   17.102705     0.25542077
  -0.7902733   -0.96133673   0.        ]",[0. 0. 0. 0. 0. 0.],"[ 0.3117375   0.8064482  -0.05768343  2.7250113   0.2232038   2.0807223
 -2.860619    1.        ]","[ 0.00167779  0.00359527  0.00356103  0.00397191  0.00051361 -0.01064884
  0.01058036  0.        ]",15.466666,464,0,464,0
465,"[ 0.3122105   0.8071344  -0.05709361  2.7256963   0.22303337  2.0790045
 -2.858999    1.        ]","[-1.2719505e-05 -3.4603210e+01 -5.9342891e-01  1.7652805e+01
  2.3180807e-01 -7.3930055e-01  1.2116975e-03  0.0000000e+00]",[0. 0. 0. 0. 0. 0.],"[ 0.3118449   0.80664766 -0.05753579  2.7251801   0.22321337  2.080216
 -2.8602452   1.        ]","[ 0.0021914   0.00410888  0.0031159   0.00352679  0.00023968 -0.01020371
  0.00794383  0.        ]",15.5,465,0,465,0
466,"[ 0.3122854   0.80716187 -0.05712925  2.7257547   0.2228968   2.078919
 -2.8591092   1.        ]","[-1.2719505e-05 -3.4603210e+01 -5.9342891e-01  1.7753080e+01
  2.3180807e-01 -7.3930055e-01  1.2116975e-03  0.0000000e+00]",[0. 0. 0. 0. 0. 0.],"[ 0.31186596  0.80668217 -0.05751853  2.7252147   0.22321337  2.0801315
 -2.8601704   1.        ]","[ 0.00229412  0.00417736  0.0029447   0.00362951  0.0001712  -0.01054612
  0.00801231  0.        ]",15.533334,466,0,466,0
467,"[ 0.3123118   0.80728567 -0.05702897  2.7259023   0.22286898  2.0785532
 -2.858847    1.        ]","[ 9.8276222e-03 -3.4403320e+01 -5.8058709e-01  1.7616693e+01
  2.3578177e-01 -1.3296380e+00  1.1450265e-03  0.0000000e+00]",[0. 0. 0. 0. 0. 0.],"[ 0.31202894  0.80682594 -0.05739965  2.7254255   0.22321337  2.079635
 -2.8597467   1.        ]","[ 3.0816579e-03  2.8077327e-03  2.2598824e-03  4.1088769e-03
 -5.7493690e-16 -9.5873801e-03  8.3204759e-03  0.0000000e+00]",15.566667,467,0,467,0
468,"[ 0.31217057  0.80739564 -0.0567824   2.726047    0.22314082  2.0781124
 -2.858787    1.        ]","[ 2.6079169e-01 -3.4291313e+01 -5.0680870e-01  1.7136206e+01
  2.5799286e-01 -1.3403615e+00  1.1487573e-03  0.0000000e+00]",[0. 0. 0. 0. 0. 0.],"[ 0.3120884   0.80688924 -0.05731911  2.7255235   0.22321337  2.0794528
 -2.8595512   1.        ]","[ 2.4310856e-03  2.2256419e-03  2.7392514e-03  3.7664706e-03
 -5.7493690e-16 -7.5329412e-03  7.4644601e-03  0.0000000e+00]",15.6,468,0,468,0
469,"[ 0.31213132  0.8074808  -0.05662561  2.7262454   0.2233426   2.0774984
 -2.8587062   1.        ]","[ 2.6079169e-01 -3.4291313e+01 -5.0680870e-01  1.7451355e+01
  2.5799286e-01 -1.3403615e+00  1.1487573e-03  0.0000000e+00]",[0. 0. 0. 0. 0. 0.],"[ 0.31217083  0.8069832  -0.05723474  2.7256231   0.22319229  2.0792112
 -2.859344    1.        ]","[ 0.0020202   0.00232836  0.00225988  0.00267077 -0.00037665 -0.00602635
  0.00537578  0.        ]",15.633333,469,0,469,0
470,"[ 0.3120737   0.8075466  -0.05652352  2.7263823   0.22343849  2.0770836
 -2.8586693   1.        ]","[-2.6125583e-01 -3.4645206e+01 -6.4515311e-01  1.7673584e+01
  2.2561555e-01 -1.3363448e+00  1.0822954e-03  0.0000000e+00]",[0. 0. 0. 0. 0. 0.],"[ 0.3121996   0.8070407  -0.05719831  2.725671    0.22314818  2.0790827
 -2.8592443   1.        ]","[ 0.00178051  0.00256805  0.0020202   0.00243109 -0.00116418 -0.00619756
  0.0051361   0.        ]",15.666667,470,0,470,0
471,"[ 0.31236318  0.80763364 -0.05678057  2.7267234   0.22277865  2.0763566
 -2.8588483   0.15799749]","[-9.7361460e-02 -3.4548550e+01 -6.0547006e-01  1.7720467e+01
  2.3153286e-01 -1.3452940e+00  1.1172129e-03  0.0000000e+00]",[0. 0. 0. 0. 0. 0.],"[ 0.3122092   0.8071558  -0.05707367  2.7258244   0.2231386   2.0786436
 -2.8590794   0.15799749]","[ 0.00051361  0.00287621  0.00277349  0.0034583  -0.00078753 -0.00972434
  0.0043828   0.        ]",15.7,471,0,471,0
472,"[ 0.31213036  0.8079957  -0.05630422  2.7274802   0.2230958   2.0740628
 -2.8597221   0.15799749]","[ 5.6683410e-02 -3.3988068e+01 -5.2029401e-01  1.7673237e+01
  2.6746541e-01 -1.0929680e+00  9.0725149e-04  0.0000000e+00]",[0. 0. 0. 0. 0. 0.],"[ 0.3122092   0.8072229  -0.05697396  2.725928    0.2231386   2.0783293
 -2.858995    0.15799749]","[ 1.02721926e-04  3.04741715e-03  3.90343321e-03  4.41704271e-03
 -6.84812840e-05 -1.29772034e-02  4.10887692e-03  0.00000000e+00]",15.733334,472,0,472,0
473,"[ 0.3120028   0.8079314  -0.05625951  2.7275336   0.22346628  2.0735822
 -2.857714    0.        ]","[ 2.6087958e-01 -3.4405735e+01 -4.9987999e-01  1.7559040e+01
  2.6306307e-01 -1.0260100e+00  1.0324207e-03  0.0000000e+00]",[0. 0. 0. 0. 0. 0.],"[ 0.3122092   0.80737436 -0.05687042  2.7262232   0.22311942  2.0775201
 -2.8587265   0.        ]","[-1.1895246e-16  3.2528611e-03  2.6365295e-03  6.0605938e-03
 -3.4240642e-04 -1.6572472e-02  5.4785027e-03  0.0000000e+00]",15.766666,473,0,473,0
474,"[ 0.31212494  0.8080533  -0.05617008  2.7278428   0.22327493  2.072795
 -2.8582485   0.        ]","[ 2.6087958e-01 -3.4405735e+01 -4.9987999e-01  1.7730940e+01
  2.6306307e-01 -1.0820100e+00  1.0324207e-03  0.0000000e+00]",[0. 0. 0. 0. 0. 0.],"[ 0.3122111   0.8074242  -0.05685508  2.726319    0.22307341  2.0772574
 -2.8587227   0.        ]","[ 3.4240642e-05  3.1501390e-03  1.6093102e-03  6.2660375e-03
 -1.1641819e-03 -1.6572472e-02  4.0403958e-03  0.0000000e+00]",15.8,474,0,474,0
475,"[ 0.31196564  0.80820674 -0.05584654  2.7279265   0.22355846  2.0722435
 -2.8582447   0.        ]","[ 8.7540649e-02 -3.4502308e+01 -5.3104997e-01  1.7777212e+01
  2.6225215e-01 -4.3251726e-01  6.9833559e-04  0.0000000e+00]",[0. 0. 0. 0. 0. 0.],"[ 0.31222454  0.80767155 -0.05669593  2.7267947   0.22299479  2.0758672
 -2.8588398   0.        ]","[ 0.00020544  0.0042116   0.00280773  0.00804655 -0.00119842 -0.02376301
 -0.00208868  0.        ]",15.833333,475,0,475,0
476,"[ 0.31211603  0.8082662  -0.05584879  2.7280757   0.22329518  2.0716784
 -2.8579597   0.        ]","[ 8.7540649e-02 -3.4502308e+01 -5.3104997e-01  1.7777212e+01
  2.6225215e-01 -6.4251727e-01  6.9833559e-04  0.0000000e+00]",[0. 0. 0. 0. 0. 0.],"[ 0.31222454  0.80772525 -0.05660964  2.7269711   0.22299479  2.0753284
 -2.8587804   0.        ]","[ 6.84812840e-05  4.00615530e-03  4.07463638e-03  8.93680751e-03
 -1.02721926e-04 -2.72555519e-02 -1.02721923e-03  0.00000000e+00]",15.866667,476,0,476,0
477,"[ 0.31214842  0.8083766  -0.05575755  2.7282298   0.22324082  2.0709317
 -2.8575776   0.        ]","[-6.1377829e-01 -3.3954559e+01 -7.5746506e-01  2.6064821e+01
  1.6801485e-01 -3.8553710e+00  1.6611282e-03  0.0000000e+00]",[0. 0. 0. 0. 0. 0.],"[ 0.31222454  0.80778855 -0.05645625  2.7272856   0.22303313  2.0743906
 -2.858437    0.        ]","[-1.1895246e-16  1.8832353e-03  3.9719148e-03  8.2177538e-03
  6.8481284e-04 -2.4002690e-02  7.1905348e-03  0.0000000e+00]",15.9,477,0,477,0
478,"[ 0.31226063  0.80837095 -0.0558661   2.728313    0.22310843  2.070677
 -2.8571787   0.        ]","[ 2.1114846e-01 -3.4894947e+01 -5.6246173e-01  2.5984333e+01
  2.2777843e-01 -4.2106609e+00  1.3476561e-03  0.0000000e+00]",[0. 0. 0. 0. 0. 0.],"[ 0.31222454  0.8078748  -0.05632394  2.7274754   0.2231175   2.0737503
 -2.8583508   0.        ]","[-1.1895246e-16  2.2256419e-03  4.1088769e-03  7.1905348e-03
  2.1914011e-03 -2.2222176e-02  5.3757811e-03  0.0000000e+00]",15.933333,478,0,478,0
479,"[ 0.31237233  0.8084198  -0.05585225  2.72838     0.22300571  2.0703676
 -2.8569448   0.        ]","[ 5.0539452e-01 -3.4511070e+01 -4.3178225e-01  1.7320585e+01
  2.8383589e-01 -1.3148236e+00  9.9968887e-04  0.0000000e+00]",[0. 0. 0. 0. 0. 0.],"[ 0.31222454  0.80801094 -0.05613411  2.7276766   0.22321337  2.0730445
 -2.8582435   0.        ]","[-1.1895246e-16  3.6295082e-03  5.2045775e-03  5.9921127e-03
  3.0131766e-03 -2.0544386e-02  2.9104545e-03  0.0000000e+00]",15.966666,479,0,479,0
480,"[ 0.3125953   0.8083286  -0.05595464  2.7284503   0.22279084  2.0702102
 -2.8565042   0.        ]","[ 5.0539452e-01 -3.4511070e+01 -4.3178225e-01  1.7234634e+01
  2.8383589e-01 -1.4408237e+00  9.9968887e-04  0.0000000e+00]",[0. 0. 0. 0. 0. 0.],"[ 0.31222454  0.80806845 -0.05605358  2.7277706   0.22323063  2.0726957
 -2.8581898   0.        ]","[-1.1895246e-16  3.7322300e-03  5.2045775e-03  5.6839469e-03
  2.2941229e-03 -2.0749830e-02  3.0474172e-03  0.0000000e+00]",16.0,480,0,480,0
481,"[ 0.31279036  0.8083538  -0.05595076  2.7286634   0.22261716  2.0696454
 -2.8563728   0.        ]","[ -0.05688871 -34.452557    -0.6006844   25.719936     0.22438332
  -5.0117416    3.9530993    0.        ]",[0. 0. 0. 0. 0. 0.],"[ 0.31222454  0.8082027  -0.05590785  2.7280047   0.22323638  2.0719516
 -2.85795     0.        ]","[-1.1895246e-16  3.1843798e-03  3.6979895e-03  5.4785027e-03
  3.4240642e-04 -1.7599691e-02  5.0333743e-03  0.0000000e+00]",16.033333,481,0,481,0
482,"[ 0.31281438  0.8083753  -0.05587448  2.7287328   0.22264974  2.0693913
 -2.8562367   0.        ]","[  0.25951442 -34.59749     -0.5113903   17.015131     0.2557358
  -1.516845     0.4044413    0.        ]",[0. 0. 0. 0. 0. 0.],"[ 0.31222454  0.8082641  -0.05586183  2.7281427   0.22323638  2.071363
 -2.857578    0.        ]","[-1.1895246e-16  1.7462728e-03  1.4723476e-03  3.6979895e-03
 -5.7493690e-16 -1.4346830e-02  8.6286422e-03  0.0000000e+00]",16.066668,482,0,482,0
483,"[ 0.31279895  0.80835015 -0.0557113   2.7288332   0.22284801  2.0688076
 -2.8555312   0.        ]","[  0.41114384 -34.48474     -0.45571736  16.916206     0.27677423
  -1.1316016    0.38095614   0.        ]",[0. 0. 0. 0. 0. 0.],"[ 0.31222454  0.8082871  -0.05585799  2.728271    0.22321147  2.0708587
 -2.857206    0.        ]","[-1.18952463e-16  1.06145989e-03  4.45128360e-04  3.80071136e-03
 -4.45128360e-04 -1.56137329e-02  1.10254865e-02  0.00000000e+00]",16.1,483,0,483,0
484,"[ 0.31283775  0.80829626 -0.05552638  2.7288265   0.22289643  2.0686038
 -2.8550682   0.        ]","[ -0.7923898  -34.020813    -0.7654139   17.035805     0.18369214
  -0.9232582    0.12228213   0.        ]",[0. 0. 0. 0. 0. 0.],"[ 0.3122629   0.8082967  -0.05585799  2.72839     0.22308682  2.0704293
 -2.856903    0.        ]","[ 6.8481284e-04  5.8209093e-04  6.8481284e-05  4.4170427e-03
 -2.6707700e-03 -1.6675193e-02  1.2052706e-02  0.0000000e+00]",16.133333,484,0,484,0
485,"[ 0.31306338  0.8080608  -0.05579795  2.728672    0.22239546  2.069234
 -2.8546767   0.        ]","[ -0.77610266 -34.2442      -0.7951772   25.879694     0.16109046
  -3.9214008    3.3932161    0.        ]",[0. 0. 0. 0. 0. 0.],"[ 0.31243545  0.8083101  -0.05585416  2.7285817   0.22297561  2.0697064
 -2.856416    0.        ]","[ 3.7664706e-03  3.4240642e-04  6.8481284e-05  4.5540053e-03
 -3.2528611e-03 -1.6572472e-02  1.1539097e-02  0.0000000e+00]",16.166666,485,0,485,0
486,"[ 0.31305337  0.80787355 -0.05579004  2.7285466   0.22235267  2.06963
 -2.8544118   0.        ]","[  0.61137974 -34.795177    -0.40704     16.954222     0.29390857
  -0.4918795   -0.40726656   0.        ]",[0. 0. 0. 0. 0. 0.],"[ 0.312539    0.8083139  -0.05583498  2.7286527   0.2229315   2.0694072
 -2.8561687   0.        ]","[ 0.00424584  0.00023968  0.00041089  0.00376647 -0.00198596 -0.01448379
  0.0107858   0.        ]",16.2,486,0,486,0
487,"[ 0.3131288   0.8077593  -0.05569557  2.728554    0.22234139  2.0695963
 -2.8541589   0.        ]","[-1.9132160e-02 -3.4477913e+01 -5.9892130e-01  2.5493263e+01
  2.2022608e-01 -1.3323203e+00 -5.4891837e-01  0.0000000e+00]",[0. 0. 0. 0. 0. 0.],"[ 0.31267896  0.8083158  -0.0557928   2.7287178   0.22284523  2.0692155
 -2.855743    0.        ]","[ 3.7322300e-03  6.8481284e-05  9.9297869e-04  1.9517166e-03
 -2.0544385e-03 -6.6769253e-03  1.0614599e-02  0.0000000e+00]",16.233334,487,0,487,0
488,"[ 0.31307817  0.8077103  -0.05562143  2.7285683   0.22240399  2.0695539
 -2.8537908   0.        ]","[ -0.9100421  -34.010265    -0.79596496  25.448946     0.1750199
  -1.3441799    2.8542542    0.        ]",[0. 0. 0. 0. 0. 0.],"[ 0.31274033  0.8083158  -0.05578129  2.7287333   0.22276661  2.0691962
 -2.8555071   0.        ]","[ 3.5952674e-03  3.4240642e-05  9.5873798e-04  1.4381070e-03
 -2.9446953e-03 -3.7664706e-03  1.1813021e-02  0.0000000e+00]",16.266666,488,0,488,0
489,"[ 0.31309018  0.8075206  -0.05544244  2.728647    0.22242308  2.0695624
 -2.853139    0.        ]","[ -0.14189135 -36.983727    -0.6134895   13.689921     0.22577083
  -1.3527683   -0.5837931    0.        ]",[0. 0. 0. 0. 0. 0.],"[ 0.31288606  0.8083158  -0.05575445  2.728737    0.22257869  2.0692174
 -2.8548455   0.        ]","[ 2.3626043e-03 -2.0618427e-16  4.4512836e-04  3.4240642e-05
 -3.0474172e-03  3.7664708e-04  1.0922765e-02  0.0000000e+00]",16.3,489,0,489,0
490,"[ 0.31306824  0.80747414 -0.05508351  2.7287996   0.22286333  2.0691774
 -2.8530524   0.        ]","[  0.4602457  -39.14624     -0.46428192  14.183987     0.2814869
  -1.3495059   -0.42636272   0.        ]",[0. 0. 0. 0. 0. 0.],"[ 0.3129225   0.8083063  -0.05574103  2.728737    0.2225346   2.0692768
 -2.854583    0.        ]","[ 0.00171203 -0.0001712   0.00044513  0.         -0.0021914   0.00143811
  0.01034067  0.        ]",16.333334,490,0,490,0
491,"[ 0.31369263  0.806403   -0.05477491  2.7284832   0.22226506  2.0709105
 -2.851192    0.        ]","[  1.1630611  -42.88652     -0.2852454   15.095825     0.36175793
  -1.3701526   -0.19240706   0.        ]",[0. 0. 0. 0. 0. 0.],"[ 0.3130011   0.80811065 -0.05559146  2.728737    0.22249624  2.0694149
 -2.8537872   0.        ]","[ 0.00112994 -0.00315014  0.00249957  0.         -0.00044513  0.00178051
  0.0118815   0.        ]",16.366667,491,0,491,0
492,"[ 0.313698    0.80625695 -0.0547022   2.7284229   0.22231905  2.0710547
 -2.8511472   0.        ]","[  1.1630611  -44.20977     -0.2852454   15.095825     0.36175793
  -1.3701526   -0.15040706   0.        ]",[0. 0. 0. 0. 0. 0.],"[ 0.31310466  0.8078595  -0.05529042  2.728737    0.22250775  2.0693996
 -2.853097    0.        ]","[ 0.00215716 -0.00544426  0.00643724  0.          0.00020544 -0.00027393
  0.01551101  0.        ]",16.4,492,0,492,0
493,"[ 0.31364092  0.80602354 -0.05450748  2.7283611   0.22249909  2.0714486
 -2.8513806   0.        ]","[  1.1630611  -43.84127     -0.2852454   15.095825     0.36175793
  -1.3701526    0.08759294   0.        ]",[0. 0. 0. 0. 0. 0.],"[ 0.31314492  0.80772907 -0.05519263  2.728737    0.22254801  2.0693727
 -2.8529205   0.        ]","[ 0.00212292 -0.00588939  0.00585515  0.          0.0009245  -0.00075329
  0.01225815  0.        ]",16.433332,493,0,493,0
